movie_name,n_total,n_pos,n_neu,n_neg,pos_rate,avg_rating
10,1,0,0,0,0.0,0.5
10 cloverfield lane,1,1,0,0,1.0,0.8
10 items or less,1,0,0,0,0.0,0.5
10 things i hate about you,13,12,1,0,0.9230769230769231,0.9384615384615385
10 years,1,0,0,0,0.0,0.5
100 bloody acres,1,0,0,0,0.0,0.5
100 streets,1,0,0,0,0.0,0.5
1000 times good night,1,0,0,0,0.0,0.5
10000 km,1,0,0,0,0.0,0.5
101 dalmatians,2,0,0,0,0.0,0.5
102 dalmatians,1,0,0,0,0.0,0.5
10th  wolf,1,0,0,0,0.0,0.5
11 flowers,1,0,0,0,0.0,0.5
11 minutes,1,0,0,0,0.0,0.5
1182016,1,0,0,0,0.0,0.5
12 angry men,5,5,0,0,1.0,0.9400000000000001
12 hour shift,1,0,0,0,0.0,0.5
12 mighty orphans,1,0,0,0,0.0,0.5
12 oclock boys,1,0,0,0,0.0,0.5
12 rounds,1,0,0,0,0.0,0.5
12 strong,1,0,0,0,0.0,0.5
12 years a slave,1,0,0,0,0.0,0.5
12122012,1,0,0,0,0.0,0.5
127 hours,1,0,0,0,0.0,0.5
13,1,0,0,0,0.0,0.5
13 assassins,1,0,0,0,0.0,0.5
13 going on 30,5,5,0,0,1.0,0.9
13 hours the secret soldiers of benghazi,1,0,0,0,0.0,0.5
13 minutes,1,0,0,0,0.0,0.5
13 sins,1,0,0,0,0.0,0.5
13 tzameti,1,0,0,0,0.0,0.5
13th,1,0,0,0,0.0,0.5
14 blades,1,0,0,0,0.0,0.5
1408,1,0,0,0,0.0,0.5
1492 conquest of paradise,1,0,0,0,0.0,0.5
15 minutes,1,0,0,0,0.0,0.5
16 blocks,1,0,0,0,0.0,0.5
17 again,1,0,0,0,0.0,0.5
17 girls,1,0,0,0,0.0,0.5
18½,1,0,0,0,0.0,0.5
1900,1,0,0,0,0.0,0.5
191 6,3,2,1,0,0.6666666666666666,0.7666666666666667
1911,1,0,0,0,0.0,0.5
1917,1,0,0,0,0.0,0.5
1941,1,0,0,0,0.0,0.5
1945,1,0,0,0,0.0,0.5
1971,1,0,0,0,0.0,0.5
1982,1,0,0,0,0.0,0.5
1984,1,0,0,0,0.0,0.5
1985,1,0,0,0,0.0,0.5
1br,1,0,0,0,0.0,0.5
1st night,1,0,0,0,0.0,0.5
2 autumns 3 winters,1,0,0,0,0.0,0.5
2 days in new york,1,0,0,0,0.0,0.5
2 days in paris,1,0,0,0,0.0,0.5
2 fast 2 furious,1,0,0,0,0.0,0.5
2 guns,1,0,0,0,0.0,0.5
2 jacks,1,0,0,0,0.0,0.5
2 or 3 things i know about him,1,0,0,0,0.0,0.5
20 centimeters,1,0,0,0,0.0,0.5
20 days in mariupol,1,0,0,0,0.0,0.5
20 feet from stardom,1,0,0,0,0.0,0.5
200 cigarettes,1,0,0,0,0.0,0.5
20000 days on earth,1,0,0,0,0.0,0.5
2001 a space odyssey,3,3,0,0,1.0,1.0
2010,1,0,0,0,0.0,0.5
2012,1,0,0,0,0.0,0.5
2016 obamas america,1,0,0,0,0.0,0.5
2046,1,0,0,0,0.0,0.5
2067,1,0,0,0,0.0,0.5
20th century women,2,2,0,0,1.0,0.95
21,1,0,0,0,0.0,0.5
21 and over,1,0,0,0,0.0,0.5
21 grams,1,0,0,0,0.0,0.5
21 jump street,1,0,0,0,0.0,0.5
21 years richard linklater,1,0,0,0,0.0,0.5
211,1,0,0,0,0.0,0.5
22 jump street,1,0,0,0,0.0,0.5
22jul,1,0,0,0,0.0,0.5
23 blast,1,0,0,0,0.0,0.5
24 city,1,0,0,0,0.0,0.5
24 days,1,0,0,0,0.0,0.5
24 exposures,1,0,0,0,0.0,0.5
24 hour party people,1,0,0,0,0.0,0.5
24 hours on craigslist,1,0,0,0,0.0,0.5
25th hour,1,0,0,0,0.0,0.5
28 days,1,0,0,0,0.0,0.5
28 days later,2,1,0,0,0.5,0.8
28 hotel rooms,1,0,0,0,0.0,0.5
28 weeks later,1,0,0,0,0.0,0.5
2nd chance,1,0,0,0,0.0,0.5
3,1,0,0,0,0.0,0.5
3 12 minutes 10 bullets,1,0,0,0,0.0,0.5
3 2 1 frankie go boom,1,0,0,0,0.0,0.5
3 backyards,1,0,0,0,0.0,0.5
3 days to kill,1,0,0,0,0.0,0.5
3 faces,1,0,0,0,0.0,0.5
3 generations,1,0,0,0,0.0,0.5
3 hearts,1,0,0,0,0.0,0.5
3 men and a baby,1,0,0,0,0.0,0.5
3 men and a little lady,1,0,0,0,0.0,0.5
3 ninjas,1,0,0,0,0.0,0.5
3 ninjas high noon at mega mountain,1,0,0,0,0.0,0.5
3 strikes,1,0,0,0,0.0,0.5
30 beats,1,0,0,0,0.0,0.5
30 days of night,1,0,0,0,0.0,0.5
30 minutes or less,1,0,0,0,0.0,0.5
300,1,0,0,0,0.0,0.5
300 rise of an empire,1,0,0,0,0.0,0.5
3000 miles to graceland,1,0,0,0,0.0,0.5
31,1,0,0,0,0.0,0.5
33 postcards,1,0,0,0,0.0,0.5
35 shots of rum,1,0,0,0,0.0,0.5
360,1,0,0,0,0.0,0.5
365 days,2,0,0,2,0.0,0.1
39 pounds of love,1,0,0,0,0.0,0.5
3iron,1,0,0,0,0.0,0.5
4,1,0,0,0,0.0,0.5
4 days in france,1,0,0,0,0.0,0.5
4 little girls,1,0,0,0,0.0,0.5
4 months 3 weeks and 2 days,1,0,0,0,0.0,0.5
40 days and 40 nights,1,0,0,0,0.0,0.5
40 years in the making the magic music movie,1,0,0,0,0.0,0.5
42,1,0,0,0,0.0,0.5
42 forty two up,1,0,0,0,0.0,0.5
44 inch chest,1,0,0,0,0.0,0.5
444 last day on earth,1,0,0,0,0.0,0.5
45 years,1,0,0,0,0.0,0.5
45365,1,0,0,0,0.0,0.5
47 meters down,1,0,0,0,0.0,0.5
47 meters down uncaged,1,0,0,0,0.0,0.5
47 ronin,1,0,0,0,0.0,0.5
48 hrs,1,0,0,0,0.0,0.5
49 up,1,0,0,0,0.0,0.5
4th man out,1,0,0,0,0.0,0.5
5 broken cameras,1,0,0,0,0.0,0.5
5 days of war,1,0,0,0,0.0,0.5
5 star day,1,0,0,0,0.0,0.5
5 to 7,1,0,0,0,0.0,0.5
50 first dates,1,0,0,0,0.0,0.5
500 days of summer,8,4,3,1,0.5,0.7
5050,1,0,0,0,0.0,0.5
52 pickup,1,0,0,0,0.0,0.5
52 tuesdays,1,0,0,0,0.0,0.5
54,1,0,0,0,0.0,0.5
56 up,1,0,0,0,0.0,0.5
5x2,1,0,0,0,0.0,0.5
6 balloons,1,0,0,0,0.0,0.5
6 days,1,0,0,0,0.0,0.5
6 month rule,1,0,0,0,0.0,0.5
6 souls,1,0,0,0,0.0,0.5
6 underground,1,0,0,0,0.0,0.5
65,1,0,0,0,0.0,0.5
69 the saga of danny hernandez,1,0,0,0,0.0,0.5
7 boxes,1,0,0,0,0.0,0.5
7 chinese brothers,1,0,0,0,0.0,0.5
7 days,1,0,0,0,0.0,0.5
7 days in entebbe,1,0,0,0,0.0,0.5
7 days in september,1,0,0,0,0.0,0.5
7 minutes,1,0,0,0,0.0,0.5
7 prisoners,1,0,0,0,0.0,0.5
71 fragments of a chronology of chance,1,0,0,0,0.0,0.5
7500,1,0,0,0,0.0,0.5
76 days,1,0,0,0,0.0,0.5
7852 hitchcocks shower scene,1,0,0,0,0.0,0.5
8 million ways to die,1,0,0,0,0.0,0.5
8 the mormon proposition,1,0,0,0,0.0,0.5
8 ½ women,1,0,0,0,0.0,0.5
80 for brady,1,0,0,0,0.0,0.5
800 bullets,1,0,0,0,0.0,0.5
88 minutes,1,0,0,0,0.0,0.5
8½,1,0,0,0,0.0,0.5
8â½,1,0,0,1,0.0,0.1
9,1,0,0,0,0.0,0.5
9 dead gay guys,1,0,0,0,0.0,0.5
9 songs,1,0,0,0,0.0,0.5
9 to 5,1,0,0,0,0.0,0.5
90 minutes in heaven,1,0,0,0,0.0,0.5
95 miles to go,1,0,0,0,0.0,0.5
96 minutes,1,0,0,0,0.0,0.5
99 homes,1,0,0,0,0.0,0.5
99 the occupy wall street collaborative film,1,0,0,0,0.0,0.5
a bad moms christmas,1,0,0,0,0.0,0.5
a bag of hammers,1,0,0,0,0.0,0.5
a bag of marbles,1,0,0,0,0.0,0.5
a band called death,1,0,0,0,0.0,0.5
a banquet,1,0,0,0,0.0,0.5
a beautiful day in the neighborhood,1,0,0,0,0.0,0.5
a beautiful life,1,0,0,0,0.0,0.5
a beautiful mind,1,0,0,0,0.0,0.5
a better life,1,0,0,0,0.0,0.5
a better tomorrow,1,0,0,0,0.0,0.5
a bigger splash,1,0,0,0,0.0,0.5
a birders guide to everything,1,0,0,0,0.0,0.5
a borrowed identity,1,0,0,0,0.0,0.5
a bottle in the gaza sea une bouteille à la mer,1,0,0,0,0.0,0.5
a boy and his dog,1,0,0,0,0.0,0.5
a boy called christmas,1,0,0,0,0.0,0.5
a brave heart the lizzie velasquez story,1,0,0,0,0.0,0.5
a bread factory part one for the sake of gold,1,0,0,0,0.0,0.5
a bread factory part two walk with me a while,1,0,0,0,0.0,0.5
a bridge too far,1,0,0,0,0.0,0.5
a brief history of time,1,0,0,0,0.0,0.5
a bronx tale,1,0,0,0,0.0,0.5
a bugs life,1,0,0,0,0.0,0.5
a case of you,1,0,0,0,0.0,0.5
a chiara,1,0,0,0,0.0,0.5
a chorus line,1,0,0,0,0.0,0.5
a christmas carol,1,0,0,0,0.0,0.5
a christmas story christmas,1,0,0,0,0.0,0.5
a christmas tale,1,0,0,0,0.0,0.5
a ciambra,1,0,0,0,0.0,0.5
a cinderella story,1,0,0,0,0.0,0.5
a civil action,1,0,0,0,0.0,0.5
a clockwork orange,3,2,0,0,0.6666666666666666,0.95
a coffee in berlin,1,0,0,0,0.0,0.5
a compassionate spy,1,0,0,0,0.0,0.5
a cop movie,1,0,0,0,0.0,0.5
a couple,1,0,0,0,0.0,0.5
a crooked somebody,1,0,0,0,0.0,0.5
a cure for wellness,1,0,0,0,0.0,0.5
a dangerous method,1,0,0,0,0.0,0.5
a day without a mexican,1,0,0,0,0.0,0.5
a decent factory,1,0,0,0,0.0,0.5
a dogs journey,1,0,0,0,0.0,0.5
a dogs purpose,1,0,0,0,0.0,0.5
a dogs way home,1,0,0,0,0.0,0.5
a dogâs will,1,1,0,0,1.0,0.9
a dry white season,1,0,0,0,0.0,0.5
a face in the crowd,1,0,0,0,0.0,0.5
a faithful man,1,0,0,0,0.0,0.5
a fall from grace,1,0,0,0,0.0,0.5
a family affair,2,0,0,0,0.0,0.5
a family man,1,0,0,0,0.0,0.5
a family thing,1,0,0,0,0.0,0.5
a fantastic woman,1,0,0,0,0.0,0.5
a few good men,1,1,0,0,1.0,0.8
a film unfinished,1,0,0,0,0.0,0.5
a fine mess,1,0,0,0,0.0,0.5
a fish called wanda,1,0,0,0,0.0,0.5
a fistful of dollars,1,0,0,0,0.0,0.5
a five star life,1,0,0,0,0.0,0.5
a foreign affair,1,0,0,0,0.0,0.5
a fragile trust,1,0,0,0,0.0,0.5
a futile and stupid gesture,1,0,0,0,0.0,0.5
a gay girl in damascus the amina profile,1,0,0,0,0.0,0.5
a gentle creature,1,0,0,0,0.0,0.5
a ghost story,3,3,0,0,1.0,0.9333333333333333
a girl like her,1,0,0,0,0.0,0.5
a girl walks home alone at night,1,0,0,0,0.0,0.5
a glimpse inside the mind of charles swan iii,1,0,0,0,0.0,0.5
a glitch in the matrix,1,0,0,0,0.0,0.5
a good man in africa,1,0,0,0,0.0,0.5
a good old fashioned orgy,1,0,0,0,0.0,0.5
a good woman,1,0,0,0,0.0,0.5
a good woman is hard to find,1,0,0,0,0.0,0.5
a goofy movie,1,1,0,0,1.0,1.0
a gray state,1,0,0,0,0.0,0.5
a guide to recognizing your saints,1,0,0,0,0.0,0.5
a happening of monumental proportions,1,0,0,0,0.0,0.5
a hard day,1,0,0,0,0.0,0.5
a haunted house,1,0,0,0,0.0,0.5
a haunted house 2,1,0,0,0,0.0,0.5
a hero,1,0,0,0,0.0,0.5
a hidden life,1,0,0,0,0.0,0.5
a history of violence,1,0,0,0,0.0,0.5
a hole in my heart,1,0,0,0,0.0,0.5
a hole in one,1,0,0,0,0.0,0.5
a hologram for the king,1,0,0,0,0.0,0.5
a home at the end of the world,1,0,0,0,0.0,0.5
a house on a hill,1,0,0,0,0.0,0.5
a housekeeper,1,0,0,0,0.0,0.5
a jihad for love,1,0,0,0,0.0,0.5
a journal for jordan,1,0,0,0,0.0,0.5
a kid in king arthurs court,1,0,0,0,0.0,0.5
a kid like jake,1,0,0,0,0.0,0.5
a kind of murder,1,0,0,0,0.0,0.5
a kiss before dying,1,0,0,0,0.0,0.5
a land imagined,1,0,0,0,0.0,0.5
a late quartet,1,0,0,0,0.0,0.5
a league of ordinary gentlemen,1,0,0,0,0.0,0.5
a league of their own,1,0,0,0,0.0,0.5
a lego brickumentary,1,0,0,0,0.0,0.5
a letter to momo,1,0,0,0,0.0,0.5
a letter to true,1,0,0,0,0.0,0.5
a liars autobiography  the untrue story of monty pythons graham chapman,1,0,0,0,0.0,0.5
a little bit of heaven,1,0,0,0,0.0,0.5
a little chaos,1,0,0,0,0.0,0.5
a little help,1,0,0,0,0.0,0.5
a little princess,1,0,0,0,0.0,0.5
a little white lie,1,0,0,0,0.0,0.5
a lot like love,1,0,0,0,0.0,0.5
a lot of nothing,1,0,0,0,0.0,0.5
a love affair of sorts,1,0,0,0,0.0,0.5
a love divided,1,0,0,0,0.0,0.5
a love song,1,0,0,0,0.0,0.5
a love song for bobby long,1,0,0,0,0.0,0.5
a man apart,1,0,0,0,0.0,0.5
a man called ove,1,0,0,0,0.0,0.5
a man for all seasons,1,0,0,0,0.0,0.5
a man of integrity,1,0,0,0,0.0,0.5
a man of no importance,1,0,0,0,0.0,0.5
a mans gotta do,1,0,0,0,0.0,0.5
a mans story,1,0,0,0,0.0,0.5
a map of the world,1,0,0,0,0.0,0.5
a master builder,1,0,0,0,0.0,0.5
a matter of taste,1,0,0,0,0.0,0.5
a merry friggin christmas,1,0,0,0,0.0,0.5
a midsummer nights dream,2,0,0,0,0.0,0.5
a midsummer nights sex comedy,1,0,0,0,0.0,0.5
a mighty heart,1,0,0,0,0.0,0.5
a mighty wind,1,0,0,0,0.0,0.5
a million little pieces,1,0,0,0,0.0,0.5
a moment of innocence,1,0,0,0,0.0,0.5
a monster with a thousand heads,1,0,0,0,0.0,0.5
a most violent year,1,0,0,0,0.0,0.5
a most wanted man,1,0,0,0,0.0,0.5
a mouthful of air,1,0,0,0,0.0,0.5
a murder in the park,1,0,0,0,0.0,0.5
a night at the roxbury,1,0,0,0,0.0,0.5
a night in old mexico,1,0,0,0,0.0,0.5
a night of knowing nothing,1,0,0,0,0.0,0.5
a nightmare on elm street,2,2,0,0,1.0,1.0
a nightmare on elm street 3 dream warriors,1,0,0,0,0.0,0.5
a nightmare on elm street 4 the dream master,1,0,0,0,0.0,0.5
a nightmare on elm street 5 the dream child,1,0,0,0,0.0,0.5
a passage to india,1,0,0,0,0.0,0.5
a perfect day,1,0,0,0,0.0,0.5
a perfect getaway,1,0,0,0,0.0,0.5
a perfect murder,1,0,0,0,0.0,0.5
a perfect world,1,0,0,0,0.0,0.5
a piece of eden,1,0,0,0,0.0,0.5
a place in the sun,1,0,0,0,0.0,0.5
a poem is a naked person,1,0,0,0,0.0,0.5
a prairie home companion,1,0,0,0,0.0,0.5
a prayer before dawn,1,0,0,0,0.0,0.5
a private war,1,0,0,0,0.0,0.5
a promise,1,0,0,0,0.0,0.5
a prophet,1,0,0,0,0.0,0.5
a quiet passion,1,0,0,0,0.0,0.5
a quiet place,5,3,2,0,0.6,0.76
a quiet place part ii,10,3,7,0,0.3,0.67
a rainy day in new york,1,0,0,1,0.0,0.3
a real young girl,1,0,0,0,0.0,0.5
a river below,1,0,0,0,0.0,0.5
a river runs through it,1,0,0,0,0.0,0.5
a room with a view,1,0,0,0,0.0,0.5
a royal affair,1,0,0,0,0.0,0.5
a rumor of angels,1,0,0,0,0.0,0.5
a scanner darkly,1,0,0,0,0.0,0.5
a secret,1,0,0,0,0.0,0.5
a selfmade hero,1,0,0,0,0.0,0.5
a separation,1,0,0,0,0.0,0.5
a serbian film,2,0,0,2,0.0,0.2
a serious man,1,0,0,0,0.0,0.5
a shaun the sheep movie farmageddon,1,0,0,0,0.0,0.5
a shock to the system,1,0,0,0,0.0,0.5
a short history of decay,1,0,0,0,0.0,0.5
a shot at glory,1,0,0,0,0.0,0.5
a shot in the dark,1,0,0,0,0.0,0.5
a sidewalk astronomer,1,0,0,0,0.0,0.5
a silent love,1,0,0,0,0.0,0.5
a silent voice,1,0,0,0,0.0,0.5
a simple favor,1,1,0,0,1.0,0.9
a simple life,1,0,0,0,0.0,0.5
a single man,1,0,0,0,0.0,0.5
a single shot,1,0,0,0,0.0,0.5
a sinner in mecca,1,0,0,0,0.0,0.5
a slippingdown life,1,0,0,0,0.0,0.5
a soldiers daughter never cries,1,0,0,0,0.0,0.5
a soldiers story,1,0,0,0,0.0,0.5
a somewhat gentle man,1,0,0,0,0.0,0.5
a song for martin,1,0,0,0,0.0,0.5
a sound of thunder,1,0,0,0,0.0,0.5
a space program,1,0,0,0,0.0,0.5
a star is born,1,0,1,0,0.0,0.6
a state of mind,1,0,0,0,0.0,0.5
a street cat named bob,1,0,0,0,0.0,0.5
a streetcar named desire,1,0,0,0,0.0,0.5
a tale of love and darkness,1,0,0,0,0.0,0.5
a tale of two cities,1,0,0,0,0.0,0.5
a talking picture,1,0,0,0,0.0,0.5
a taxi driver,1,0,0,0,0.0,0.5
a teacher,1,0,0,0,0.0,0.5
a thousand and one,1,0,0,0,0.0,0.5
a thousand cuts,1,0,0,0,0.0,0.5
a thousand peace clouds encircle the sky,1,0,0,0,0.0,0.5
a thousand words,1,0,0,0,0.0,0.5
a thousand years of good prayers,1,0,0,0,0.0,0.5
a time for drunken horses,1,0,0,0,0.0,0.5
a time to kill,1,0,0,0,0.0,0.5
a touch of sin,1,0,0,0,0.0,0.5
a town called panic,1,0,0,0,0.0,0.5
a trip to the moon,3,3,0,0,1.0,0.9333333333333333
a united kingdom,1,0,0,0,0.0,0.5
a very brady sequel,1,0,0,0,0.0,0.5
a very british gangster,1,0,0,0,0.0,0.5
a very harold  kumar christmas,1,0,0,0,0.0,0.5
a very long engagement,1,0,0,0,0.0,0.5
a view to a kill,1,0,0,0,0.0,0.5
a vigilante,1,0,0,0,0.0,0.5
a walk among the tombstones,1,0,0,0,0.0,0.5
a walk in the clouds,1,0,0,0,0.0,0.5
a walk in the woods,1,0,0,0,0.0,0.5
a walk on the moon,1,0,0,0,0.0,0.5
a walk to remember,1,0,0,0,0.0,0.5
a war,1,0,0,0,0.0,0.5
a warriors heart,1,0,0,0,0.0,0.5
a week away,1,0,0,0,0.0,0.5
a whale of a tale,1,0,0,0,0.0,0.5
a white white day,1,0,0,0,0.0,0.5
a wolf at the door,1,0,0,0,0.0,0.5
a woman a gun and a noodle shop,1,0,0,0,0.0,0.5
a woman a part,1,0,0,0,0.0,0.5
a woman in berlin,1,0,0,0,0.0,0.5
a woman is a woman,1,0,0,0,0.0,0.5
a woman under the influence,1,0,0,0,0.0,0.5
a womans life,1,0,0,0,0.0,0.5
a wounded fawn,1,0,0,0,0.0,0.5
a wrinkle in time,1,0,0,0,0.0,0.5
a year without love,1,0,0,0,0.0,0.5
aardvark,1,0,0,0,0.0,0.5
abacus small enough to jail,1,0,0,0,0.0,0.5
abandon,1,0,0,0,0.0,0.5
abandoned,1,0,0,0,0.0,0.5
abattoir,1,0,0,0,0.0,0.5
abc africa,1,0,0,0,0.0,0.5
abcs of death 2,1,0,0,0,0.0,0.5
abduction,1,0,0,0,0.0,0.5
abe,1,0,0,0,0.0,0.5
aberdeen,1,0,0,0,0.0,0.5
abigail harm,1,0,0,0,0.0,0.5
abominable,1,0,0,0,0.0,0.5
abortion stories women tell,1,0,0,0,0.0,0.5
about a boy,1,0,0,0,0.0,0.5
about adam,1,0,0,0,0.0,0.5
about alex,1,0,0,0,0.0,0.5
about cherry,1,0,0,0,0.0,0.5
about endlessness,1,0,0,0,0.0,0.5
about last night,2,0,0,0,0.0,0.5
about schmidt,1,0,0,0,0.0,0.5
about time,5,3,2,0,0.6,0.82
above and beyond,1,0,0,0,0.0,0.5
above suspicion,1,0,0,0,0.0,0.5
above the law,1,0,0,0,0.0,0.5
abraham lincoln vampire hunter,1,0,0,0,0.0,0.5
absence of malice,1,0,0,0,0.0,0.5
absolute beginners,1,0,0,0,0.0,0.5
absolute power,1,0,0,0,0.0,0.5
absolute wilson,1,0,0,0,0.0,0.5
absolutely fabulous the movie,1,0,0,0,0.0,0.5
abundant acreage available,1,0,0,0,0.0,0.5
acasa my home,1,0,0,0,0.0,0.5
accepted,1,0,0,0,0.0,0.5
accidental courtesy daryl davis race  america,1,0,0,0,0.0,0.5
accidental love,1,0,0,0,0.0,0.5
ace ventura pet detective,1,0,0,0,0.0,0.5
ace ventura when nature calls,1,0,0,0,0.0,0.5
acod,1,0,0,0,0.0,0.5
action point,1,0,0,0,0.0,0.5
active measures,1,0,0,0,0.0,0.5
acts of worship,1,0,0,0,0.0,0.5
ad astra,2,2,0,0,1.0,0.9
adam,2,0,0,0,0.0,0.5
adam  steve,1,0,0,0,0.0,0.5
adam resurrected,1,0,0,0,0.0,0.5
adams rib,1,0,0,0,0.0,0.5
adanggaman,1,0,0,0,0.0,0.5
adaptation,2,2,0,0,1.0,0.95
addams family values,1,0,0,0,0.0,0.5
addicted,1,0,0,0,0.0,0.5
addicted to fresno,1,0,0,0,0.0,0.5
addicted to love,1,0,0,0,0.0,0.5
addiction incorporated,1,0,0,0,0.0,0.5
adopt a highway,1,0,0,0,0.0,0.5
adoration,1,0,0,0,0.0,0.5
adore,1,0,0,0,0.0,0.5
adored,1,0,0,0,0.0,0.5
adrift,1,0,0,0,0.0,0.5
adult life skills,1,0,0,0,0.0,0.5
adult world,1,0,0,0,0.0,0.5
advanced style,1,0,0,0,0.0,0.5
advantageous,1,0,0,0,0.0,0.5
adventureland,1,0,0,0,0.0,0.5
adventures in babysitting,1,0,0,0,0.0,0.5
adventures of power,1,0,0,0,0.0,0.5
adventures of the penguin king,1,0,0,0,0.0,0.5
ae fond kiss,1,0,0,0,0.0,0.5
aferim,1,0,0,0,0.0,0.5
affluenza,1,0,0,0,0.0,0.5
afghan star,1,0,0,0,0.0,0.5
afire,1,0,0,0,0.0,0.5
african cats,1,0,0,0,0.0,0.5
after,2,0,0,2,0.0,0.2
after blue dirty paradise,1,0,0,0,0.0,0.5
after dark my sweet,1,0,0,0,0.0,0.5
after earth,1,0,0,0,0.0,0.5
after everything,1,0,0,0,0.0,0.5
after hours,4,3,0,0,0.75,0.8666666666666666
after innocence,1,0,0,0,0.0,0.5
after love,2,0,0,0,0.0,0.5
after midnight,1,0,0,0,0.0,0.5
after the cup sons of sakhnin united,1,0,0,0,0.0,0.5
after the fall,1,0,0,0,0.0,0.5
after the life,1,0,0,0,0.0,0.5
after the storm,1,0,0,0,0.0,0.5
after the sunset,1,0,0,0,0.0,0.5
after the wedding,2,0,0,0,0.0,0.5
after tiller,1,0,0,0,0.0,0.5
after we collided,1,0,0,1,0.0,0.1
after words,1,0,0,0,0.0,0.5
after yang,3,3,0,0,1.0,0.8333333333333334
afterglow,1,0,0,0,0.0,0.5
afterimage,1,0,0,0,0.0,0.5
aftermath,2,0,0,0,0.0,0.5
afternoon of a faun tanaquil le clercq,1,0,0,0,0.0,0.5
aftershock,2,0,0,0,0.0,0.5
aftersun,17,16,0,0,0.9411764705882353,0.975
against all odds,1,0,0,0,0.0,0.5
against the ice,1,0,0,0,0.0,0.5
age of uprising the legend of michael kohlhaas,1,0,0,0,0.0,0.5
agent cody banks,1,0,0,0,0.0,0.5
agent cody banks 2 destination london,1,0,0,0,0.0,0.5
agnes,1,0,0,0,0.0,0.5
agnes and his brothers,1,0,0,0,0.0,0.5
agnes browne,1,0,0,0,0.0,0.5
agnes of god,1,0,0,0,0.0,0.5
aha the movie,1,0,0,0,0.0,0.5
ahead of time,1,0,0,0,0.0,0.5
aheds knee,1,0,0,0,0.0,0.5
ai weiwei never sorry,1,0,0,0,0.0,0.5
ai weiwei the fake case,1,0,0,0,0.0,0.5
aileen life and death of a serial killer,1,0,0,0,0.0,0.5
aimee  jaguar,1,0,0,0,0.0,0.5
aint in it for my health a film about levon helm,1,0,0,0,0.0,0.5
aint them bodies saints,1,0,0,0,0.0,0.5
air america,1,0,0,0,0.0,0.5
air doll,1,0,0,0,0.0,0.5
air guitar nation,1,0,0,0,0.0,0.5
airborne,1,0,0,0,0.0,0.5
airheads,1,0,0,0,0.0,0.5
airplane,1,0,1,0,0.0,0.7
airplane ii the sequel,1,0,0,0,0.0,0.5
airport 77,1,0,0,0,0.0,0.5
ajami,1,0,0,0,0.0,0.5
aka,1,0,0,0,0.0,0.5
aka tommy chong,1,0,0,0,0.0,0.5
akeelah and the bee,1,0,0,0,0.0,0.5
akillas escape,1,0,0,0,0.0,0.5
akira,1,0,0,0,0.0,0.5
aladdin,2,0,0,0,0.0,0.5
albatross,1,0,0,0,0.0,0.5
albert nobbs,1,0,0,0,0.0,0.5
albino alligator,1,0,0,0,0.0,0.5
alcarràs,1,0,0,0,0.0,0.5
alex  emma,1,0,0,0,0.0,0.5
alex cross,1,0,0,0,0.0,0.5
alex of venice,1,0,0,0,0.0,0.5
alex rider operation stormbreaker,1,0,0,0,0.0,0.5
alex strangelove,1,0,0,0,0.0,0.5
alexander,1,0,0,0,0.0,0.5
alexander and the terrible horrible no good very bad day,1,0,0,0,0.0,0.5
alexandra,1,0,0,0,0.0,0.5
alfie,2,0,0,0,0.0,0.5
ali,1,0,0,0,0.0,0.5
ali  ava,1,0,0,0,0.0,0.5
ali g indahouse,1,0,0,0,0.0,0.5
alias betty,1,0,0,0,0.0,0.5
alice,2,0,0,0,0.0,0.5
alice darling,1,0,0,0,0.0,0.5
alice doesnt live here anymore,1,0,0,0,0.0,0.5
alice et martin,1,0,0,0,0.0,0.5
alice in the cities,1,0,0,0,0.0,0.5
alice in wonderland,2,0,0,0,0.0,0.5
alice neel,1,0,0,0,0.0,0.5
alice through the looking glass,1,0,0,0,0.0,0.5
alices house,1,0,0,0,0.0,0.5
alien,3,3,0,0,1.0,0.9333333333333333
alien 3,1,0,0,0,0.0,0.5
alien abduction,1,0,0,0,0.0,0.5
alien girl,1,0,0,0,0.0,0.5
alien nation,1,0,0,0,0.0,0.5
alien outpost,1,0,0,0,0.0,0.5
alien resurrection,1,0,0,0,0.0,0.5
alien trespass,1,0,0,0,0.0,0.5
alienoid,1,0,0,0,0.0,0.5
aliens,2,2,0,0,1.0,0.9
aliens in the attic,1,0,0,0,0.0,0.5
aliens of the deep,1,0,0,0,0.0,0.5
alila,1,0,0,0,0.0,0.5
aline,1,0,0,0,0.0,0.5
alita battle angel,1,0,0,0,0.0,0.5
alive,1,0,0,0,0.0,0.5
alive inside,1,0,0,0,0.0,0.5
aliyah,1,0,0,0,0.0,0.5
all about eve,1,0,0,0,0.0,0.5
all about lily chouchou,1,0,0,0,0.0,0.5
all about my mother,1,0,0,0,0.0,0.5
all about nina,1,0,0,0,0.0,0.5
all about steve,1,0,0,0,0.0,0.5
all about the benjamins,1,0,0,0,0.0,0.5
all access front row backstage live,1,0,0,0,0.0,0.5
all cheerleaders die,1,0,0,0,0.0,0.5
all day and a night,1,0,0,0,0.0,0.5
all dirt roads taste of salt,1,0,0,0,0.0,0.5
all dogs go to heaven,1,0,0,0,0.0,0.5
all eyez on me,1,0,0,0,0.0,0.5
all good things,1,0,0,0,0.0,0.5
all i can say,1,0,0,0,0.0,0.5
all i see is you,1,0,0,0,0.0,0.5
all i wish,1,0,0,0,0.0,0.5
all in the fight for democracy,1,0,0,0,0.0,0.5
all in the poker movie,1,0,0,0,0.0,0.5
all is bright,1,0,0,0,0.0,0.5
all is forgiven,1,0,0,0,0.0,0.5
all is well,1,0,0,0,0.0,0.5
all light everywhere,1,0,0,0,0.0,0.5
all my friends hate me,1,0,0,0,0.0,0.5
all my life,1,0,0,0,0.0,0.5
all my loved ones,1,0,0,0,0.0,0.5
all my puny sorrows,1,0,0,0,0.0,0.5
all of me,1,0,0,0,0.0,0.5
all over the guy,1,0,0,0,0.0,0.5
all quiet on the western front,4,2,2,0,0.5,0.7
all relative,1,0,0,0,0.0,0.5
all saints,1,0,0,0,0.0,0.5
all that breathes,1,0,0,0,0.0,0.5
all that jazz,1,0,0,0,0.0,0.5
all the beauty and the bloodshed,1,0,0,0,0.0,0.5
all the bright places,1,0,0,0,0.0,0.5
all the kings men,1,0,0,0,0.0,0.5
all the light in the sky,1,0,0,0,0.0,0.5
all the little animals,1,0,0,0,0.0,0.5
all the money in the world,1,0,0,0,0.0,0.5
all the old knives,1,0,0,0,0.0,0.5
all the presidents men,1,0,0,0,0.0,0.5
all the pretty horses,1,0,0,0,0.0,0.5
all the queens men,1,0,0,0,0.0,0.5
all the rage,1,0,0,0,0.0,0.5
all the real girls,1,0,0,0,0.0,0.5
all the right moves,1,0,0,0,0.0,0.5
all the wilderness,1,0,0,0,0.0,0.5
all these sleepless nights,1,0,0,0,0.0,0.5
all these small moments,1,0,0,0,0.0,0.5
all things must pass,1,0,0,0,0.0,0.5
all this panic,1,0,0,0,0.0,0.5
all together,1,0,0,0,0.0,0.5
all together now,1,0,0,0,0.0,0.5
all too well the short film,5,2,0,1,0.4,0.7
all we had,1,0,0,0,0.0,0.5
allah made me funny live in concert,1,0,0,0,0.0,0.5
allegiance,1,0,0,0,0.0,0.5
allelujah,1,0,0,0,0.0,0.5
allied,1,0,0,0,0.0,0.5
alligator,1,0,0,0,0.0,0.5
alls faire in love,1,0,0,0,0.0,0.5
allure,1,0,0,0,0.0,0.5
alléluia,1,0,0,0,0.0,0.5
almost christmas,1,0,0,0,0.0,0.5
almost famous,2,2,0,0,1.0,0.9
almost holy,1,0,0,0,0.0,0.5
almost love,1,0,0,0,0.0,0.5
almost there,1,0,0,0,0.0,0.5
aloft,1,0,0,0,0.0,0.5
aloha,1,0,0,0,0.0,0.5
alone in berlin,1,0,0,0,0.0,0.5
alone in the dark,1,0,0,0,0.0,0.5
alone together,1,0,0,0,0.0,0.5
alone with her,1,0,0,0,0.0,0.5
along came a spider,1,0,0,0,0.0,0.5
along came polly,1,0,0,0,0.0,0.5
along for the ride,1,0,0,0,0.0,0.5
alpha,1,0,0,0,0.0,0.5
alpha and omega,1,0,0,0,0.0,0.5
alpha dog,1,0,0,0,0.0,0.5
already tomorrow in hong kong,1,0,0,0,0.0,0.5
altered states,1,0,0,0,0.0,0.5
alvin and the chipmunks,1,0,0,0,0.0,0.5
alvin and the chipmunks chipwrecked,1,0,0,0,0.0,0.5
alvin and the chipmunks the road chip,1,0,0,0,0.0,0.5
alvin and the chipmunks the squeakquel,1,0,0,0,0.0,0.5
always,1,0,0,0,0.0,0.5
always at the carlyle,1,0,0,0,0.0,0.5
always be my maybe,1,0,0,0,0.0,0.5
always in season,1,0,0,0,0.0,0.5
always shine,1,0,0,0,0.0,0.5
always woodstock,1,0,0,0,0.0,0.5
am i ok,1,0,0,0,0.0,0.5
amadeus,1,1,0,0,1.0,1.0
amanda,1,0,0,0,0.0,0.5
amanda knox,1,0,0,0,0.0,0.5
amandla a revolution in four part harmony,1,0,0,0,0.0,0.5
amateur,1,0,0,0,0.0,0.5
amazing grace,1,0,0,0,0.0,0.5
amazon women on the moon,1,0,0,0,0.0,0.5
ambulance,3,1,2,0,0.3333333333333333,0.7333333333333333
amelia,1,0,0,0,0.0,0.5
amer,1,0,0,0,0.0,0.5
america america,1,0,0,0,0.0,0.5
america freedom to fascism,1,0,0,0,0.0,0.5
america the beautiful,1,0,0,0,0.0,0.5
america the motion picture,1,0,0,0,0.0,0.5
american adobo,1,0,0,0,0.0,0.5
american animal,1,0,0,0,0.0,0.5
american animals,1,0,0,0,0.0,0.5
american assassin,1,0,0,0,0.0,0.5
american beauty,5,4,1,0,0.8,0.86
american blackout,1,0,0,0,0.0,0.5
american cannibal the road to reality,1,0,0,0,0.0,0.5
american chai,1,0,0,0,0.0,0.5
american chaos,1,0,0,0,0.0,0.5
american desi,1,0,0,0,0.0,0.5
american dreamz,1,0,0,0,0.0,0.5
american fable,1,0,0,0,0.0,0.5
american factory,1,0,0,0,0.0,0.5
american flyers,1,0,0,0,0.0,0.5
american gangster,1,0,0,0,0.0,0.5
american gigolo,1,0,0,0,0.0,0.5
american graffiti,1,0,0,0,0.0,0.5
american gun,1,0,0,0,0.0,0.5
american hardcore,1,0,0,0,0.0,0.5
american history x,1,0,1,0,0.0,0.7
american honey,1,0,0,0,0.0,0.5
american hustle,1,0,0,0,0.0,0.5
american made movie,1,0,0,0,0.0,0.5
american mary,1,0,0,0,0.0,0.5
american me,1,0,0,0,0.0,0.5
american movie,1,0,0,0,0.0,0.5
american outlaws,1,0,0,0,0.0,0.5
american pie,1,0,0,0,0.0,0.5
american pie 2,1,0,0,0,0.0,0.5
american pop,1,0,0,0,0.0,0.5
american promise,1,0,0,0,0.0,0.5
american psycho,20,16,3,0,0.8,0.8052631578947368
american psycho ii all american girl,1,0,0,1,0.0,0.1
american renegades,1,0,0,0,0.0,0.5
american reunion,1,0,0,0,0.0,0.5
american sniper,1,0,0,0,0.0,0.5
american son,1,0,0,0,0.0,0.5
american splendor,1,0,0,0,0.0,0.5
american swing,1,0,0,0,0.0,0.5
american teacher,1,0,0,0,0.0,0.5
american teen,1,0,0,0,0.0,0.5
american the bill hicks story,1,0,0,0,0.0,0.5
american ultra,1,0,0,0,0.0,0.5
american underdog,1,0,0,0,0.0,0.5
american violet,1,0,0,0,0.0,0.5
american virgin,1,0,0,0,0.0,0.5
american wedding,1,0,0,0,0.0,0.5
american woman,1,0,0,0,0.0,0.5
americas heart and soul,1,0,0,0,0.0,0.5
americas sweethearts,1,0,0,0,0.0,0.5
amigo,1,0,0,0,0.0,0.5
amira  sam,1,0,0,0,0.0,0.5
amistad,1,0,0,0,0.0,0.5
amityville 3d,1,0,0,0,0.0,0.5
amityville ii the possession,1,0,0,0,0.0,0.5
ammonite,3,1,2,0,0.3333333333333333,0.6666666666666667
amnesiac,1,0,0,0,0.0,0.5
among ravens,1,0,0,0,0.0,0.5
among the believers,1,0,0,0,0.0,0.5
amores perros,1,0,0,0,0.0,0.5
amos  andrew,1,0,0,0,0.0,0.5
amour,1,0,0,0,0.0,0.5
amour fou,1,0,0,0,0.0,0.5
amreeka,1,0,0,0,0.0,0.5
amsterdam,1,0,0,1,0.0,0.3
amu,1,0,0,0,0.0,0.5
amulet,1,0,0,0,0.0,0.5
amy,1,0,0,0,0.0,0.5
amys orgasm,1,0,0,0,0.0,0.5
amãlie,4,4,0,0,1.0,0.95
an acceptable loss,1,0,0,0,0.0,0.5
an adolescent,1,0,0,0,0.0,0.5
an affair of love,1,0,0,0,0.0,0.5
an affair to remember,1,0,0,0,0.0,0.5
an american affair,1,0,0,0,0.0,0.5
an american carol,1,0,0,0,0.0,0.5
an american haunting,1,0,0,0,0.0,0.5
an american in paris,1,0,0,0,0.0,0.5
an american pickle,1,0,0,0,0.0,0.5
an american rhapsody,1,0,0,0,0.0,0.5
an american tail,1,0,0,0,0.0,0.5
an american werewolf in london,1,1,0,0,1.0,0.8
an angel at my table,1,0,0,0,0.0,0.5
an autumn afternoon,1,0,0,0,0.0,0.5
an easy girl,1,0,0,0,0.0,0.5
an education,1,0,0,0,0.0,0.5
an elephant sitting still,1,0,0,0,0.0,0.5
an evening with beverly luff linn,1,0,0,0,0.0,0.5
an everlasting piece,1,0,0,0,0.0,0.5
an eye for beauty,1,0,0,0,0.0,0.5
an honest liar,1,0,0,0,0.0,0.5
an ideal husband,1,0,0,0,0.0,0.5
an inconvenient sequel truth to power,1,0,0,0,0.0,0.5
an inconvenient truth,1,0,0,0,0.0,0.5
an innocent man,1,0,0,0,0.0,0.5
an invisible sign,1,0,0,0,0.0,0.5
an officer and a gentleman,1,0,0,0,0.0,0.5
an officer and a spy,1,0,0,0,0.0,0.5
an open secret,1,0,0,0,0.0,0.5
an ordinary man,1,0,0,0,0.0,0.5
an oversimplification of her beauty,1,0,0,0,0.0,0.5
an unfinished life,1,0,0,0,0.0,0.5
an unmarried woman,1,0,0,0,0.0,0.5
an unreasonable man,1,0,0,0,0.0,0.5
ana maria in novela land,1,0,0,0,0.0,0.5
anaconda,1,0,0,0,0.0,0.5
analyze that,1,0,0,0,0.0,0.5
anastasia,1,0,0,0,0.0,0.5
anatomy of a murder,1,0,0,0,0.0,0.5
anatomy of hell,1,0,0,0,0.0,0.5
anaïs in love,1,0,0,0,0.0,0.5
anchor and hope,1,0,0,0,0.0,0.5
anchorman 2 the legend continues,1,0,0,0,0.0,0.5
anchorman the legend of ron burgundy,1,0,0,0,0.0,0.5
anchors aweigh,1,0,0,0,0.0,0.5
and justice for all,1,0,0,0,0.0,0.5
and now a word from our sponsor,1,0,0,0,0.0,0.5
and now ladies and gentlemen,1,0,0,0,0.0,0.5
and so it goes,1,0,0,0,0.0,0.5
and then we danced,1,1,0,0,1.0,0.8
and they lived happily ever after,1,0,0,0,0.0,0.5
and while we were here,1,0,0,0,0.0,0.5
andre gregory before and after dinner,1,0,0,0,0.0,0.5
andy warhol a documentary film,1,0,0,0,0.0,0.5
angel eyes,1,0,0,0,0.0,0.5
angel has fallen,1,0,0,0,0.0,0.5
angel of mine,1,0,0,0,0.0,0.5
angela,1,0,0,0,0.0,0.5
angels  demons,1,0,0,0,0.0,0.5
angels are made of light,1,0,0,0,0.0,0.5
angels in the outfield,1,0,0,0,0.0,0.5
angels wear white,1,0,0,0,0.0,0.5
anger management,1,0,0,0,0.0,0.5
aniara,1,0,0,0,0.0,0.5
animal crackers,1,0,0,0,0.0,0.5
animal kingdom,1,0,0,0,0.0,0.5
animals,2,0,0,0,0.0,0.5
anita,1,0,0,0,0.0,0.5
anita oday the life of a jazz singer,1,0,0,0,0.0,0.5
anna,2,0,0,0,0.0,0.5
anna and the apocalypse,1,0,0,0,0.0,0.5
anna and the king,1,0,0,0,0.0,0.5
anna karenina,3,1,2,0,0.3333333333333333,0.6333333333333333
annabelle comes home,1,0,0,0,0.0,0.5
annapolis,1,0,0,0,0.0,0.5
anne at 13000 ft,1,0,0,0,0.0,0.5
annette,6,3,2,1,0.5,0.7166666666666667
annie,2,0,0,0,0.0,0.5
annie hall,1,0,0,0,0.0,0.5
annihilation,3,3,0,0,1.0,0.9333333333333333
anomalisa,1,0,0,0,0.0,0.5
anon,1,0,0,0,0.0,0.5
anonymous,1,0,0,0,0.0,0.5
anonymous club,1,0,0,0,0.0,0.5
another 48 hrs,1,0,0,0,0.0,0.5
another earth,1,0,0,0,0.0,0.5
another evil,1,0,0,0,0.0,0.5
another gay movie,1,0,0,0,0.0,0.5
another happy day,1,0,0,0,0.0,0.5
another road home,1,0,0,0,0.0,0.5
another round,7,5,2,0,0.7142857142857143,0.8428571428571429
another stakeout,1,0,0,0,0.0,0.5
another year,1,0,0,0,0.0,0.5
answers to nothing,1,0,0,0,0.0,0.5
antarctica ice and sky,1,0,0,0,0.0,0.5
antebellum,1,0,0,0,0.0,0.5
anthropocene the human epoch,1,0,0,0,0.0,0.5
anthropoid,1,0,0,0,0.0,0.5
antibirth,1,0,0,0,0.0,0.5
antibodies,1,0,0,0,0.0,0.5
antichrist,1,0,1,0,0.0,0.5
antitrust,1,0,0,0,0.0,0.5
antlers,1,0,0,0,0.0,0.5
antman,1,0,1,0,0.0,0.7
antman and the wasp,1,0,1,0,0.0,0.7
antman and the wasp quantumania,10,1,3,5,0.1,0.4444444444444445
anton chekhovs the duel,1,0,0,0,0.0,0.5
antwone fisher,1,0,0,0,0.0,0.5
antz,1,0,0,0,0.0,0.5
any day now,1,0,0,0,0.0,0.5
any given sunday,1,0,0,0,0.0,0.5
anything,1,0,0,0,0.0,0.5
anything else,1,0,0,0,0.0,0.5
anythings possible,1,0,0,0,0.0,0.5
apocalypse now,1,1,0,0,1.0,0.9
apocalypse now final cut,1,0,0,0,0.0,0.5
apocalypse now redux,1,0,0,0,0.0,0.5
apocalypto,1,0,0,0,0.0,0.5
apollo 10½ a space age childhood,1,0,0,0,0.0,0.5
apollo 11,1,0,0,0,0.0,0.5
apollo 18,1,0,0,0,0.0,0.5
apostle,1,0,0,0,0.0,0.5
appaloosa,1,0,0,0,0.0,0.5
applause,1,0,0,0,0.0,0.5
apples,1,0,0,0,0.0,0.5
appleseed,1,0,0,0,0.0,0.5
apprentice,1,0,0,0,0.0,0.5
approaching the elephant,1,0,0,0,0.0,0.5
appropriate behavior,1,0,0,0,0.0,0.5
apres vous after you,1,0,0,0,0.0,0.5
april and the extraordinary world,1,0,0,0,0.0,0.5
april fools day,1,0,0,0,0.0,0.5
aprils shower,1,0,0,0,0.0,0.5
apt pupil,1,0,0,0,0.0,0.5
aqua teen hunger force colon movie film for theaters,1,0,0,0,0.0,0.5
aquaman,3,1,1,0,0.3333333333333333,0.8
aquamarine,1,0,0,0,0.0,0.5
aquarela,1,0,0,0,0.0,0.5
aquarius,1,0,0,0,0.0,0.5
aquí y allá here and there,1,0,0,0,0.0,0.5
arabian nights volume 2 the desolate one,1,0,0,0,0.0,0.5
arabian nights volume 3 the enchanted one,1,0,0,0,0.0,0.5
araby,1,0,0,0,0.0,0.5
arachnophobia,1,0,0,0,0.0,0.5
arakimentari,1,0,0,0,0.0,0.5
ararat,1,0,0,0,0.0,0.5
araya,1,0,0,0,0.0,0.5
arbitrage,1,0,0,0,0.0,0.5
archenemy,1,0,0,0,0.0,0.5
archipelago,1,0,0,0,0.0,0.5
arctic tale,1,0,0,0,0.0,0.5
ardor,1,0,0,0,0.0,0.5
are we done yet,1,0,0,0,0.0,0.5
are you here,1,0,0,0,0.0,0.5
are you lost in the world like me,1,0,0,1,0.0,0.2
argentos dracula 3d,1,0,0,0,0.0,0.5
argo,1,0,0,0,0.0,0.5
aristide and the endless revolution,1,0,0,0,0.0,0.5
arizona dream,1,0,0,0,0.0,0.5
arkansas,1,0,0,0,0.0,0.5
arlington road,1,0,0,0,0.0,0.5
armadillo,1,0,0,0,0.0,0.5
armageddon,1,0,0,0,0.0,0.5
armageddon time,1,0,0,0,0.0,0.5
armed and dangerous,1,0,0,0,0.0,0.5
armored,1,0,0,0,0.0,0.5
armstrong,1,0,0,0,0.0,0.5
army of darkness,1,1,0,0,1.0,0.9
army of one,1,0,0,0,0.0,0.5
army of the dead,1,0,1,0,0.0,0.6
army of thieves,1,0,0,0,0.0,0.5
arnas children,1,0,0,0,0.0,0.5
around the bend,1,0,0,0,0.0,0.5
around the world in 80 days,2,0,0,0,0.0,0.5
arrebato,1,0,0,0,0.0,0.5
arrival,3,3,0,0,1.0,1.0
arsenal,1,0,0,0,0.0,0.5
art  copy,1,0,0,0,0.0,0.5
art and craft,1,0,0,0,0.0,0.5
art bastard,1,0,0,0,0.0,0.5
art school confidential,1,0,0,0,0.0,0.5
artemis fowl,2,0,0,2,0.0,0.15
arthur and the invisibles,1,0,0,0,0.0,0.5
arthur christmas,1,1,0,0,1.0,0.8
arthur newman,1,0,0,0,0.0,0.5
as above so below,1,0,0,0,0.0,0.5
as good as it gets,1,0,0,0,0.0,0.5
as i lay dying,1,0,0,0,0.0,0.5
as i open my eyes,1,0,0,0,0.0,0.5
as i was moving ahead occasionally i saw brief glimpses of beauty,1,1,0,0,1.0,1.0
as tears go by,1,0,0,0,0.0,0.5
as they made us,1,0,0,0,0.0,0.5
as you are,1,0,0,0,0.0,0.5
ascension,1,0,0,0,0.0,0.5
ash wednesday,1,0,0,0,0.0,0.5
ashby,1,0,0,0,0.0,0.5
ashes in the snow,1,0,0,0,0.0,0.5
ask the dust,1,0,0,0,0.0,0.5
asking for it,1,0,0,0,0.0,0.5
aspen extreme,1,0,0,0,0.0,0.5
asphalt zahov,1,0,0,0,0.0,0.5
ass backwards,1,0,0,0,0.0,0.5
assassination nation,1,0,0,0,0.0,0.5
assassination tango,1,0,0,0,0.0,0.5
assassins,1,0,0,0,0.0,0.5
assassins bullet,1,0,0,0,0.0,0.5
assassins creed,1,0,0,0,0.0,0.5
assault on precinct 13,1,0,0,0,0.0,0.5
assisted living,1,0,0,0,0.0,0.5
astro boy,1,0,0,0,0.0,0.5
astronaut,1,0,0,0,0.0,0.5
asylum,1,0,0,0,0.0,0.5
at any price,1,0,0,0,0.0,0.5
at berkeley,1,0,0,0,0.0,0.5
at close range,1,0,0,0,0.0,0.5
at eternitys gate,1,0,0,0,0.0,0.5
at eternityâs gate,1,0,1,0,0.0,0.7
at middleton,1,0,0,0,0.0,0.5
at midnight,1,0,0,0,0.0,0.5
at the devils door,1,0,0,0,0.0,0.5
at the edge of the world,1,0,0,0,0.0,0.5
at the height of summer,1,0,0,0,0.0,0.5
at the ready,1,0,0,0,0.0,0.5
at war,1,0,0,0,0.0,0.5
atanarjuat the fast runner,1,0,0,0,0.0,0.5
athena,1,0,0,0,0.0,0.5
athlete a,1,0,0,0,0.0,0.5
atl,1,0,0,0,0.0,0.5
atlantic city,1,0,0,0,0.0,0.5
atlantics,1,0,0,0,0.0,0.5
atlantis,1,0,0,0,0.0,0.5
atlantis the lost empire,1,0,0,0,0.0,0.5
atlas shrugged ii the strike,1,0,0,0,0.0,0.5
atlas shrugged iii who is john galt,1,0,0,0,0.0,0.5
atlas shrugged part i,1,0,0,0,0.0,0.5
atomic blonde,1,0,1,0,0.0,0.7
atonement,11,10,1,0,0.9090909090909091,0.9272727272727274
attachment,1,0,0,0,0.0,0.5
attack the block,1,0,0,0,0.0,0.5
attenberg,1,0,0,0,0.0,0.5
attica,1,0,0,0,0.0,0.5
au hasard balthazar,1,0,0,0,0.0,0.5
au revoir les enfants,1,0,0,0,0.0,0.5
audition,1,0,0,0,0.0,0.5
audrie  daisy,1,0,0,0,0.0,0.5
auggie rose,1,0,0,0,0.0,0.5
august,1,0,0,0,0.0,0.5
august evening,1,0,0,0,0.0,0.5
august osage county,1,0,0,0,0.0,0.5
august rush,1,0,0,0,0.0,0.5
augustine,1,0,0,0,0.0,0.5
aum the cult at the end of the world,1,0,0,0,0.0,0.5
aurora,1,0,0,0,0.0,0.5
aurora borealis,1,0,0,0,0.0,0.5
austenland,1,0,0,0,0.0,0.5
austin powers in goldmember,1,0,0,0,0.0,0.5
austin powers international man of mystery,1,0,0,0,0.0,0.5
austin powers the spy who shagged me,1,0,0,0,0.0,0.5
australia,1,0,0,0,0.0,0.5
author author,1,0,0,0,0.0,0.5
author the jt leroy story,1,0,0,0,0.0,0.5
authors anonymous,1,0,0,0,0.0,0.5
automatons,1,0,0,0,0.0,0.5
autumn,1,0,0,0,0.0,0.5
autumn in new york,1,0,0,0,0.0,0.5
autumn tale,1,0,0,0,0.0,0.5
autómata,1,0,0,0,0.0,0.5
ava,2,0,0,0,0.0,0.5
avalon,1,0,0,0,0.0,0.5
avas possessions,1,0,0,0,0.0,0.5
avatar,5,0,4,0,0.0,0.625
avatar the way of water,14,8,4,2,0.5714285714285714,0.7285714285714285
avengers age of ultron,1,0,0,0,0.0,0.5
avengers endgame,1,1,0,0,1.0,0.8
avengers infinity war,2,0,1,1,0.0,0.5
avenue montaigne,1,0,0,0,0.0,0.5
avp alien vs predator,1,0,0,0,0.0,0.5
avpr aliens vs predator  requiem,1,0,0,0,0.0,0.5
awake,1,0,0,0,0.0,0.5
awakenings,1,0,0,0,0.0,0.5
away we go,1,0,0,0,0.0,0.5
awesome i fuckin shot that,1,0,0,0,0.0,0.5
axl,1,0,0,0,0.0,0.5
azor,1,0,0,0,0.0,0.5
azumi,1,0,0,0,0.0,0.5
b monkey,1,0,0,0,0.0,0.5
baadasssss,1,0,0,0,0.0,0.5
babe,1,0,0,0,0.0,0.5
babe pig in the city,1,0,0,0,0.0,0.5
babettes feast,1,0,0,0,0.0,0.5
babies,1,0,0,0,0.0,0.5
baby boom,1,0,0,0,0.0,0.5
baby boy,1,0,0,0,0.0,0.5
baby doll,1,0,0,0,0.0,0.5
baby driver,2,1,1,0,0.5,0.85
baby geniuses,1,0,0,0,0.0,0.5
baby mama,1,0,0,0,0.0,0.5
baby ruby,1,0,0,0,0.0,0.5
babylon,34,22,4,6,0.6470588235294118,0.75625
babylon ad,1,0,0,0,0.0,0.5
babí léto,1,0,0,0,0.0,0.5
bachelorette,1,0,0,0,0.0,0.5
back roads,2,0,0,0,0.0,0.5
back to burgundy,1,0,0,0,0.0,0.5
back to school,1,0,0,0,0.0,0.5
back to the future,2,2,0,0,1.0,0.9
back to the future part iii,1,0,0,0,0.0,0.5
backcountry,1,0,0,0,0.0,0.5
backdraft,1,0,0,0,0.0,0.5
backstabbing for beginners,1,0,0,0,0.0,0.5
backstage,2,0,0,0,0.0,0.5
backtrack,1,0,0,0,0.0,0.5
bacurau,1,1,0,0,1.0,0.9
bad 25,1,0,0,0,0.0,0.5
bad axe,1,0,0,0,0.0,0.5
bad boys,2,0,0,0,0.0,0.5
bad boys for life,1,0,0,0,0.0,0.5
bad boys ii,1,0,0,0,0.0,0.5
bad company,2,0,0,0,0.0,0.5
bad education,2,0,0,0,0.0,0.5
bad hair,1,0,0,0,0.0,0.5
bad influence,1,0,0,0,0.0,0.5
bad lieutenant,1,0,0,0,0.0,0.5
bad milo,1,0,0,0,0.0,0.5
bad news bears,1,0,0,0,0.0,0.5
bad samaritan,1,0,0,0,0.0,0.5
bad santa,1,0,0,0,0.0,0.5
bad santa 2,1,0,0,0,0.0,0.5
bad tales,1,0,0,0,0.0,0.5
bad teacher,1,0,0,0,0.0,0.5
bad times at the el royale,1,1,0,0,1.0,0.8
bad turn worse,1,0,0,0,0.0,0.5
bad words,1,0,0,0,0.0,0.5
baden baden,1,0,0,0,0.0,0.5
badland,1,0,0,0,0.0,0.5
badlands,1,0,0,0,0.0,0.5
baggage claim,1,0,0,0,0.0,0.5
baghead,1,0,0,0,0.0,0.5
bait,1,0,0,0,0.0,0.5
ball of fire,1,0,0,0,0.0,0.5
ballets russes,1,0,0,0,0.0,0.5
ballistic ecks vs sever,1,0,0,0,0.0,0.5
balls of fury,1,0,0,0,0.0,0.5
balls out,1,0,0,0,0.0,0.5
balzac and the little chinese seamstress,1,0,0,0,0.0,0.5
bamako,1,0,0,0,0.0,0.5
bambi,1,0,0,0,0.0,0.5
bamboozled,1,0,0,0,0.0,0.5
banana split,1,0,0,0,0.0,0.5
bananas,1,0,0,0,0.0,0.5
band aid,1,0,0,0,0.0,0.5
band of robbers,1,0,0,0,0.0,0.5
bandit,1,0,0,0,0.0,0.5
bandits,1,0,0,0,0.0,0.5
bandslam,1,0,0,0,0.0,0.5
bang gang a modern love story,1,0,0,0,0.0,0.5
bang rajan,1,0,0,0,0.0,0.5
bang the drum slowly,1,0,0,0,0.0,0.5
bangkok dangerous,2,0,0,0,0.0,0.5
baran,1,0,0,0,0.0,0.5
barb  star go to vista del mar,2,2,0,0,1.0,0.9
barb wire,1,0,0,0,0.0,0.5
barbara,2,0,0,0,0.0,0.5
barbarella,1,0,0,0,0.0,0.5
barbarian,19,15,2,0,0.7894736842105263,0.8235294117647058
barbarians,1,0,0,0,0.0,0.5
barbarosa,1,0,0,0,0.0,0.5
barbershop,1,0,0,0,0.0,0.5
barbershop 2 back in business,1,0,0,0,0.0,0.5
barbershop the next cut,1,0,0,0,0.0,0.5
bardo false chronicle of a handful of truths,1,0,0,0,0.0,0.5
barefoot,1,0,0,0,0.0,0.5
barefoot in the park,1,0,0,0,0.0,0.5
barely lethal,1,0,0,0,0.0,0.5
barenaked in america,1,0,0,0,0.0,0.5
barfly,1,0,0,0,0.0,0.5
barney thomson,1,0,0,0,0.0,0.5
barneys great adventure,1,0,0,0,0.0,0.5
barneys version,1,0,0,0,0.0,0.5
barnyard,1,0,0,0,0.0,0.5
barracuda,1,0,0,0,0.0,0.5
barry,1,0,0,0,0.0,0.5
barry lyndon,2,2,0,0,1.0,1.0
bart got a room,1,0,0,0,0.0,0.5
bartleby,1,0,0,0,0.0,0.5
based on a true story,1,0,0,0,0.0,0.5
baseketball,1,0,0,0,0.0,0.5
basic instinct 2,1,0,0,0,0.0,0.5
baskin,1,0,0,0,0.0,0.5
basmati blues,1,0,0,0,0.0,0.5
bastard out of carolina,1,0,0,0,0.0,0.5
bastards,1,0,0,0,0.0,0.5
bathtubs over broadway,1,0,0,0,0.0,0.5
batkid begins,1,0,0,0,0.0,0.5
batman,2,2,0,0,1.0,0.85
batman  robin,1,0,0,0,0.0,0.5
batman begins,1,0,0,0,0.0,0.5
batman mask of the phantasm,1,1,0,0,1.0,0.9
batman returns,1,1,0,0,1.0,0.8
batman v superman dawn of justice,1,0,0,0,0.0,0.5
bats,1,0,0,0,0.0,0.5
battle for terra,1,0,0,0,0.0,0.5
battle in heaven,1,0,0,0,0.0,0.5
battle in seattle,1,0,0,0,0.0,0.5
battle los angeles,1,0,0,0,0.0,0.5
battle of the sexes,1,0,0,0,0.0,0.5
battle of the year,1,0,0,0,0.0,0.5
battle royale,1,1,0,0,1.0,0.8
battlefield america,1,0,0,0,0.0,0.5
battlefield earth a saga of the year 3000,1,0,0,0,0.0,0.5
battleship,1,0,0,0,0.0,0.5
battleship potemkin,1,0,0,0,0.0,0.5
baywatch,1,0,0,0,0.0,0.5
be cool,1,0,0,0,0.0,0.5
be here to love me a film about townes van zandt,1,0,0,0,0.0,0.5
be kind rewind,1,0,0,0,0.0,0.5
be natural the untold story of alice guyblaché,1,0,0,0,0.0,0.5
be with me,1,0,0,0,0.0,0.5
beach rats,1,0,0,0,0.0,0.5
beaches,1,0,0,0,0.0,0.5
bean,1,0,0,0,0.0,0.5
beanpole,1,0,0,0,0.0,0.5
beans,1,0,0,0,0.0,0.5
bears,1,0,0,0,0.0,0.5
beast,2,0,0,0,0.0,0.5
beast beast,1,0,0,0,0.0,0.5
beastie boys story,1,0,0,0,0.0,0.5
beastly,1,0,0,0,0.0,0.5
beasts of no nation,1,0,0,0,0.0,0.5
beasts of the southern wild,1,0,0,0,0.0,0.5
beatriz at dinner,1,0,0,0,0.0,0.5
beats,1,0,0,0,0.0,0.5
beats rhymes  life the travels of a tribe called quest,1,0,0,0,0.0,0.5
beau geste,1,0,0,0,0.0,0.5
beau travail,1,0,0,0,0.0,0.5
beautiful,1,0,0,0,0.0,0.5
beautiful boxer,1,0,0,0,0.0,0.5
beautiful boy,8,2,6,0,0.25,0.725
beautiful creatures,2,0,0,0,0.0,0.5
beautiful darling,1,0,0,0,0.0,0.5
beautiful girls,1,0,0,0,0.0,0.5
beautiful losers,1,0,0,0,0.0,0.5
beauty,1,0,0,0,0.0,0.5
beauty and the beast,2,2,0,0,1.0,1.0
beauty in trouble,1,0,0,0,0.0,0.5
beauty shop,1,0,0,0,0.0,0.5
beavis and butthead do america,1,0,0,0,0.0,0.5
beba,1,0,0,0,0.0,0.5
because i said so,1,0,0,0,0.0,0.5
becket rerelease,1,0,0,0,0.0,0.5
beckett,1,0,0,0,0.0,0.5
becks,1,0,0,0,0.0,0.5
becky,1,0,0,0,0.0,0.5
becoming,1,0,0,0,0.0,0.5
becoming astrid,1,0,0,0,0.0,0.5
becoming cousteau,1,0,0,0,0.0,0.5
becoming jane,1,0,0,0,0.0,0.5
becoming traviata,1,0,0,0,0.0,0.5
bedazzled,2,0,0,0,0.0,0.5
bedknobs and broomsticks,1,0,0,0,0.0,0.5
bedtime stories,1,0,0,0,0.0,0.5
bee movie,2,1,1,0,0.5,0.85
bee season,1,0,0,0,0.0,0.5
beefcake,1,0,0,0,0.0,0.5
been rich all my life,1,0,0,0,0.0,0.5
beerfest,1,0,0,0,0.0,0.5
beeswax,1,0,0,0,0.0,0.5
beetle queen conquers tokyo,1,0,0,0,0.0,0.5
beetlejuice,2,1,0,0,0.5,0.9
before i disappear,1,0,0,0,0.0,0.5
before i fall,1,0,0,0,0.0,0.5
before i go to sleep,1,0,0,0,0.0,0.5
before midnight,4,3,1,0,0.75,0.9
before night falls,1,0,0,0,0.0,0.5
before sunrise,7,7,0,0,1.0,0.9571428571428571
before sunset,5,5,0,0,1.0,0.9199999999999999
before the devil knows youre dead,1,0,0,0,0.0,0.5
before the fall,1,0,0,0,0.0,0.5
before the flood,1,0,0,0,0.0,0.5
before the rains,1,0,0,0,0.0,0.5
before we vanish,1,0,0,0,0.0,0.5
before you know it,1,0,0,0,0.0,0.5
beginners,1,0,0,0,0.0,0.5
beginning,1,0,0,0,0.0,0.5
behaving badly,1,0,0,0,0.0,0.5
behemoth,1,0,0,0,0.0,0.5
behind enemy lines,1,0,0,0,0.0,0.5
behind the burly q,1,0,0,0,0.0,0.5
behind the mask the rise of leslie vernon,1,0,0,0,0.0,0.5
behind the sun,1,0,0,0,0.0,0.5
beijing bicycle,1,0,0,0,0.0,0.5
being charlie,1,0,0,0,0.0,0.5
being elmo a puppeteers journey,1,0,0,0,0.0,0.5
being flynn,1,0,0,0,0.0,0.5
being frank,1,0,0,0,0.0,0.5
being frank the chris sievey story,1,0,0,0,0.0,0.5
being human,1,0,0,0,0.0,0.5
being john malkovich,1,1,0,0,1.0,1.0
being the ricardos,1,0,1,0,0.0,0.5
being there,1,0,0,0,0.0,0.5
bel ami,1,0,0,0,0.0,0.5
bel borba aqui,1,0,0,0,0.0,0.5
bel canto,1,0,0,0,0.0,0.5
belfast,2,0,0,2,0.0,0.35
bella,1,0,0,0,0.0,0.5
belle,2,0,0,0,0.0,0.5
bellflower,1,0,0,0,0.0,0.5
bells are ringing,1,0,0,0,0.0,0.5
belly,1,0,0,0,0.0,0.5
beloved,1,0,0,0,0.0,0.5
beloved sisters,1,0,0,0,0.0,0.5
below,1,0,0,0,0.0,0.5
below her mouth,1,0,0,0,0.0,0.5
beltracchi the art of forgery,1,0,0,0,0.0,0.5
belushi,1,0,0,0,0.0,0.5
ben is back,1,0,0,0,0.0,0.5
bend it like beckham,2,0,2,0,0.0,0.7
benda bilili,1,0,0,0,0.0,0.5
bending the arc,1,0,0,0,0.0,0.5
beneath,2,0,0,0,0.0,0.5
beneath the darkness,1,0,0,0,0.0,0.5
beneath the harvest sky,1,0,0,0,0.0,0.5
benedetta,3,3,0,0,1.0,0.8666666666666666
benediction,1,0,0,0,0.0,0.5
benhur,1,0,0,0,0.0,0.5
benjamin,1,0,0,0,0.0,0.5
benjamin smoke,1,0,0,0,0.0,0.5
benji,1,0,0,0,0.0,0.5
benji off the leash,1,0,0,0,0.0,0.5
benny  joon,1,0,0,0,0.0,0.5
bennys video,1,0,0,0,0.0,0.5
beowulf,1,0,0,0,0.0,0.5
beowulf  grendel,1,0,0,0,0.0,0.5
berberian sound studio,1,0,0,0,0.0,0.5
berlin,1,0,0,0,0.0,0.5
berlin babylon,1,0,0,0,0.0,0.5
berlin i love you,1,0,0,0,0.0,0.5
berlin syndrome,1,0,0,0,0.0,0.5
bernard and huey,1,0,0,0,0.0,0.5
bernie,1,0,0,0,0.0,0.5
bert stern original madman,1,0,0,0,0.0,0.5
besotted,1,0,0,0,0.0,0.5
best and most beautiful things,1,0,0,0,0.0,0.5
best defense,1,0,0,0,0.0,0.5
best friends,1,0,0,0,0.0,0.5
best laid plans,1,0,0,0,0.0,0.5
best night ever,1,0,0,0,0.0,0.5
best of the best,1,0,0,0,0.0,0.5
best worst movie,1,0,0,0,0.0,0.5
best worst thing that ever could have happened,1,0,0,0,0.0,0.5
bestiaire,1,0,0,0,0.0,0.5
bethlehem,1,0,0,0,0.0,0.5
betsys wedding,1,0,0,0,0.0,0.5
better housekeeping,1,0,0,0,0.0,0.5
better living,1,0,0,0,0.0,0.5
better living through chemistry,1,0,0,0,0.0,0.5
better off dead,1,0,0,0,0.0,0.5
better than chocolate,1,0,0,0,0.0,0.5
better than sex,1,0,0,0,0.0,0.5
better watch out,1,0,0,0,0.0,0.5
betting on zero,1,0,0,0,0.0,0.5
between two ferns the movie,1,0,0,0,0.0,0.5
between two worlds,1,0,0,0,0.0,0.5
beuys,1,0,0,0,0.0,0.5
beverly hills chihuahua,1,0,0,0,0.0,0.5
beverly hills cop,1,0,0,0,0.0,0.5
beverly hills cop ii,1,0,0,0,0.0,0.5
beverly hills cop iii,1,0,0,0,0.0,0.5
beverly hills ninja,1,0,0,0,0.0,0.5
beware of mr baker,1,0,0,0,0.0,0.5
beyond a reasonable doubt,1,0,0,0,0.0,0.5
beyond borders,1,0,0,0,0.0,0.5
beyond honor,1,0,0,0,0.0,0.5
beyond skyline,1,0,0,0,0.0,0.5
beyond the black rainbow,1,0,0,0,0.0,0.5
beyond the gates,1,0,0,0,0.0,0.5
beyond the hills,1,0,0,0,0.0,0.5
beyond the lights,1,0,0,0,0.0,0.5
beyond the mat,1,0,0,0,0.0,0.5
beyond the ocean,1,0,0,0,0.0,0.5
beyond the reach,1,0,0,0,0.0,0.5
beyond the sea,2,0,0,0,0.0,0.5
beyond the valley of the dolls,1,0,0,0,0.0,0.5
beyond the visible hilma af klint,1,0,0,0,0.0,0.5
bhopal a prayer for rain,1,0,0,0,0.0,0.5
bhutto,1,0,0,0,0.0,0.5
biandan guniang,1,0,0,0,0.0,0.5
bicentennial man,1,0,0,0,0.0,0.5
bicycling with molière,1,0,0,0,0.0,0.5
big,1,0,0,0,0.0,0.5
big animal,1,0,0,0,0.0,0.5
big bad love,1,0,0,0,0.0,0.5
big bad wolves,1,0,0,0,0.0,0.5
big business,1,0,0,0,0.0,0.5
big daddy,1,0,0,0,0.0,0.5
big eden,1,0,0,0,0.0,0.5
big eyes,1,0,0,0,0.0,0.5
big fan,1,0,0,0,0.0,0.5
big fat liar,1,0,0,0,0.0,0.5
big fish  begonia,1,0,0,0,0.0,0.5
big game,1,0,0,0,0.0,0.5
big gold brick,1,0,0,0,0.0,0.5
big hero 6,1,0,0,0,0.0,0.5
big little lies,1,1,0,0,1.0,0.9
big man japan,1,0,0,0,0.0,0.5
big men,1,0,0,0,0.0,0.5
big miracle,1,0,0,0,0.0,0.5
big mommas house,1,0,0,0,0.0,0.5
big mommas like father like son,1,0,0,0,0.0,0.5
big night,1,0,0,0,0.0,0.5
big river man,1,0,0,0,0.0,0.5
big sky,1,0,0,0,0.0,0.5
big sonia,1,0,0,0,0.0,0.5
big stone gap,1,0,0,0,0.0,0.5
big sur,1,0,0,0,0.0,0.5
big time adolescence,1,0,0,0,0.0,0.5
big trouble,2,0,0,0,0.0,0.5
big trouble in little china,1,0,0,0,0.0,0.5
big wednesday,1,0,0,0,0.0,0.5
bigbug,1,0,0,0,0.0,0.5
bigger stronger faster,1,0,0,0,0.0,0.5
bigger than the sky,1,0,0,0,0.0,0.5
biggie i got a story to tell,1,0,0,0,0.0,0.5
biker boyz,1,0,0,0,0.0,0.5
bill  teds bogus journey,1,0,0,0,0.0,0.5
bill  teds excellent adventure,1,0,0,0,0.0,0.5
bill cunningham new york,1,0,0,0,0.0,0.5
bill nye science guy,1,0,0,0,0.0,0.5
bill w,1,0,0,0,0.0,0.5
billabong odyssey,1,0,0,0,0.0,0.5
billie,1,0,0,0,0.0,0.5
billy elliot,1,0,0,0,0.0,0.5
billy jack,1,0,0,0,0.0,0.5
billy lynns long halftime walk,1,0,0,0,0.0,0.5
billy madison,1,0,0,0,0.0,0.5
biloxi blues,1,0,0,0,0.0,0.5
bingo hell,1,0,0,0,0.0,0.5
biodome,1,0,0,0,0.0,0.5
bird,1,0,0,0,0.0,0.5
bird box,1,0,1,0,0.0,0.5
bird on a wire,1,0,0,0,0.0,0.5
bird people,1,0,0,0,0.0,0.5
birdboy the forgotten children,1,0,0,0,0.0,0.5
birders the central park effect,1,0,0,0,0.0,0.5
birdman of alcatraz,1,0,0,0,0.0,0.5
birdman or the unexpected virtue of ignorance,2,2,0,0,1.0,1.0
birds of paradise,1,0,0,0,0.0,0.5
birds of prey and the fantabulous emancipation of one harley quinn,2,2,0,0,1.0,0.9
birdy,1,0,0,0,0.0,0.5
birth,1,0,0,0,0.0,0.5
birth of the dragon,1,0,0,0,0.0,0.5
birth of the living dead,1,0,0,0,0.0,0.5
birthday girl,1,0,0,0,0.0,0.5
bisbee 17,1,0,0,0,0.0,0.5
bitch,1,0,0,0,0.0,0.5
bitter harvest,1,0,0,0,0.0,0.5
bitterbrush,1,0,0,0,0.0,0.5
bittersweet motel,1,0,0,0,0.0,0.5
biutiful,1,0,0,0,0.0,0.5
black 47,1,0,0,0,0.0,0.5
black adam,5,0,1,2,0.0,0.4333333333333333
black and white,1,0,0,0,0.0,0.5
black bear,1,0,0,0,0.0,0.5
black beauty,1,0,0,0,0.0,0.5
black butterflies,1,0,0,0,0.0,0.5
black butterfly,1,0,0,0,0.0,0.5
black cat white cat,1,0,0,0,0.0,0.5
black christmas,3,0,0,0,0.0,0.5
black coal thin ice,1,0,0,0,0.0,0.5
black crab,1,0,0,0,0.0,0.5
black death,1,0,0,0,0.0,0.5
black dynamite,1,0,0,0,0.0,0.5
black gold,1,0,0,0,0.0,0.5
black hawk down,1,0,0,0,0.0,0.5
black is king,1,0,0,0,0.0,0.5
black knight,1,0,0,0,0.0,0.5
black mass,1,0,0,0,0.0,0.5
black mirror nosedive,1,1,0,0,1.0,0.8
black mirror striking vipers,1,0,1,0,0.0,0.6
black mother,1,0,0,0,0.0,0.5
black narcissus,1,0,0,0,0.0,0.5
black nativity,1,0,0,0,0.0,0.5
black or white,1,0,0,0,0.0,0.5
black orpheus,1,0,0,0,0.0,0.5
black out,1,0,0,0,0.0,0.5
black panther,1,1,0,0,1.0,1.0
black panther wakanda forever,12,7,5,0,0.5833333333333334,0.75
black rain,1,0,0,0,0.0,0.5
black sea,1,0,0,0,0.0,0.5
black sheep,1,0,0,0,0.0,0.5
black snake moan,1,0,0,0,0.0,0.5
black souls,1,0,0,0,0.0,0.5
black sunday,1,0,0,0,0.0,0.5
black swan,8,8,0,0,1.0,0.925
black water abyss,1,0,0,0,0.0,0.5
black widow,20,6,10,4,0.3,0.61
blackballed the bobby dukes story,1,0,0,0,0.0,0.5
blackberry,1,0,0,0,0.0,0.5
blackbird,1,0,0,0,0.0,0.5
blackboard jungle,1,0,0,0,0.0,0.5
blackboards,1,0,0,0,0.0,0.5
blackhat,1,0,0,0,0.0,0.5
blackkklansman,3,1,1,0,0.3333333333333333,0.75
blackthorn,1,0,0,0,0.0,0.5
blackwoods,1,0,0,0,0.0,0.5
blade,1,1,0,0,1.0,0.8
blade ii,1,0,0,0,0.0,0.5
blade of the immortal,1,0,0,0,0.0,0.5
blade runner,3,1,2,0,0.3333333333333333,0.8
blade runner 2049,4,4,0,0,1.0,0.95
blade trinity,1,0,0,0,0.0,0.5
blades of glory,1,0,0,0,0.0,0.5
blair witch,1,0,0,0,0.0,0.5
blame,1,0,0,0,0.0,0.5
blame it on rio,1,0,0,0,0.0,0.5
blancanieves,1,0,0,0,0.0,0.5
blank check,1,0,0,0,0.0,0.5
blank city,1,0,0,0,0.0,0.5
blast from the past,1,0,0,0,0.0,0.5
blaze,2,0,0,0,0.0,0.5
blazing saddles,1,0,0,0,0.0,0.5
bleak moments,1,0,0,0,0.0,0.5
bleak street,1,0,0,0,0.0,0.5
bleeding steel,1,0,0,0,0.0,0.5
blended,1,0,0,0,0.0,0.5
bless me ultima,1,0,0,0,0.0,0.5
bless the child,1,0,0,0,0.0,0.5
blessed is the match the life and death of hannah senesh,1,0,0,0,0.0,0.5
blind,2,0,0,0,0.0,0.5
blind ambition,1,0,0,0,0.0,0.5
blind date,2,0,0,0,0.0,0.5
blind fury,1,0,0,0,0.0,0.5
blind mountain,1,0,0,0,0.0,0.5
blind shaft,1,0,0,0,0.0,0.5
blind spot hitlers secretary,1,0,0,0,0.0,0.5
blinded by the light,1,0,0,0,0.0,0.5
blindness,1,0,0,0,0.0,0.5
blindsight,1,0,0,0,0.0,0.5
bliss,2,0,0,0,0.0,0.5
blissfully yours,1,0,0,0,0.0,0.5
blithe spirit,1,0,0,0,0.0,0.5
blizzard of souls,1,0,0,0,0.0,0.5
blockers,1,0,0,0,0.0,0.5
blonde,8,0,0,8,0.0,0.2625
blood,2,0,0,0,0.0,0.5
blood and chocolate,1,0,0,0,0.0,0.5
blood and money,1,0,0,0,0.0,0.5
blood brother,1,0,0,0,0.0,0.5
blood diamond,1,0,0,0,0.0,0.5
blood done sign my name,1,0,0,0,0.0,0.5
blood father,1,0,0,0,0.0,0.5
blood glacier,1,0,0,0,0.0,0.5
blood in blood out,1,0,0,0,0.0,0.5
blood on her name,1,0,0,0,0.0,0.5
blood quantum,1,0,0,0,0.0,0.5
blood relatives,1,0,0,0,0.0,0.5
blood simple,1,0,0,0,0.0,0.5
blood the last vampire,1,0,0,0,0.0,0.5
blood ties,1,0,0,0,0.0,0.5
bloodrayne,1,0,0,0,0.0,0.5
bloodshot,1,0,0,0,0.0,0.5
bloodsucking bastards,1,0,0,0,0.0,0.5
bloody hell,1,0,0,0,0.0,0.5
bloody nose empty pockets,1,0,0,0,0.0,0.5
bloody sunday,1,0,0,0,0.0,0.5
blossoms of fire,1,0,0,0,0.0,0.5
blow,1,0,0,0,0.0,0.5
blow dry,1,0,0,0,0.0,0.5
blow out,1,0,0,0,0.0,0.5
blow the man down,1,0,0,0,0.0,0.5
blowup,1,0,0,0,0.0,0.5
blue bayou,1,0,0,0,0.0,0.5
blue beard,1,0,0,0,0.0,0.5
blue caprice,1,0,0,0,0.0,0.5
blue car,1,0,0,0,0.0,0.5
blue city,1,0,0,0,0.0,0.5
blue crush,1,0,0,0,0.0,0.5
blue gate crossing,1,0,0,0,0.0,0.5
blue hawaii,1,0,0,0,0.0,0.5
blue iguana,1,0,0,0,0.0,0.5
blue in the face,1,0,0,0,0.0,0.5
blue is the warmest color,1,0,0,0,0.0,0.5
blue jasmine,1,0,0,0,0.0,0.5
blue jay,1,0,0,0,0.0,0.5
blue jean,1,0,0,0,0.0,0.5
blue like jazz,1,0,0,0,0.0,0.5
blue miracle,1,0,0,0,0.0,0.5
blue moon,1,0,0,0,0.0,0.5
blue note records beyond the notes,1,0,0,0,0.0,0.5
blue ruin,1,0,0,0,0.0,0.5
blue steel,1,0,0,0,0.0,0.5
blue story,1,0,0,0,0.0,0.5
blue streak,1,0,0,0,0.0,0.5
blue thunder,1,0,0,0,0.0,0.5
blue valentine,1,1,0,0,1.0,1.0
blue velvet,2,2,0,0,1.0,0.95
bluebird,1,0,0,0,0.0,0.5
blumenthal,1,0,0,0,0.0,0.5
blumhouses fantasy island,1,0,0,0,0.0,0.5
blumhouses truth or dare,1,0,0,0,0.0,0.5
bo burnham inside,6,5,0,0,0.8333333333333334,0.9800000000000001
bo burnham make happy,1,0,0,0,0.0,0.5
boat trip,1,0,0,0,0.0,0.5
bob  carol  ted  alice,1,0,0,0,0.0,0.5
bob dylan dont look back,1,0,0,0,0.0,0.5
bob roberts,1,0,0,0,0.0,0.5
bob ross happy accidents betrayal  greed,1,0,0,0,0.0,0.5
bobbi jene,1,0,0,0,0.0,0.5
bobby,1,0,0,0,0.0,0.5
bobby fischer against the world,1,0,0,0,0.0,0.5
bobby g cant swim,1,0,0,0,0.0,0.5
bobby sands 66 days,1,0,0,0,0.0,0.5
bodied,1,0,0,0,0.0,0.5
bodies bodies bodies,17,9,7,0,0.5294117647058824,0.75625
body at brighton rock,1,0,0,0,0.0,0.5
body bags,1,0,0,0,0.0,0.5
body double,1,0,0,0,0.0,0.5
body heat,1,0,0,0,0.0,0.5
body of evidence,1,0,0,0,0.0,0.5
body of lies,1,0,0,0,0.0,0.5
body of war,1,0,0,0,0.0,0.5
body parts,1,0,0,0,0.0,0.5
body shots,1,0,0,0,0.0,0.5
body snatchers,1,0,0,0,0.0,0.5
boesman and lena,1,0,0,0,0.0,0.5
bohemian rhapsody,1,0,0,0,0.0,0.5
boiler room,1,0,0,0,0.0,0.5
boiling point,2,2,0,0,1.0,0.9
bokeh,1,0,0,0,0.0,0.5
bolero,1,0,0,0,0.0,0.5
bolt,1,0,0,0,0.0,0.5
bomb the system,1,0,0,0,0.0,0.5
bombay beach,1,0,0,0,0.0,0.5
bombay eunuch,1,0,0,0,0.0,0.5
bombay rose,1,0,0,0,0.0,0.5
bombshell,2,0,0,0,0.0,0.5
bombshell the hedy lamarr story,1,0,0,0,0.0,0.5
bon voyage,1,0,0,0,0.0,0.5
bone tomahawk,1,0,0,0,0.0,0.5
bones,1,0,0,0,0.0,0.5
bones and all,16,16,0,0,1.0,0.90625
bones brigade an autobiography,1,0,0,0,0.0,0.5
bonneville,1,0,0,0,0.0,0.5
bonnie and clyde,1,0,0,0,0.0,0.5
bonsái,1,0,0,0,0.0,0.5
boo a madea halloween,1,0,0,0,0.0,0.5
boogeyman,1,0,0,0,0.0,0.5
boogie,1,0,0,0,0.0,0.5
boogie man the lee atwater story,1,0,0,0,0.0,0.5
boogie nights,4,4,0,0,1.0,0.9
book club,1,0,0,0,0.0,0.5
books of blood,1,0,0,0,0.0,0.5
booksmart,3,3,0,0,1.0,0.9
boom for real the late teenage years of jeanmichel basquiat,1,0,0,0,0.0,0.5
bootmen,1,0,0,0,0.0,0.5
booty call,1,0,0,0,0.0,0.5
booye kafoor atre yas,1,0,0,0,0.0,0.5
borat cultural learnings of america for make benefit glorious nation of kazakhstan,2,1,1,0,0.5,0.75
borat subsequent moviefilm,1,0,1,0,0.0,0.7
border,1,0,0,0,0.0,0.5
borg vs mcenroe,1,0,0,0,0.0,0.5
borgman,1,0,0,0,0.0,0.5
boris without béatrice,1,0,0,0,0.0,0.5
born in china,1,0,0,0,0.0,0.5
born in east la,1,0,0,0,0.0,0.5
born into brothels calcuttas red light kids,1,0,0,0,0.0,0.5
born on the fourth of july,1,0,0,0,0.0,0.5
born romantic,1,0,0,0,0.0,0.5
born to be blue,1,0,0,0,0.0,0.5
born to be wild,1,0,0,0,0.0,0.5
born to fly,1,0,0,0,0.0,0.5
borstal boy,1,0,0,0,0.0,0.5
boss level,1,0,0,0,0.0,0.5
bossa nova,1,0,0,0,0.0,0.5
boston strangler,1,0,0,0,0.0,0.5
both sides of the blade,1,0,0,0,0.0,0.5
bottle rocket,1,0,0,0,0.0,0.5
bottle shock,1,0,0,0,0.0,0.5
bottom of the 9th,1,0,0,0,0.0,0.5
bottoms,1,1,0,0,1.0,1.0
boulevard,1,0,0,0,0.0,0.5
bounce,1,0,0,0,0.0,0.5
bound,1,1,0,0,1.0,0.8
bound for glory,1,0,0,0,0.0,0.5
boundaries,1,0,0,0,0.0,0.5
bounty killer,1,0,0,0,0.0,0.5
bowfinger,1,0,0,0,0.0,0.5
bowling for columbine,1,0,0,0,0.0,0.5
boxing gym,1,0,0,0,0.0,0.5
boxing helena,1,0,0,0,0.0,0.5
boy,1,0,0,0,0.0,0.5
boy a,1,0,0,0,0.0,0.5
boy and the world,1,0,0,0,0.0,0.5
boy culture,1,0,0,0,0.0,0.5
boychoir,1,0,0,0,0.0,0.5
boynton beach club,1,0,0,0,0.0,0.5
boys and girls,1,0,0,0,0.0,0.5
boys dont cry,1,0,0,0,0.0,0.5
boys life 3,1,0,0,0,0.0,0.5
boys on the side,1,0,0,0,0.0,0.5
boys state,1,1,0,0,1.0,1.0
bpm beats per minute,1,0,0,0,0.0,0.5
bra boys,1,0,0,0,0.0,0.5
brads status,1,0,0,0,0.0,0.5
brahms the boy ii,1,0,0,0,0.0,0.5
brain donors,1,0,0,0,0.0,0.5
brainstorm,1,0,0,0,0.0,0.5
brainwashed sexcamerapower,1,0,0,0,0.0,0.5
bram stokers dracula,1,0,0,0,0.0,0.5
bram stokerâs dracula,2,0,2,0,0.0,0.7
bran nue dae,1,0,0,0,0.0,0.5
brand a second coming,1,0,0,0,0.0,0.5
brand upon the brain,1,0,0,0,0.0,0.5
brannigan,1,0,0,0,0.0,0.5
brassed off,1,0,0,0,0.0,0.5
bratz,1,0,0,0,0.0,0.5
brave new jersey,1,0,0,0,0.0,0.5
braveheart,1,0,0,0,0.0,0.5
braven,1,0,0,0,0.0,0.5
brawl in cell block 99,1,0,0,0,0.0,0.5
brazil,1,0,0,0,0.0,0.5
breach,1,0,0,0,0.0,0.5
bread and tulips,1,0,0,0,0.0,0.5
breakdown,1,0,0,0,0.0,0.5
breakfast at tiffanyâs,2,1,1,0,0.5,0.8
breakfast of champions,1,0,0,0,0.0,0.5
breakfast on pluto,1,0,0,0,0.0,0.5
breakfast with scot,1,0,0,0,0.0,0.5
breakin 2 electric boogaloo,1,0,0,0,0.0,0.5
breakin all the rules,1,0,0,0,0.0,0.5
breaking,1,0,0,0,0.0,0.5
breaking a monster,1,0,0,0,0.0,0.5
breaking and entering,1,0,0,0,0.0,0.5
breaking away,1,0,0,0,0.0,0.5
breaking news in yuba county,1,0,0,0,0.0,0.5
breaking point,1,0,0,0,0.0,0.5
breaking the girls,1,0,0,0,0.0,0.5
breaking the waves,1,0,0,0,0.0,0.5
breaking upwards,1,0,0,0,0.0,0.5
breakthrough,1,0,0,0,0.0,0.5
breath,1,0,0,0,0.0,0.5
breathe,2,0,0,0,0.0,0.5
breathe in,1,0,0,0,0.0,0.5
breathing,1,0,0,0,0.0,0.5
breathless,2,2,0,0,1.0,0.9
brewster mccloud,1,0,0,0,0.0,0.5
brewsters millions,1,0,0,0,0.0,0.5
brian and charles,1,0,0,0,0.0,0.5
brian banks,1,0,0,0,0.0,0.5
brick,1,0,0,0,0.0,0.5
brick lane,1,0,0,0,0.0,0.5
brick mansions,1,0,0,0,0.0,0.5
bride  prejudice,1,0,0,0,0.0,0.5
bride flight,1,0,0,0,0.0,0.5
bride of chucky,1,0,0,0,0.0,0.5
bride of reanimator,1,0,0,0,0.0,0.5
bride of the wind,1,0,0,0,0.0,0.5
brideshead revisited,1,0,0,0,0.0,0.5
bridesmaids,1,1,0,0,1.0,1.0
bridge of spies,1,0,0,0,0.0,0.5
bridge to terabithia,1,0,0,0,0.0,0.5
bridgend,1,0,0,0,0.0,0.5
bridget jones the edge of reason,1,0,0,0,0.0,0.5
bridget joness baby,1,0,0,0,0.0,0.5
bridget joness diary,1,0,0,0,0.0,0.5
bridget jonesâs diary,4,1,3,0,0.25,0.675
brief encounter,1,0,0,0,0.0,0.5
brief interviews with hideous men,1,0,0,0,0.0,0.5
brigham city,1,0,0,0,0.0,0.5
bright,1,0,0,0,0.0,0.5
bright days ahead,1,0,0,0,0.0,0.5
bright future,1,0,0,0,0.0,0.5
bright leaves,1,0,0,0,0.0,0.5
bright lights big city,1,0,0,0,0.0,0.5
bright lights starring carrie fisher and debbie reynolds,1,0,0,0,0.0,0.5
bright star,1,0,0,0,0.0,0.5
bright young things,1,0,0,0,0.0,0.5
brightburn,1,0,0,0,0.0,0.5
brightest star,1,0,0,0,0.0,0.5
brighton 4th,1,0,0,0,0.0,0.5
brighton beach memoirs,1,0,0,0,0.0,0.5
brighton rock,1,0,0,0,0.0,0.5
brigsby bear,1,0,0,0,0.0,0.5
brimstone,1,0,0,0,0.0,0.5
brimstone  glory,1,0,0,0,0.0,0.5
bring it on,1,0,0,0,0.0,0.5
bring me the head of alfredo garcia,1,0,0,0,0.0,0.5
bringing down the house,1,0,0,0,0.0,0.5
bringing out the dead,1,0,0,0,0.0,0.5
bringing up baby,1,0,0,0,0.0,0.5
bringing up bobby,1,0,0,0,0.0,0.5
britney vs spears,1,0,0,0,0.0,0.5
brittany runs a marathon,1,0,0,0,0.0,0.5
brittmarie was here,1,0,0,0,0.0,0.5
broadcast news,1,0,0,0,0.0,0.5
broadway danny rose,1,0,0,0,0.0,0.5
broadway idiot,1,0,0,0,0.0,0.5
broadway the golden age by the legends who were there,1,0,0,0,0.0,0.5
brokeback mountain,12,9,1,0,0.75,0.9
brokedown palace,1,0,0,0,0.0,0.5
broken,1,0,0,0,0.0,0.5
broken arrow,1,0,0,0,0.0,0.5
broken bridges,1,0,0,0,0.0,0.5
broken city,1,0,0,0,0.0,0.5
broken embraces,1,0,0,0,0.0,0.5
broken flowers,1,0,0,0,0.0,0.5
broken horses,1,0,0,0,0.0,0.5
broken sky,1,0,0,0,0.0,0.5
bronco billy,1,0,0,0,0.0,0.5
bronson,1,0,0,0,0.0,0.5
brooklyn,1,0,0,0,0.0,0.5
brooklyn castle,1,0,0,0,0.0,0.5
brooklyn lobster,1,0,0,0,0.0,0.5
brooklyn rules,1,0,0,0,0.0,0.5
brooklyns finest,1,0,0,0,0.0,0.5
bros,1,0,0,0,0.0,0.5
brother,1,0,0,0,0.0,0.5
brother and sister,1,0,0,0,0.0,0.5
brother bear,1,0,0,0,0.0,0.5
brotherhood of the wolf,1,0,0,0,0.0,0.5
brothers,2,0,0,0,0.0,0.5
brothers at war,1,0,0,0,0.0,0.5
brothers in arms,1,0,0,0,0.0,0.5
brothers justice,1,0,0,0,0.0,0.5
brothers keeper,1,0,0,0,0.0,0.5
brown sugar,1,0,0,0,0.0,0.5
brubaker,1,0,0,0,0.0,0.5
bruce almighty,1,0,0,0,0.0,0.5
bruce springsteens letter to you,1,0,0,0,0.0,0.5
bruised,1,0,0,0,0.0,0.5
bruiser,1,0,0,0,0.0,0.5
bruno,1,0,0,0,0.0,0.5
bubba hotep,1,0,0,0,0.0,0.5
bubble,1,0,0,0,0.0,0.5
bubble boy,1,0,0,0,0.0,0.5
bubot niyar,1,0,0,0,0.0,0.5
buck rogers in the 25th century,1,0,0,0,0.0,0.5
bucky larson born to be a star,1,0,0,0,0.0,0.5
buddy boy,1,0,0,0,0.0,0.5
buena vista social club,1,0,0,0,0.0,0.5
buena vista social club adios,1,0,0,0,0.0,0.5
buffalo 66,1,0,0,0,0.0,0.5
buffalo bill and the indians or sitting bulls history lesson,1,0,0,0,0.0,0.5
buffalo boys,1,0,0,0,0.0,0.5
buffalo girls,1,0,0,0,0.0,0.5
buffalo soldiers,1,0,0,0,0.0,0.5
buffalo â66,1,1,0,0,1.0,0.9
buffaloed,1,0,0,0,0.0,0.5
buffy the vampire slayer,1,0,0,0,0.0,0.5
bug,1,0,0,0,0.0,0.5
bugs,1,0,0,0,0.0,0.5
bugsy,1,0,0,0,0.0,0.5
bugsy malone,1,0,0,0,0.0,0.5
bukowski born into this,1,0,0,0,0.0,0.5
bulgarian lovers,1,0,0,0,0.0,0.5
bull,2,0,0,0,0.0,0.5
bull durham,1,0,0,0,0.0,0.5
bullet head,1,0,0,0,0.0,0.5
bullet to the head,1,0,0,0,0.0,0.5
bullet train,11,5,5,0,0.45454545454545453,0.7
bulletproof,1,0,0,0,0.0,0.5
bulletproof monk,1,0,0,0,0.0,0.5
bullhead,1,0,0,0,0.0,0.5
bullitt,1,0,0,0,0.0,0.5
bully,2,0,0,0,0.0,0.5
bully coward victim the story of roy cohn,1,0,0,0,0.0,0.5
bulworth,1,0,0,0,0.0,0.5
bumblebee,1,0,0,0,0.0,0.5
burden,1,0,0,0,0.0,0.5
burial,1,0,0,0,0.0,0.5
buried,1,0,0,0,0.0,0.5
burke and hare,1,0,0,0,0.0,0.5
burlesque,1,0,0,0,0.0,0.5
burma vj reporter i et lukket land,1,0,0,0,0.0,0.5
burn after reading,1,0,0,0,0.0,0.5
burn country,1,0,0,0,0.0,0.5
burning,2,2,0,0,1.0,0.9
burning blue,1,0,0,0,0.0,0.5
burning bush,1,0,0,0,0.0,0.5
burning cane,1,0,0,0,0.0,0.5
burning man the burning sensation,1,0,0,0,0.0,0.5
burning sands,1,0,0,0,0.0,0.5
burnt,1,0,0,0,0.0,0.5
burnt money,1,0,0,0,0.0,0.5
burying the ex,1,0,0,0,0.0,0.5
burzynski,1,0,0,0,0.0,0.5
bus 174,1,0,0,0,0.0,0.5
bushs brain,1,0,0,0,0.0,0.5
busters mal heart,1,0,0,0,0.0,0.5
bustin loose,1,0,0,0,0.0,0.5
but im a cheerleader,2,2,0,0,1.0,0.9
but iâm a cheerleader,5,4,1,0,0.8,0.82
butch cassidy and the sundance kid,1,0,0,0,0.0,0.5
butt boy,1,0,0,0,0.0,0.5
butter,1,0,0,0,0.0,0.5
butterfield 8,1,0,0,0,0.0,0.5
butterfly kiss,1,0,0,0,0.0,0.5
butterfly tongues,1,0,0,0,0.0,0.5
buybust,1,0,0,0,0.0,0.5
buñuel in the labyrinth of the turtles,1,0,0,0,0.0,0.5
by hook or by crook,1,0,0,0,0.0,0.5
by sidney lumet,1,0,0,0,0.0,0.5
by the grace of god,1,0,0,0,0.0,0.5
by the sea,1,0,0,0,0.0,0.5
byzantium,1,0,0,0,0.0,0.5
cabaret,1,0,0,0,0.0,0.5
cabin boy,1,0,0,0,0.0,0.5
cabin fever,2,0,0,0,0.0,0.5
cabin fever patient zero,1,0,0,0,0.0,0.5
cachorro,1,0,0,0,0.0,0.5
caché hidden,1,0,0,0,0.0,0.5
caddyshack,1,0,0,0,0.0,0.5
caddyshack ii,1,0,0,0,0.0,0.5
cadence,1,0,0,0,0.0,0.5
cadillac man,1,0,0,0,0.0,0.5
cadillac records,1,0,0,0,0.0,0.5
caesar must die,1,0,0,0,0.0,0.5
café de flore,1,0,0,0,0.0,0.5
café lumière,1,0,0,0,0.0,0.5
cairo conspiracy,1,0,0,0,0.0,0.5
cairo time,1,0,0,0,0.0,0.5
calendar girls,1,0,0,0,0.0,0.5
calibre,1,0,0,0,0.0,0.5
california solo,1,0,0,0,0.0,0.5
california split,1,0,0,0,0.0,0.5
call jane,1,0,0,0,0.0,0.5
call me by your name,5,4,1,0,0.8,0.8800000000000001
call me kuchu,1,0,0,0,0.0,0.5
call me lucky,1,0,0,0,0.0,0.5
callas forever,1,0,0,0,0.0,0.5
calle 54,1,0,0,0,0.0,0.5
calm with horses the shadow of violence,1,0,0,0,0.0,0.5
calvary,1,0,0,0,0.0,0.5
cam,1,0,0,0,0.0,0.5
cam2cam,1,0,0,0,0.0,0.5
camera obscura,1,0,0,0,0.0,0.5
cameraman the life and work of jack cardiff,1,0,0,0,0.0,0.5
cameraperson,1,0,0,0,0.0,0.5
camille claudel 1915,1,0,0,0,0.0,0.5
camp,1,0,0,0,0.0,0.5
camp xray,1,0,0,0,0.0,0.5
campfire,1,0,0,0,0.0,0.5
can mr smith get to washington anymore,1,0,0,0,0.0,0.5
can you bring it bill t jones and dman in the waters,1,0,0,0,0.0,0.5
can you ever forgive me,1,0,0,0,0.0,0.5
candy,1,0,0,0,0.0,0.5
candyman,4,1,2,0,0.25,0.7
candyman farewell to the flesh,1,0,0,0,0.0,0.5
caniba,1,0,0,0,0.0,0.5
cannery row,1,0,0,0,0.0,0.5
cannonball run ii,1,0,0,0,0.0,0.5
cant buy me love,1,0,0,0,0.0,0.5
cant hardly wait,1,0,0,0,0.0,0.5
cant stand losing you surviving the police,1,0,0,0,0.0,0.5
canvas,1,0,0,0,0.0,0.5
cape fear,1,0,0,0,0.0,0.5
cape of good hope,1,0,0,0,0.0,0.5
capernaum,1,0,0,0,0.0,0.5
capital,1,0,0,0,0.0,0.5
capital in the twentyfirst century,1,0,0,0,0.0,0.5
capone,1,0,0,0,0.0,0.5
capote,1,0,0,0,0.0,0.5
capricorn one,1,0,0,0,0.0,0.5
captain america civil war,1,0,0,0,0.0,0.5
captain america the first avenger,1,0,0,0,0.0,0.5
captain america the winter soldier,2,2,0,0,1.0,0.9
captain blood,1,0,0,0,0.0,0.5
captain corellis mandolin,1,0,0,0,0.0,0.5
captain fantastic,1,0,0,0,0.0,0.5
captain marvel,1,0,0,1,0.0,0.4
captain pantoja and the special services,1,0,0,0,0.0,0.5
captain phillips,1,0,0,0,0.0,0.5
captain ron,1,0,0,0,0.0,0.5
captain underpants the first epic movie,1,0,0,0,0.0,0.5
captains courageous,1,0,0,0,0.0,0.5
captive,2,0,0,0,0.0,0.5
captive state,1,0,0,0,0.0,0.5
capturing the friedmans,1,0,0,0,0.0,0.5
car wash,1,0,0,0,0.0,0.5
caramel,1,0,0,0,0.0,0.5
carancho,1,0,0,0,0.0,0.5
carandiru,1,0,0,0,0.0,0.5
carbon nation,1,0,0,0,0.0,0.5
career girls,1,0,0,0,0.0,0.5
career opportunities,1,0,0,0,0.0,0.5
careful,1,0,0,0,0.0,0.5
careful what you wish for,1,0,0,0,0.0,0.5
cargo,1,0,0,0,0.0,0.5
carlitos way,1,0,0,0,0.0,0.5
carlos,1,0,0,0,0.0,0.5
carlos castaneda enigma of a sorcerer,1,0,0,0,0.0,0.5
carmen jones,1,0,0,0,0.0,0.5
carmine street guitars,1,0,0,0,0.0,0.5
carnage,2,0,0,0,0.0,0.5
carnage park,1,0,0,0,0.0,0.5
carnal knowledge,1,0,0,0,0.0,0.5
carny,1,0,0,0,0.0,0.5
carol,6,6,0,0,1.0,0.9833333333333334
carol channing larger than life,1,0,0,0,0.0,0.5
carpool,1,0,0,0,0.0,0.5
carrie,5,5,0,0,1.0,0.8800000000000001
carrie pilby,1,0,0,0,0.0,0.5
cars,1,0,1,0,0.0,0.6
cars 2,1,0,0,0,0.0,0.5
cars 3,1,0,0,0,0.0,0.5
cartel land,1,0,0,0,0.0,0.5
casa de los babys,1,0,0,0,0.0,0.5
casa de mi padre,1,0,0,0,0.0,0.5
casablanca,3,3,0,0,1.0,0.9666666666666666
casablanca beats,1,0,0,0,0.0,0.5
casanova,1,0,0,0,0.0,0.5
cashback,1,0,0,0,0.0,0.5
casino,1,0,0,0,0.0,0.5
casino jack,1,0,0,0,0.0,0.5
casino jack and the united states of money,1,0,0,0,0.0,0.5
casino royale,2,2,0,0,1.0,1.0
casper,1,0,0,0,0.0,0.5
cassadaga,1,0,0,0,0.0,0.5
cassandras dream,1,0,0,0,0.0,0.5
cassandro,1,0,0,0,0.0,0.5
cast away,1,0,0,0,0.0,0.5
casting jonbenét,1,0,0,0,0.0,0.5
castle in the ground,1,0,0,0,0.0,0.5
castle in the sky,1,0,1,0,0.0,0.7
casualties of war,1,0,0,0,0.0,0.5
cat ballou,1,0,0,0,0.0,0.5
cat on a hot tin roof,1,0,0,0,0.0,0.5
cat people,2,0,0,0,0.0,0.5
cat run,1,0,0,0,0.0,0.5
catch a fire,1,0,0,0,0.0,0.5
catch and release,1,0,0,0,0.0,0.5
catch me daddy,1,0,0,0,0.0,0.5
catch me if you can,2,2,0,0,1.0,0.85
catch the fair one,1,0,0,0,0.0,0.5
catch22,1,0,0,0,0.0,0.5
caterina va in città,1,0,0,0,0.0,0.5
caterpillar,1,0,0,0,0.0,0.5
catfish in black bean sauce,1,0,0,0,0.0,0.5
cats,5,0,0,4,0.0,0.175
cats  dogs,1,0,0,0,0.0,0.5
cats  dogs the revenge of kitty galore,1,0,0,0,0.0,0.5
cats dont dance,1,0,0,0,0.0,0.5
caucus,1,0,0,0,0.0,0.5
caught in the web,1,0,0,0,0.0,0.5
causeway,1,0,0,0,0.0,0.5
caveat,1,0,0,0,0.0,0.5
caveman,1,0,0,0,0.0,0.5
cavite,1,0,0,0,0.0,0.5
cb4,1,0,0,0,0.0,0.5
cbgb,1,0,0,0,0.0,0.5
cecil b demented,1,0,0,0,0.0,0.5
cedar rapids,1,0,0,0,0.0,0.5
celebration,1,0,0,0,0.0,0.5
celebrity,1,0,0,0,0.0,0.5
celeste and jesse forever,1,0,0,0,0.0,0.5
cell,1,0,0,0,0.0,0.5
cellular,1,0,0,0,0.0,0.5
celsius 4111 the temperature at which the brain begins to die,1,0,0,0,0.0,0.5
celtic pride,1,0,0,0,0.0,0.5
cemetery of splendor,1,0,0,0,0.0,0.5
censor,1,0,0,0,0.0,0.5
censored voices,1,0,0,0,0.0,0.5
center stage,1,0,0,0,0.0,0.5
centigrade,1,0,0,0,0.0,0.5
central intelligence,1,0,0,0,0.0,0.5
central station,1,1,0,0,1.0,0.9
centurion,1,0,0,0,0.0,0.5
ceremony,1,0,0,0,0.0,0.5
certain women,1,0,0,0,0.0,0.5
certifiably jonathan,1,0,0,0,0.0,0.5
certified copy,1,0,0,0,0.0,0.5
cesar chavez,1,0,0,0,0.0,0.5
cha cha real smooth,3,3,0,0,1.0,0.9
chain,1,0,0,0,0.0,0.5
chain camera,1,0,0,0,0.0,0.5
chain reaction,1,0,0,0,0.0,0.5
chained for life,1,0,0,0,0.0,0.5
chalk,1,0,0,0,0.0,0.5
champions,1,0,0,0,0.0,0.5
chances are,1,0,0,0,0.0,0.5
chander pahar mountains of the moon,1,0,0,0,0.0,0.5
chandni chowk to china,1,0,0,0,0.0,0.5
change of plans le code a changé,1,0,0,0,0.0,0.5
changeling,1,0,0,0,0.0,0.5
changing times,1,0,0,0,0.0,0.5
chaos,1,0,0,0,0.0,0.5
chaos theory,1,0,0,0,0.0,0.5
chaos walking,1,0,0,0,0.0,0.5
chaplin,1,0,0,0,0.0,0.5
chappaquiddick,1,0,0,0,0.0,0.5
chappie,1,0,0,0,0.0,0.5
charade,1,1,0,0,1.0,0.8
charlatan,1,0,0,0,0.0,0.5
charli xcx alone together,1,0,0,0,0.0,0.5
charlie and the chocolate factory,1,0,1,0,0.0,0.6
charlie bartlett,1,0,0,0,0.0,0.5
charlie says,1,0,0,0,0.0,0.5
charlie the life and art of charles chaplin,1,0,0,0,0.0,0.5
charlie victor romeo,1,0,0,0,0.0,0.5
charlie wilsons war,1,0,0,0,0.0,0.5
charlies angels,2,0,0,0,0.0,0.5
charlies angels full throttle,1,0,0,0,0.0,0.5
charlies country,1,0,0,0,0.0,0.5
charlotte,1,0,0,0,0.0,0.5
charlotte gray,1,0,0,0,0.0,0.5
charlotte sometimes,1,0,0,0,0.0,0.5
charlottes web,1,0,0,0,0.0,0.5
chasers,1,0,0,0,0.0,0.5
chasing amy,1,0,0,0,0.0,0.5
chasing ice,1,0,0,0,0.0,0.5
chasing liberty,1,0,0,0,0.0,0.5
chasing madoff,1,0,0,0,0.0,0.5
chasing mavericks,1,0,0,0,0.0,0.5
chasing papi,1,0,0,0,0.0,0.5
chasing trane the john coltrane documentary,1,0,0,0,0.0,0.5
chavela,1,0,0,0,0.0,0.5
cheap thrills,1,0,0,0,0.0,0.5
cheaper by the dozen,2,0,0,0,0.0,0.5
cheaper by the dozen 2,1,0,0,0,0.0,0.5
cheatin,1,0,0,0,0.0,0.5
cheech and chongs next movie,1,0,0,0,0.0,0.5
cheerful weather for the wedding,1,0,0,0,0.0,0.5
chef,1,0,0,0,0.0,0.5
chef flynn,1,0,0,0,0.0,0.5
chelsea on the rocks,1,0,0,0,0.0,0.5
chemical hearts,1,0,0,0,0.0,0.5
cherish,1,0,0,0,0.0,0.5
chernobyl diaries,1,0,0,0,0.0,0.5
cherry,1,0,0,1,0.0,0.2
cherry blossoms,1,0,0,0,0.0,0.5
chevalier,2,0,0,0,0.0,0.5
chicago,1,1,0,0,1.0,1.0
chicago 10,1,0,0,0,0.0,0.5
chicken little,1,0,0,1,0.0,0.2
chicken run,1,0,0,0,0.0,0.5
chicken with plums,1,0,0,0,0.0,0.5
chico  rita,1,0,0,0,0.0,0.5
child 44,1,0,0,0,0.0,0.5
child of god,1,0,0,0,0.0,0.5
children of a lesser god,1,0,0,0,0.0,0.5
children of heaven,1,0,0,0,0.0,0.5
children of invention,1,0,0,0,0.0,0.5
children of love,1,0,0,0,0.0,0.5
children of men,2,2,0,0,1.0,0.95
children of paradise,1,0,0,0,0.0,0.5
children of the corn,1,0,0,0,0.0,0.5
children of the revolution,1,0,0,0,0.0,0.5
children of the sea,1,0,0,0,0.0,0.5
children underground,1,0,0,0,0.0,0.5
childs play,1,0,0,0,0.0,0.5
childs play 2,1,0,0,0,0.0,0.5
childs play 3,1,0,0,0,0.0,0.5
childs pose,1,0,0,0,0.0,0.5
chill factor,1,0,0,0,0.0,0.5
chimpanzee,1,0,0,0,0.0,0.5
china blue,1,0,0,0,0.0,0.5
china the panda adventure,1,0,0,0,0.0,0.5
chinatown,1,1,0,0,1.0,0.9
chinese puzzle,1,0,0,0,0.0,0.5
chip n dale rescue rangers,1,0,0,0,0.0,0.5
chip ân dale rescue rangers,3,2,1,0,0.6666666666666666,0.7333333333333333
chips,1,0,0,0,0.0,0.5
chiraq,1,0,0,0,0.0,0.5
chisholm 72 unbought  unbossed,1,0,0,0,0.0,0.5
chloe,1,0,0,0,0.0,0.5
chlorine,1,0,0,0,0.0,0.5
chocolat,2,0,0,0,0.0,0.5
choke,1,0,0,0,0.0,0.5
choose or die,1,0,0,1,0.0,0.3
chop shop,1,0,0,0,0.0,0.5
chop suey,1,0,0,0,0.0,0.5
chopper,1,0,0,0,0.0,0.5
chris  don a love story,1,0,0,0,0.0,0.5
christine,2,0,0,0,0.0,0.5
christmas bloody christmas,1,0,0,0,0.0,0.5
christmas in connecticut,1,0,0,0,0.0,0.5
christmas in the clouds,1,0,0,0,0.0,0.5
christmas with the kranks,1,0,0,0,0.0,0.5
christopher robin,1,0,1,0,0.0,0.7
chronic,1,0,0,0,0.0,0.5
chronicle,1,0,0,0,0.0,0.5
chuck,1,0,0,0,0.0,0.5
chuck  buck,1,0,0,0,0.0,0.5
chuen jik sat sau,1,0,0,0,0.0,0.5
chungking express,6,4,1,0,0.6666666666666666,0.8400000000000001
chunhyangdyun,1,0,0,0,0.0,0.5
churchill,1,0,0,0,0.0,0.5
chutney popcorn,1,0,0,0,0.0,0.5
chéri,1,0,0,0,0.0,0.5
cielo,1,0,0,0,0.0,0.5
cinderella,4,0,0,3,0.0,0.13333333333333333
cinderella man,1,0,0,0,0.0,0.5
cinema sabaya,1,0,0,0,0.0,0.5
cinemania,1,0,0,0,0.0,0.5
cinévardaphoto,1,0,0,0,0.0,0.5
circo,1,0,0,0,0.0,0.5
circuit,1,0,0,0,0.0,0.5
circus of books,1,0,0,0,0.0,0.5
cirkus columbia,1,0,0,0,0.0,0.5
cirque du soleil journey of man,1,0,0,0,0.0,0.5
cirque du soleil worlds away,1,0,0,0,0.0,0.5
citadel,1,0,0,0,0.0,0.5
citizen ashe,1,0,0,0,0.0,0.5
citizen gangster,1,0,0,0,0.0,0.5
citizen jane battle for the city,1,0,0,0,0.0,0.5
citizen k,1,0,0,0,0.0,0.5
citizen kane,4,3,0,1,0.75,0.75
citizen ruth,1,0,0,0,0.0,0.5
citizen toxie the toxic avenger iv,1,0,0,0,0.0,0.5
citizens band,1,0,0,0,0.0,0.5
city by the sea,1,0,0,0,0.0,0.5
city hall,2,0,0,0,0.0,0.5
city heat,1,0,0,0,0.0,0.5
city island,1,0,0,0,0.0,0.5
city of angels,1,0,0,0,0.0,0.5
city of ember,1,0,0,0,0.0,0.5
city of ghosts,1,0,0,0,0.0,0.5
city of god,1,0,0,0,0.0,0.5
city of gold,1,0,0,0,0.0,0.5
city of lies,1,0,0,0,0.0,0.5
city of men,1,0,0,0,0.0,0.5
city of tiny lights,1,0,0,0,0.0,0.5
city slickers ii the legend of curlys gold,1,0,0,0,0.0,0.5
city with no mercy,1,0,0,0,0.0,0.5
civic duty,1,0,0,0,0.0,0.5
civil brand,1,0,0,0,0.0,0.5
cj7,1,0,0,0,0.0,0.5
claire dolan,1,0,0,0,0.0,0.5
claire in motion,1,0,0,0,0.0,0.5
claires camera,1,0,0,0,0.0,0.5
clandestine childhood,1,0,0,0,0.0,0.5
claras heart,1,0,0,0,0.0,0.5
clash,1,0,0,0,0.0,0.5
clash of the titans,2,0,0,0,0.0,0.5
class,1,0,0,0,0.0,0.5
class action,1,0,0,0,0.0,0.5
class action park,1,0,0,0,0.0,0.5
class of 1984,1,0,0,0,0.0,0.5
class of 1999,1,0,0,0,0.0,0.5
clay pigeons,1,0,0,0,0.0,0.5
clean,1,0,0,0,0.0,0.5
clear and present danger,1,0,0,0,0.0,0.5
clemency,1,0,0,0,0.0,0.5
clementine,1,0,0,0,0.0,0.5
cleopatra,1,0,0,0,0.0,0.5
cleopatra jones,1,0,0,0,0.0,0.5
clerks,1,0,0,0,0.0,0.5
clerks ii,1,0,0,0,0.0,0.5
clerks iii,1,0,0,0,0.0,0.5
click,1,0,0,0,0.0,0.5
client 9 the rise and fall of eliot spitzer,1,0,0,0,0.0,0.5
cliff walkers,1,0,0,0,0.0,0.5
cliffhanger,1,0,0,0,0.0,0.5
cliffords really big movie,1,0,0,0,0.0,0.5
climates,1,0,0,0,0.0,0.5
climax,4,3,1,0,0.75,0.9
cloak  dagger,1,0,0,0,0.0,0.5
clockers,1,0,0,0,0.0,0.5
clockstoppers,1,0,0,0,0.0,0.5
clockwatchers,1,0,0,0,0.0,0.5
close,4,4,0,0,1.0,0.9
close encounters of the third kind,1,0,0,0,0.0,0.5
close to home,1,0,0,0,0.0,0.5
close your eyes,1,0,0,0,0.0,0.5
closed circuit,1,0,0,0,0.0,0.5
closed curtain,1,0,0,0,0.0,0.5
closer,3,2,1,0,0.6666666666666666,0.7666666666666667
closer to god,1,0,0,0,0.0,0.5
closet monster,1,0,0,0,0.0,0.5
closeup,1,0,0,0,0.0,0.5
clouds,1,0,0,0,0.0,0.5
clouds of sils maria,1,0,0,0,0.0,0.5
cloudy with a chance of meatballs,1,1,0,0,1.0,0.8
cloverfield,1,0,0,0,0.0,0.5
club dread,1,0,0,0,0.0,0.5
club paradise,1,0,0,0,0.0,0.5
clue,5,4,0,0,0.8,0.9
clueless,5,5,0,0,1.0,0.9400000000000001
clão from 5 to  6,1,1,0,0,1.0,0.8
cléo from 5 to 7,1,0,0,0,0.0,0.5
coach carter,1,0,0,0,0.0,0.5
cobb,1,0,0,0,0.0,0.5
cobra,1,0,0,0,0.0,0.5
cocaine bear,11,3,5,0,0.2727272727272727,0.7625
cocaine cowboys,1,0,0,0,0.0,0.5
cockneys vs zombies,1,0,0,0,0.0,0.5
cocktail,1,0,0,0,0.0,0.5
coco,2,2,0,0,1.0,0.8
coco before chanel,1,0,0,0,0.0,0.5
coco chanel  igor stravinsky,1,0,0,0,0.0,0.5
cocoon,1,0,0,0,0.0,0.5
cocoon the return,1,0,0,0,0.0,0.5
cocote,1,0,0,0,0.0,0.5
coda,8,3,4,0,0.375,0.7428571428571429
code black,1,0,0,0,0.0,0.5
code name the cleaner,1,0,0,0,0.0,0.5
code unknown incomplete tales of several journeys,1,0,0,0,0.0,0.5
coded bias,1,0,0,0,0.0,0.5
coffee  kareem,1,0,0,0,0.0,0.5
coffee date,1,0,0,0,0.0,0.5
coffy,1,0,0,0,0.0,0.5
cog,1,0,0,0,0.0,0.5
coherence,2,2,0,0,1.0,0.8
cold blood,1,0,0,0,0.0,0.5
cold case hammarskjöld,1,0,0,0,0.0,0.5
cold creek manor,1,0,0,0,0.0,0.5
cold in july,1,0,0,0,0.0,0.5
cold pursuit,1,0,0,0,0.0,0.5
cold souls,1,0,0,0,0.0,0.5
cold turkey,1,0,0,0,0.0,0.5
cold war,1,0,0,0,0.0,0.5
cold weather,1,0,0,0,0.0,0.5
coldwater,1,0,0,0,0.0,0.5
colette,1,0,0,0,0.0,0.5
collaborator,1,0,0,0,0.0,0.5
collateral,2,1,0,0,0.5,0.9
collateral beauty,1,0,0,0,0.0,0.5
collateral damage,1,0,0,0,0.0,0.5
collateral damages,1,0,0,0,0.0,0.5
collective,1,0,0,0,0.0,0.5
college road trip,1,0,0,0,0.0,0.5
colliding dreams,1,0,0,0,0.0,0.5
color me kubrick,1,0,0,0,0.0,0.5
color out of space,1,0,0,0,0.0,0.5
colossal,1,0,0,0,0.0,0.5
columbus,2,2,0,0,1.0,0.95
coma,1,0,0,0,0.0,0.5
combat obscura,1,0,0,0,0.0,0.5
come and find me,1,0,0,0,0.0,0.5
come and see,2,2,0,0,1.0,1.0
come as you are,1,0,0,0,0.0,0.5
come away,1,0,0,0,0.0,0.5
come early morning,1,0,0,0,0.0,0.5
come from away,1,0,0,0,0.0,0.5
come out and play,1,0,0,0,0.0,0.5
come play,1,0,0,0,0.0,0.5
come sunday,1,0,0,0,0.0,0.5
come to daddy,1,0,0,0,0.0,0.5
come true,1,0,0,0,0.0,0.5
come undone,1,0,0,0,0.0,0.5
come what may,1,0,0,0,0.0,0.5
comedy of power,1,0,0,0,0.0,0.5
comet,1,0,0,0,0.0,0.5
comiccon episode iv a fans hope,1,0,0,0,0.0,0.5
coming home,2,0,0,0,0.0,0.5
coming home again,1,0,0,0,0.0,0.5
coming through the rye,1,0,0,0,0.0,0.5
coming to america,1,0,0,0,0.0,0.5
commando,1,0,0,0,0.0,0.5
committed,1,0,0,0,0.0,0.5
commune,1,0,0,0,0.0,0.5
company man,1,0,0,0,0.0,0.5
compartment no 6,1,0,0,0,0.0,0.5
complete unknown,1,0,0,0,0.0,0.5
compliance,1,0,0,0,0.0,0.5
computer chess,1,0,0,0,0.0,0.5
conan obrien cant stop,1,0,0,0,0.0,0.5
conan the barbarian,2,0,0,0,0.0,0.5
conan the destroyer,1,0,0,0,0.0,0.5
concert for george,1,0,0,0,0.0,0.5
concrete cowboy,1,0,0,0,0.0,0.5
concussion,2,0,0,0,0.0,0.5
condo painting,1,0,0,0,0.0,0.5
condorman,1,0,0,0,0.0,0.5
coneheads,1,0,0,0,0.0,0.5
confess fletch,1,0,0,0,0.0,0.5
confessions of a burning man,1,0,0,0,0.0,0.5
confessions of a dangerous mind,1,0,0,0,0.0,0.5
confessions of a shopaholic,1,0,0,0,0.0,0.5
confessions of a teenage drama queen,1,0,0,0,0.0,0.5
confetti,1,0,0,0,0.0,0.5
confusion of genders,1,0,0,0,0.0,0.5
congo,1,0,0,0,0.0,0.5
connected an autoblogography about love death  technology,1,0,0,0,0.0,0.5
connie and carla,1,0,0,0,0.0,0.5
consecration,1,0,0,0,0.0,0.5
consenting adults,1,0,0,0,0.0,0.5
conspiracy of silence,1,0,0,0,0.0,0.5
conspiracy theory,1,0,0,0,0.0,0.5
constantine,1,0,0,0,0.0,0.5
constellation,1,0,0,0,0.0,0.5
consuming spirits,1,0,0,0,0.0,0.5
contact,1,0,0,0,0.0,0.5
contagion,1,0,0,0,0.0,0.5
contemporary color,1,0,0,0,0.0,0.5
continental divide,1,0,0,0,0.0,0.5
contraband,1,0,0,0,0.0,0.5
contracted phase ii,1,0,0,0,0.0,0.5
control,2,0,0,0,0.0,0.5
control room,1,0,0,0,0.0,0.5
conversations with god,1,0,0,0,0.0,0.5
conversations with other women,1,0,0,0,0.0,0.5
conviction,1,0,0,0,0.0,0.5
convoy,1,0,0,0,0.0,0.5
cook county,1,0,0,0,0.0,0.5
cookies fortune,1,0,0,0,0.0,0.5
cool and crazy,1,0,0,0,0.0,0.5
cool as ice,1,0,0,0,0.0,0.5
cool hand luke,1,0,0,0,0.0,0.5
cool runnings,1,0,0,0,0.0,0.5
cool world,1,0,0,0,0.0,0.5
cooley high,1,0,0,0,0.0,0.5
cop car,1,0,0,0,0.0,0.5
cop land,1,0,0,0,0.0,0.5
cop out,1,0,0,0,0.0,0.5
copperhead,1,0,0,0,0.0,0.5
copshop,1,0,0,0,0.0,0.5
copying beethoven,1,0,0,0,0.0,0.5
coraline,3,3,0,0,1.0,0.9
coriolanus,1,0,0,0,0.0,0.5
corky romano,1,0,0,0,0.0,0.5
corpse bride,2,1,1,0,0.5,0.8
corpus callosum,1,0,0,0,0.0,0.5
corsage,1,0,0,0,0.0,0.5
corvette summer,1,0,0,0,0.0,0.5
cosmopolis,1,0,0,0,0.0,0.5
costa brava lebanon,1,0,0,0,0.0,0.5
così ridevano,1,0,0,0,0.0,0.5
cote dazur,1,0,0,0,0.0,0.5
cotton mary,1,0,0,0,0.0,0.5
countdown,1,0,0,0,0.0,0.5
countdown to zero,1,0,0,0,0.0,0.5
counting,1,0,0,0,0.0,0.5
country strong,1,0,0,0,0.0,0.5
coup 53,1,0,0,0,0.0,0.5
couples retreat,1,0,0,0,0.0,0.5
courageous,1,0,0,0,0.0,0.5
court,1,0,0,0,0.0,0.5
cousin jules,1,0,0,0,0.0,0.5
cow,1,0,0,0,0.0,0.5
cowboy bebop,1,0,0,0,0.0,0.5
cowboy bebop the movie knockin on heavens door,1,0,0,0,0.0,0.5
cowboys,1,0,0,0,0.0,0.5
cowboys  aliens,1,0,0,0,0.0,0.5
cowboys  angels,1,0,0,0,0.0,0.5
coyote ugly,1,0,0,0,0.0,0.5
cq,1,0,0,0,0.0,0.5
cracks,1,0,0,0,0.0,0.5
cradle 2 the grave,1,0,0,0,0.0,0.5
cradle will rock,1,0,0,0,0.0,0.5
crank,1,0,0,0,0.0,0.5
crash,2,2,0,0,1.0,0.9
crawl,1,0,0,0,0.0,0.5
crazy eyes,1,0,0,0,0.0,0.5
crazy heart,1,0,0,0,0.0,0.5
crazy horse,1,0,0,0,0.0,0.5
crazy in alabama,1,0,0,0,0.0,0.5
crazy love,1,0,0,0,0.0,0.5
crazy not insane,1,0,0,0,0.0,0.5
crazy on the outside,1,0,0,0,0.0,0.5
crazy rich asians,1,1,0,0,1.0,0.9
crazy stupid love,4,2,1,0,0.5,0.7666666666666667
crazy wisdom the life  times of chogyam trungpa rinpoche,1,0,0,0,0.0,0.5
creation stories,1,0,0,0,0.0,0.5
creative control,1,0,0,0,0.0,0.5
creature,1,0,0,0,0.0,0.5
creature from the black lagoon,1,0,0,0,0.0,0.5
creed,3,3,0,0,1.0,0.9
creed ii,1,0,0,0,0.0,0.5
creed iii,1,1,0,0,1.0,0.8
creem americas only rock n roll magazine,1,0,0,0,0.0,0.5
creep,1,1,0,0,1.0,0.9
creep 2,1,0,1,0,0.0,0.6
creepshow,1,0,0,0,0.0,0.5
creepshow 2,1,0,0,0,0.0,0.5
crime  punishment,1,0,0,0,0.0,0.5
crime after crime,1,0,0,0,0.0,0.5
crime and punishment in suburbia,1,0,0,0,0.0,0.5
crimes of passion,1,0,0,0,0.0,0.5
crimes of the future,2,1,1,0,0.5,0.65
crimes of the heart,1,0,0,0,0.0,0.5
criminal,2,0,0,0,0.0,0.5
criminal activities,1,0,0,0,0.0,0.5
crimson peak,1,0,0,0,0.0,0.5
crimson tide,1,0,0,0,0.0,0.5
crip camp a disability revolution,1,0,0,0,0.0,0.5
crisis,1,0,0,0,0.0,0.5
critters,1,0,0,0,0.0,0.5
critters 2,1,0,0,0,0.0,0.5
crock of gold a few rounds with shane macgowan,1,0,0,0,0.0,0.5
crocodile dundee,1,0,0,0,0.0,0.5
crocodile dundee ii,1,0,0,0,0.0,0.5
cronos,1,0,0,0,0.0,0.5
crooked arrows,1,0,0,0,0.0,0.5
crooklyn,1,0,0,0,0.0,0.5
crop circles quest for truth,1,0,0,0,0.0,0.5
cropsey,1,0,0,0,0.0,0.5
cross of iron,1,0,0,0,0.0,0.5
crosscurrent,1,0,0,0,0.0,0.5
crossing the bridge the sound of istanbul,1,0,0,0,0.0,0.5
crossing the line,1,0,0,0,0.0,0.5
crossroads,1,0,0,0,0.0,0.5
croupier,1,0,0,0,0.0,0.5
crown vic,1,0,0,0,0.0,0.5
crude,1,0,0,0,0.0,0.5
cruel intentions,1,0,1,0,0.0,0.6
cruella,4,1,2,0,0.25,0.7333333333333333
cruising,1,0,0,0,0.0,0.5
crumb,1,0,0,0,0.0,0.5
crush,4,4,0,0,1.0,0.9
cry freedom,1,0,0,0,0.0,0.5
cry macho,1,0,0,0,0.0,0.5
cry the beloved country,1,0,0,0,0.0,0.5
cry_wolf,1,0,0,0,0.0,0.5
crybaby,1,1,0,0,1.0,0.8
cryptozoo,1,0,0,0,0.0,0.5
crystal fairy  the magical cactus,1,0,0,0,0.0,0.5
csa the confederate states of america,1,0,0,0,0.0,0.5
csnydéjà vu,1,0,0,0,0.0,0.5
cuba,1,0,0,0,0.0,0.5
cuba feliz,1,0,0,0,0.0,0.5
cuba island of music,1,0,0,0,0.0,0.5
cuban fury,1,0,0,0,0.0,0.5
cuban rafters,1,0,0,0,0.0,0.5
cujo,1,0,0,0,0.0,0.5
cunningham,1,0,0,0,0.0,0.5
cupcakes,1,0,0,0,0.0,0.5
cure,1,0,0,0,0.0,0.5
curious george,1,0,0,0,0.0,0.5
curse of the golden flower,1,0,0,0,0.0,0.5
curse of the pink panther,1,0,0,0,0.0,0.5
cursed,1,0,0,0,0.0,0.5
custody,1,0,0,0,0.0,0.5
cut bank,1,0,0,0,0.0,0.5
cut sleeve boys,1,0,0,0,0.0,0.5
cut throat city,1,0,0,0,0.0,0.5
cutie and the boxer,1,0,0,0,0.0,0.5
cuties,1,0,0,1,0.0,0.1
cutters way,1,0,0,0,0.0,0.5
cutthroat island,1,0,0,0,0.0,0.5
cyberworld,1,0,0,0,0.0,0.5
cyborg,1,0,0,0,0.0,0.5
cyrano,1,0,0,0,0.0,0.5
cyrano de bergerac,1,0,0,0,0.0,0.5
cyrano my love,1,0,0,0,0.0,0.5
czech dream,1,0,0,0,0.0,0.5
câmon câmon,4,4,0,0,1.0,0.9
cézanne et moi,1,0,0,0,0.0,0.5
da 5 bloods,1,0,0,0,0.0,0.5
da sweet blood of jesus,1,0,0,0,0.0,0.5
dad,1,0,0,0,0.0,0.5
daddy day camp,1,0,0,0,0.0,0.5
daddy day care,1,0,0,0,0.0,0.5
daddy longlegs,1,0,0,0,0.0,0.5
daddys home,1,0,0,0,0.0,0.5
daddys little girls,1,0,0,0,0.0,0.5
dads army,1,0,0,0,0.0,0.5
dahmer,1,0,0,0,0.0,0.5
dahmer â monster the jeffrey dahmer story,2,0,2,0,0.0,0.6
dai si gin,1,0,0,0,0.0,0.5
daisy miller,1,0,0,0,0.0,0.5
dallas 362,1,0,0,0,0.0,0.5
daltry calhoun,1,0,0,0,0.0,0.5
dalíland,1,0,0,0,0.0,0.5
damascus cover,1,0,0,0,0.0,0.5
damien omen ii,1,0,0,0,0.0,0.5
damsel,1,0,0,0,0.0,0.5
damsels in distress,1,0,0,0,0.0,0.5
dan in real life,1,0,0,0,0.0,0.5
dance flick,1,0,0,0,0.0,0.5
dances with wolves,1,0,0,0,0.0,0.5
dancing at the blue iguana,1,0,0,0,0.0,0.5
dancing in jaffa,1,0,0,0,0.0,0.5
dandelion,1,0,0,0,0.0,0.5
dangerous liaisons,2,0,0,0,0.0,0.5
dangerous lies,1,0,0,0,0.0,0.5
dangerous minds,1,0,0,0,0.0,0.5
danny collins,1,0,0,0,0.0,0.5
danny deckchair,1,0,0,0,0.0,0.5
danny says,1,0,0,0,0.0,0.5
dantes peak,1,0,0,0,0.0,0.5
dare,1,0,0,0,0.0,0.5
darfur now,1,0,0,0,0.0,0.5
dark blue world,1,0,0,0,0.0,0.5
dark city,1,0,0,0,0.0,0.5
dark crimes,1,0,0,0,0.0,0.5
dark days,1,0,0,0,0.0,0.5
dark glasses,1,0,0,0,0.0,0.5
dark horse,1,0,0,0,0.0,0.5
dark house,1,0,0,0,0.0,0.5
dark matter,1,0,0,0,0.0,0.5
dark money,1,0,0,0,0.0,0.5
dark passage,1,0,0,0,0.0,0.5
dark phoenix,1,0,0,0,0.0,0.5
dark places,1,0,0,0,0.0,0.5
dark river,1,0,0,0,0.0,0.5
dark shadows,1,0,0,0,0.0,0.5
dark skies,1,0,0,0,0.0,0.5
dark star,1,0,0,0,0.0,0.5
dark streets,1,0,0,0,0.0,0.5
dark was the night,1,0,0,0,0.0,0.5
dark water,1,0,0,0,0.0,0.5
dark waters,1,0,0,0,0.0,0.5
darkest hour,1,0,0,0,0.0,0.5
darkness falls,1,0,0,0,0.0,0.5
darling companion,1,0,0,0,0.0,0.5
darshan the embrace,1,0,0,0,0.0,0.5
darwins nightmare,1,0,0,0,0.0,0.5
das boot,1,0,0,0,0.0,0.5
das wilde leben,1,0,0,0,0.0,0.5
dashcam,1,0,0,0,0.0,0.5
date and switch,1,0,0,0,0.0,0.5
date movie,1,0,0,0,0.0,0.5
date night,1,0,0,0,0.0,0.5
daughter from danang,1,0,0,0,0.0,0.5
daughters of darkness,1,0,0,0,0.0,0.5
daughters of the dust,1,0,0,0,0.0,0.5
dave,1,0,0,0,0.0,0.5
dave chappelles block party,1,0,0,0,0.0,0.5
david brent life on the road,1,0,0,0,0.0,0.5
david byrnes american utopia,1,0,0,0,0.0,0.5
david copperfield,1,0,0,0,0.0,0.5
david crosby remember my name,1,0,0,0,0.0,0.5
david lynch the art life,1,0,0,0,0.0,0.5
dawn of the dead,2,0,0,0,0.0,0.5
dawn of the planet of the apes,1,0,0,0,0.0,0.5
dawn patrol,1,0,0,0,0.0,0.5
dawson city frozen time,1,0,0,0,0.0,0.5
day of the dead,1,0,0,0,0.0,0.5
day shift,1,0,0,0,0.0,0.5
day watch,1,0,0,0,0.0,0.5
daybreakers,1,0,0,0,0.0,0.5
daydream nation,1,0,0,0,0.0,0.5
daylight,2,0,0,0,0.0,0.5
days,1,0,0,0,0.0,0.5
days of glory,1,0,0,0,0.0,0.5
days of grace,1,0,0,0,0.0,0.5
days of heaven,1,0,0,0,0.0,0.5
days of the bagnold summer,1,0,0,0,0.0,0.5
days of wine and roses,1,0,0,0,0.0,0.5
dayveon,1,0,0,0,0.0,0.5
dazed and confused,2,2,0,0,1.0,0.9
de palma,1,0,0,0,0.0,0.5
dead  breakfast,1,0,0,0,0.0,0.5
dead  buried,1,0,0,0,0.0,0.5
dead again,1,0,0,0,0.0,0.5
dead calm,1,0,0,0,0.0,0.5
dead for a dollar,1,0,0,0,0.0,0.5
dead man down,1,0,0,0,0.0,0.5
dead man on campus,1,0,0,0,0.0,0.5
dead man walking,1,0,0,0,0.0,0.5
dead mans burden,1,0,0,0,0.0,0.5
dead mans shoes,1,0,0,0,0.0,0.5
dead men dont wear plaid,1,0,0,0,0.0,0.5
dead of winter,1,0,0,0,0.0,0.5
dead or alive,1,0,0,0,0.0,0.5
dead or alive final,1,0,0,0,0.0,0.5
dead pigs,1,0,0,0,0.0,0.5
dead poets society,11,11,0,0,1.0,0.9
dead ringers,1,0,0,0,0.0,0.5
dead snow,1,0,0,0,0.0,0.5
dead snow 2 red vs dead,1,0,0,0,0.0,0.5
dead souls,1,0,0,0,0.0,0.5
deadfall,1,0,0,0,0.0,0.5
deadline,1,0,0,0,0.0,0.5
deadly friend,1,0,0,0,0.0,0.5
deadpool,1,0,0,0,0.0,0.5
deadpool 2,1,0,0,0,0.0,0.5
deal,1,0,0,0,0.0,0.5
dealin with idiots,1,0,0,0,0.0,0.5
dealt,1,0,0,0,0.0,0.5
dean,1,0,0,0,0.0,0.5
dear comrades,1,0,0,0,0.0,0.5
dear dictator,1,0,0,0,0.0,0.5
dear evan hansen,2,0,0,2,0.0,0.25
dear frankie,1,0,0,0,0.0,0.5
dear john,1,0,0,0,0.0,0.5
dear mr watterson,1,0,0,0,0.0,0.5
dear wendy,1,0,0,0,0.0,0.5
dear white people,1,0,0,0,0.0,0.5
death and the maiden,1,0,0,0,0.0,0.5
death becomes her,1,0,0,0,0.0,0.5
death by china,1,0,0,0,0.0,0.5
death defying acts,1,0,0,0,0.0,0.5
death in love,1,0,0,0,0.0,0.5
death note,1,0,0,0,0.0,0.5
death of a dynasty,1,0,0,0,0.0,0.5
death of a gunfighter,1,0,0,0,0.0,0.5
death of a nation,1,0,0,0,0.0,0.5
death of a president,1,0,0,0,0.0,0.5
death on the nile,4,0,4,0,0.0,0.55
death proof,1,1,0,0,1.0,1.0
death race,1,0,0,0,0.0,0.5
death race 2000,1,0,0,0,0.0,0.5
death sentence,1,0,0,0,0.0,0.5
death to smoochy,1,0,0,0,0.0,0.5
death warrant,1,0,0,0,0.0,0.5
death wish,2,0,0,0,0.0,0.5
death wish 3,1,0,0,0,0.0,0.5
death wish ii,1,0,0,0,0.0,0.5
deathtrap,1,0,0,0,0.0,0.5
debs,2,2,0,0,1.0,0.9
december boys,1,0,0,0,0.0,0.5
deception,2,0,0,0,0.0,0.5
deceptive practices the mysteries and mentors of ricky jay,1,0,0,0,0.0,0.5
decision to leave,3,3,0,0,1.0,0.9
deck the halls,1,0,0,0,0.0,0.5
declaration of war,1,0,0,0,0.0,0.5
decoding deepak,1,0,0,0,0.0,0.5
deconstructing harry,1,0,0,0,0.0,0.5
deep blue,1,0,0,0,0.0,0.5
deep blue sea,1,0,0,0,0.0,0.5
deep cover,1,0,0,0,0.0,0.5
deep impact,1,0,0,0,0.0,0.5
deep red,1,0,0,0,0.0,0.5
deep sea,1,0,0,0,0.0,0.5
deep water,2,0,0,2,0.0,0.4
deepstar six,1,0,0,0,0.0,0.5
deepwater horizon,1,0,0,0,0.0,0.5
deerskin,1,0,0,0,0.0,0.5
defending your life,1,0,0,0,0.0,0.5
definitely maybe,1,0,0,0,0.0,0.5
defying gravity,1,0,0,0,0.0,0.5
deidra  laney rob a train,1,0,0,0,0.0,0.5
deja vu,1,0,0,0,0.0,0.5
delgo,1,0,0,0,0.0,0.5
deli man,1,0,0,0,0.0,0.5
delicacy,1,0,0,0,0.0,0.5
delicatessen,1,0,0,0,0.0,0.5
delirious,1,0,0,0,0.0,0.5
deliver us from eva,1,0,0,0,0.0,0.5
deliver us from evil,2,0,0,0,0.0,0.5
delivery man,1,0,0,0,0.0,0.5
delovely,1,0,0,0,0.0,0.5
delta farce,1,0,0,0,0.0,0.5
democrats,1,0,0,0,0.0,0.5
demolition,1,0,0,0,0.0,0.5
demolition man,1,0,0,0,0.0,0.5
demon seed,1,0,0,0,0.0,0.5
demon slayer kimetsu no yaiba the movie mugen train,1,0,0,0,0.0,0.5
demonic,1,0,0,0,0.0,0.5
demonlover,1,0,0,0,0.0,0.5
demons,1,0,0,0,0.0,0.5
den of thieves,1,0,0,0,0.0,0.5
denial,1,0,0,0,0.0,0.5
dennis the menace,1,0,0,0,0.0,0.5
department q the keeper of lost causes,1,0,0,0,0.0,0.5
departures,1,0,0,0,0.0,0.5
depraved,1,0,0,0,0.0,0.5
derek delgaudios in  of itself,1,0,0,0,0.0,0.5
descendant,1,0,0,0,0.0,0.5
descent,1,0,0,0,0.0,0.5
desert dancer,1,0,0,0,0.0,0.5
desert flower,1,0,0,0,0.0,0.5
desert hearts,1,0,0,0,0.0,0.5
desert one,1,0,0,0,0.0,0.5
desire,1,0,0,0,0.0,0.5
desperado,1,0,0,0,0.0,0.5
desperados,1,0,0,0,0.0,0.5
desperate hours,1,0,0,0,0.0,0.5
despicable me,1,0,0,0,0.0,0.5
despicable me 2,1,0,0,0,0.0,0.5
despicable me 3,1,0,0,0,0.0,0.5
despite the falling snow,1,0,0,0,0.0,0.5
destination wedding,1,0,0,0,0.0,0.5
destroyer,1,0,0,0,0.0,0.5
detachment,1,0,0,0,0.0,0.5
detective dee and the mystery of the phantom flame,1,0,0,0,0.0,0.5
detective story,1,0,0,0,0.0,0.5
detention,1,0,0,0,0.0,0.5
detour,2,0,0,0,0.0,0.5
detroit,1,0,0,0,0.0,0.5
detroit rock city,1,0,0,0,0.0,0.5
detroit unleaded,1,0,0,0,0.0,0.5
detropia,1,0,0,0,0.0,0.5
deuce bigalow european gigolo,1,0,0,0,0.0,0.5
deuce bigalow male gigolo,1,0,0,0,0.0,0.5
deuces wild,1,0,0,0,0.0,0.5
devil,1,0,0,0,0.0,0.5
devil in a blue dress,1,0,0,0,0.0,0.5
devils due,1,0,0,0,0.0,0.5
devils on the doorstep,1,0,0,0,0.0,0.5
devotion,1,0,0,0,0.0,0.5
dheepan,1,0,0,0,0.0,0.5
dhobi ghat mumbai diaries,1,0,0,0,0.0,0.5
diablo,1,0,0,0,0.0,0.5
dial m for murder,1,0,0,0,0.0,0.5
diamantino,1,0,0,0,0.0,0.5
diamond men,1,0,0,0,0.0,0.5
diamonds,1,0,0,0,0.0,0.5
diamonds are forever,1,0,0,0,0.0,0.5
diana,1,0,0,0,0.0,0.5
diana kennedy nothing fancy,1,0,0,0,0.0,0.5
diana the musical,1,0,0,0,0.0,0.5
diana vreeland the eye has to travel,1,0,0,0,0.0,0.5
diane,1,0,0,0,0.0,0.5
diary of a chambermaid,1,0,0,0,0.0,0.5
diary of a mad black woman,1,0,0,0,0.0,0.5
diary of a wimpy kid,1,0,0,0,0.0,0.5
diary of a wimpy kid 2 rodrick rules,1,0,0,0,0.0,0.5
diary of a wimpy kid dog days,1,0,0,0,0.0,0.5
diary of a wimpy kid rodrick rules,2,2,0,0,1.0,0.95
diary of a wimpy kid the long haul,1,0,0,0,0.0,0.5
diary of the dead,1,0,0,0,0.0,0.5
dick,1,0,0,0,0.0,0.5
dick johnson is dead,1,0,0,0,0.0,0.5
dick tracy,1,0,0,0,0.0,0.5
did you wonder who fired the gun,1,0,0,0,0.0,0.5
die another day,1,0,0,0,0.0,0.5
die hard,2,2,0,0,1.0,0.95
die hard 2,1,0,0,0,0.0,0.5
die hard with a vengeance,1,0,0,0,0.0,0.5
die mommie die,1,0,0,0,0.0,0.5
diego maradona,1,0,0,0,0.0,0.5
difret,1,0,0,0,0.0,0.5
dig,1,0,0,0,0.0,0.5
diggers,1,0,0,0,0.0,0.5
digging for fire,1,0,0,0,0.0,0.5
digging up the marrow,1,0,0,0,0.0,0.5
digimon digital monsters,1,0,0,0,0.0,0.5
diminished capacity,1,0,0,0,0.0,0.5
dina,1,0,0,0,0.0,0.5
diner,1,0,0,0,0.0,0.5
dinner for schmucks,1,0,0,0,0.0,0.5
dinner in america,1,0,0,0,0.0,0.5
dinner rush,1,0,0,0,0.0,0.5
dinosaur,1,0,0,0,0.0,0.5
dinosaur 13,1,0,0,0,0.0,0.5
dior and i,1,0,0,0,0.0,0.5
diplomacy,1,0,0,0,0.0,0.5
dirty,1,0,0,0,0.0,0.5
dirty dancing,2,1,0,0,0.5,1.0
dirty dancing havana nights,1,0,0,0,0.0,0.5
dirty girl,1,0,0,0,0.0,0.5
dirty god,1,0,0,0,0.0,0.5
dirty grandpa,1,0,0,0,0.0,0.5
dirty harry,1,0,0,0,0.0,0.5
dirty love,1,0,0,0,0.0,0.5
dirty mary crazy larry,1,0,0,0,0.0,0.5
dirty pretty things,1,0,0,0,0.0,0.5
dirty rotten scoundrels,1,0,0,0,0.0,0.5
dirty wars,1,0,0,0,0.0,0.5
dirty weekend,1,0,0,0,0.0,0.5
disappearance at clifton hill,1,0,0,0,0.0,0.5
dischord,1,0,0,0,0.0,0.5
disclosure,2,0,0,0,0.0,0.5
disco and atomic war,1,0,0,0,0.0,0.5
disco boy,1,0,0,0,0.0,0.5
disenchanted,3,0,1,1,0.0,0.55
disgrace,1,0,0,0,0.0,0.5
disobedience,1,0,0,0,0.0,0.5
disorder,1,0,0,0,0.0,0.5
distant,1,0,0,0,0.0,0.5
distant voices still lives,1,0,0,0,0.0,0.5
district 13 ultimatum,1,0,0,0,0.0,0.5
district 9,1,0,0,0,0.0,0.5
district b13,1,0,0,0,0.0,0.5
disturbia,1,0,0,0,0.0,0.5
divan,1,0,0,0,0.0,0.5
divergent,1,0,0,0,0.0,0.5
divide and conquer the story of roger ailes,1,0,0,0,0.0,0.5
divided we fall,1,0,0,0,0.0,0.5
divine intervention,1,0,0,0,0.0,0.5
divine love,1,0,0,0,0.0,0.5
divines,1,0,0,0,0.0,0.5
divorce iranian style,1,0,0,0,0.0,0.5
django,1,0,0,0,0.0,0.5
django unchained,4,4,0,0,1.0,0.975
djomeh,1,0,0,0,0.0,0.5
do i sound gay,1,0,0,0,0.0,0.5
do revenge,14,6,4,1,0.42857142857142855,0.7909090909090909
do the right thing,1,0,0,0,0.0,0.5
do you trust this computer,1,0,0,0,0.0,0.5
doa dead or alive,1,0,0,0,0.0,0.5
doc hollywood,1,0,0,0,0.0,0.5
doctor sleep,1,0,0,1,0.0,0.4
doctor strange,1,0,0,0,0.0,0.5
doctor strange in the multiverse of madness,16,6,5,4,0.375,0.6466666666666667
doctor zhivago,1,0,0,0,0.0,0.5
documented,1,0,0,0,0.0,0.5
dodgeball a true underdog story,1,0,0,0,0.0,0.5
dog,1,0,0,0,0.0,0.5
dog day afternoon,5,5,0,0,1.0,0.9800000000000001
dog days,2,0,0,0,0.0,0.5
dog eat dog,1,0,0,0,0.0,0.5
dog park,1,0,0,0,0.0,0.5
dog pound,1,0,0,0,0.0,0.5
dog sweat,1,0,0,0,0.0,0.5
dogfight,1,0,0,0,0.0,0.5
dogma,1,0,0,0,0.0,0.5
dogman,1,0,0,0,0.0,0.5
dogs in space,1,0,0,0,0.0,0.5
dogtooth,1,0,1,0,0.0,0.7
dogtown and zboys,1,0,0,0,0.0,0.5
dogville,1,0,0,0,0.0,0.5
doing time doing vipassana,1,0,0,0,0.0,0.5
dolemite is my name,1,0,0,0,0.0,0.5
dolittle,1,0,0,0,0.0,0.5
dolls,1,0,0,0,0.0,0.5
dolly partons christmas on the square,1,0,0,0,0.0,0.5
dolores,1,0,0,0,0.0,0.5
dolores claiborne,1,0,0,0,0.0,0.5
dolphin tale,1,0,0,0,0.0,0.5
dolphin tale 2,1,0,0,0,0.0,0.5
dom hemingway,1,0,0,0,0.0,0.5
domestic disturbance,1,0,0,0,0.0,0.5
domestic violence,1,0,0,0,0.0,0.5
dominion prequel to the exorcist,1,0,0,0,0.0,0.5
domino,2,0,0,0,0.0,0.5
don jon,1,0,0,0,0.0,0.5
don juan demarco,1,0,0,0,0.0,0.5
don mckay,1,0,0,0,0.0,0.5
don peyote,1,0,0,0,0.0,0.5
don verdean,1,0,0,0,0.0,0.5
donald cried,1,0,0,0,0.0,0.5
donbass,1,0,0,0,0.0,0.5
donkey punch,1,0,0,0,0.0,0.5
donkey skin rerelease,1,0,0,0,0.0,0.5
donnie brasco,1,0,0,0,0.0,0.5
donnie darko,8,7,1,0,0.875,0.8625
donnybrook,1,0,0,0,0.0,0.5
donovans reef,1,0,0,0,0.0,0.5
dont be a menace to south central while drinking your juice in the hood,1,0,0,0,0.0,0.5
dont blink  robert frank,1,0,0,0,0.0,0.5
dont breathe,1,0,0,0,0.0,0.5
dont breathe 2,1,0,0,0,0.0,0.5
dont come back from the moon,1,0,0,0,0.0,0.5
dont come knocking,1,0,0,0,0.0,0.5
dont go,1,0,0,0,0.0,0.5
dont go in the woods,1,0,0,0,0.0,0.5
dont knock twice,1,0,0,0,0.0,0.5
dont leave home,1,0,0,0,0.0,0.5
dont let go,1,0,0,0,0.0,0.5
dont look now,1,0,0,0,0.0,0.5
dont look up,1,1,0,0,1.0,0.8
dont make me go,1,0,0,0,0.0,0.5
dont move,1,0,0,0,0.0,0.5
dont stop believin everymans journey,1,0,0,0,0.0,0.5
dont tell,1,0,0,0,0.0,0.5
dont tell mom the babysitters dead,1,0,0,0,0.0,0.5
dont tempt me,1,0,0,0,0.0,0.5
dont think ive forgotten cambodias lost rock and roll,1,0,0,0,0.0,0.5
dont worry darling,5,2,2,1,0.4,0.64
dont worry he wont get far on foot,1,0,0,0,0.0,0.5
donât look up,12,3,2,5,0.25,0.5
donât worry darling,16,2,2,9,0.125,0.4384615384615385
doogal,1,0,0,0,0.0,0.5
doom,1,0,0,0,0.0,0.5
doomsday,1,0,0,0,0.0,0.5
dopamine,1,0,0,0,0.0,0.5
dope,1,0,0,0,0.0,0.5
dora and the lost city of gold,1,0,0,0,0.0,0.5
dorfman in love,1,0,0,0,0.0,0.5
dorian blues,1,0,0,0,0.0,0.5
dormant beauty,1,0,0,0,0.0,0.5
dos estaciones,1,0,0,0,0.0,0.5
double dare,1,0,0,0,0.0,0.5
double impact,1,0,0,0,0.0,0.5
double indemnity,1,0,0,0,0.0,0.5
double jeopardy,1,0,0,0,0.0,0.5
double lover,1,0,0,0,0.0,0.5
double parked,1,0,0,0,0.0,0.5
double take,1,0,0,0,0.0,0.5
double team,1,0,0,0,0.0,0.5
doubt,1,0,0,0,0.0,0.5
dough,1,0,0,0,0.0,0.5
dovlatov,1,0,0,0,0.0,0.5
down a dark hall,1,0,0,0,0.0,0.5
down and out in beverly hills,1,0,0,0,0.0,0.5
down by law,1,0,0,0,0.0,0.5
down in the delta,1,0,0,0,0.0,0.5
down in the valley,1,0,0,0,0.0,0.5
down periscope,1,0,0,0,0.0,0.5
down terrace,1,0,0,0,0.0,0.5
down the shore,1,0,0,0,0.0,0.5
down to the bone,1,0,0,0,0.0,0.5
down to you,1,0,0,0,0.0,0.5
down with love,1,0,0,0,0.0,0.5
downfall,1,0,0,0,0.0,0.5
downfall the case against boeing,1,0,0,0,0.0,0.5
downhill,1,0,0,0,0.0,0.5
downhill racer,1,0,0,0,0.0,0.5
downsizing,1,0,0,0,0.0,0.5
downton abbey,1,0,0,0,0.0,0.5
downton abbey a new era,1,0,0,0,0.0,0.5
downtown 81,1,0,0,0,0.0,0.5
dr bronners magic soapbox,1,0,0,0,0.0,0.5
dr dolittle,1,0,0,0,0.0,0.5
dr dolittle 2,1,0,0,0,0.0,0.5
dr no,1,0,0,0,0.0,0.5
dr seuss the lorax,1,0,0,0,0.0,0.5
dr strangelove or how i learned to stop worrying and love the bomb,2,2,0,0,1.0,0.85
dr t and the women,1,0,0,0,0.0,0.5
dracula,2,0,0,0,0.0,0.5
dracula 2000,1,0,0,0,0.0,0.5
dracula pages from a virgins diary,1,0,0,0,0.0,0.5
dracula untold,1,0,0,0,0.0,0.5
draft day,1,0,0,0,0.0,0.5
drag me to hell,1,0,0,0,0.0,0.5
dragged across concrete,1,0,0,0,0.0,0.5
dragnet,1,0,0,0,0.0,0.5
dragon,1,0,0,0,0.0,0.5
dragon blade,1,0,0,0,0.0,0.5
dragon the bruce lee story,1,0,0,0,0.0,0.5
dragon wars dwar,1,0,0,0,0.0,0.5
dragonball evolution,1,0,0,0,0.0,0.5
dragonfly,1,0,0,0,0.0,0.5
dragonheart,1,0,0,0,0.0,0.5
dragonslayer,1,0,0,0,0.0,0.5
drawing restraint 9,1,0,0,0,0.0,0.5
dream horse,1,0,0,0,0.0,0.5
dream house,1,0,0,0,0.0,0.5
dream lover,1,0,0,0,0.0,0.5
dreamcatcher,2,0,0,0,0.0,0.5
dreamer inspired by a true story,1,0,0,0,0.0,0.5
dreamgirls,1,0,0,0,0.0,0.5
dreaming lhasa,1,0,0,0,0.0,0.5
dreaming of joseph lees,1,0,0,0,0.0,0.5
dreaming walls inside the chelsea hotel,1,0,0,0,0.0,0.5
dreamland,1,0,0,0,0.0,0.5
dreams of a life,1,0,0,0,0.0,0.5
dreams rewired,1,0,0,0,0.0,0.5
dreamscape,1,0,0,0,0.0,0.5
dredd,1,0,0,0,0.0,0.5
dressed to kill,1,0,0,0,0.0,0.5
drew the man behind the poster,1,0,0,0,0.0,0.5
drift,1,0,0,0,0.0,0.5
drillbit taylor,1,0,0,0,0.0,0.5
drinking buddies,1,0,0,0,0.0,0.5
drive,4,3,1,0,0.75,0.825
drive angry 3d,1,0,0,0,0.0,0.5
drive hard,1,0,0,0,0.0,0.5
drive me crazy,1,0,0,0,0.0,0.5
drive my car,5,5,0,0,1.0,0.8800000000000001
driven,2,0,0,0,0.0,0.5
driving lessons,1,0,0,0,0.0,0.5
driving miss daisy,1,0,0,0,0.0,0.5
drop dead fred,1,0,0,0,0.0,0.5
drop dead gorgeous,1,0,0,0,0.0,0.5
drowning mona,1,0,0,0,0.0,0.5
drug war,1,0,0,0,0.0,0.5
drugstore cowboy,1,0,0,0,0.0,0.5
drumline,1,0,0,0,0.0,0.5
drunk stoned brilliant dead the story of the national lampoon,1,0,0,0,0.0,0.5
drunktowns finest,1,0,0,0,0.0,0.5
dual,1,0,0,0,0.0,0.5
duane hopwood,1,0,0,0,0.0,0.5
duck,1,0,0,0,0.0,0.5
duck butter,1,0,0,0,0.0,0.5
duck soup,1,0,0,0,0.0,0.5
due date,1,0,0,0,0.0,0.5
duel,1,0,0,0,0.0,0.5
duets,1,0,0,0,0.0,0.5
dukhtar,1,0,0,0,0.0,0.5
duma,1,0,0,0,0.0,0.5
dumb and dumber,1,0,0,0,0.0,0.5
dumb and dumber to,1,0,0,0,0.0,0.5
dumbo,2,0,0,0,0.0,0.5
dumbstruck,1,0,0,0,0.0,0.5
dummy,1,0,0,0,0.0,0.5
dumplin,1,0,0,0,0.0,0.5
dune,25,17,6,0,0.68,0.808695652173913
dune part one,1,0,0,0,0.0,0.5
dungeons  dragons,1,0,0,0,0.0,0.5
dunkirk,3,1,2,0,0.3333333333333333,0.6666666666666667
dunston checks in,1,0,0,0,0.0,0.5
duplex,1,0,0,0,0.0,0.5
duplicity,1,0,0,0,0.0,0.5
dust,1,0,0,0,0.0,0.5
dust to glory,1,0,0,0,0.0,0.5
dying of the light,1,0,0,0,0.0,0.5
dysfunktional family,1,0,0,0,0.0,0.5
dzi croquettes,1,0,0,0,0.0,0.5
eagle eye,1,0,0,0,0.0,0.5
eagle vs shark,1,0,0,0,0.0,0.5
early man,1,0,0,0,0.0,0.5
earth,2,0,0,0,0.0,0.5
earth days,1,0,0,0,0.0,0.5
earth girls are easy,1,0,0,0,0.0,0.5
earth to echo,1,0,0,0,0.0,0.5
earthquake bird,1,0,0,0,0.0,0.5
earthwork,1,0,0,0,0.0,0.5
earwig,1,0,0,0,0.0,0.5
earwig and the witch,1,0,0,0,0.0,0.5
easier with practice,1,0,0,0,0.0,0.5
east is east,1,0,0,0,0.0,0.5
east of eden,1,0,0,0,0.0,0.5
east of havana,1,0,0,0,0.0,0.5
easter sunday,1,0,0,0,0.0,0.5
eastern boys,1,0,0,0,0.0,0.5
eastern promises,1,0,0,0,0.0,0.5
easy,1,0,0,0,0.0,0.5
easy a,3,3,0,0,1.0,0.8666666666666666
easy money,1,0,0,0,0.0,0.5
easy money hard to kill,1,0,0,0,0.0,0.5
easy rider,1,0,0,0,0.0,0.5
easy virtue,1,0,0,0,0.0,0.5
eat drink man woman,1,0,0,0,0.0,0.5
eat pray love,1,0,0,0,0.0,0.5
eat that question frank zappa in his own words,1,0,0,0,0.0,0.5
eat this new york,1,0,0,0,0.0,0.5
eating,1,0,0,0,0.0,0.5
eating animals,1,0,0,0,0.0,0.5
eating out,1,0,0,0,0.0,0.5
eating out 2 sloppy seconds,1,0,0,0,0.0,0.5
eating raoul,1,0,0,0,0.0,0.5
eban and charley,1,0,0,0,0.0,0.5
echo in the canyon,1,0,0,0,0.0,0.5
ed,1,0,0,0,0.0,0.5
ed wood,1,0,0,0,0.0,0.5
eddie and the cruisers,1,0,0,0,0.0,0.5
eddie murphy raw,1,0,0,0,0.0,0.5
eddie the eagle,1,0,0,0,0.0,0.5
eddie the sleepwalking cannibal,1,0,0,0,0.0,0.5
eden,3,0,0,0,0.0,0.5
eden lake,1,0,0,0,0.0,0.5
edge of darkness,1,0,0,0,0.0,0.5
edge of seventeen,1,0,0,0,0.0,0.5
edge of tomorrow,1,1,0,0,1.0,1.0
edge of winter,1,0,0,0,0.0,0.5
edie,1,0,0,0,0.0,0.5
edmond,1,0,0,0,0.0,0.5
edtv,1,0,0,0,0.0,0.5
educating rita,1,0,0,0,0.0,0.5
edward scissorhands,4,4,0,0,1.0,0.9
effie gray,1,0,0,0,0.0,0.5
egg,1,0,0,0,0.0,0.5
eiffel,1,0,0,0,0.0,0.5
eight below,1,0,0,0,0.0,0.5
eight crazy nights,1,0,0,0,0.0,0.5
eighth grade,2,2,0,0,1.0,0.9
eisenstein in guanajuato,1,0,0,0,0.0,0.5
el bonaerense,1,0,0,0,0.0,0.5
el camino a breaking bad movie,1,1,0,0,1.0,0.9
el chicano,1,0,0,0,0.0,0.5
el cid,1,0,0,0,0.0,0.5
el cortez,1,0,0,0,0.0,0.5
el crimen perfecto the perfect crime,1,0,0,0,0.0,0.5
el dorado,1,0,0,0,0.0,0.5
el leyton,1,0,0,0,0.0,0.5
el mariachi,1,0,0,0,0.0,0.5
el norte,1,0,0,0,0.0,0.5
el planeta,1,0,0,0,0.0,0.5
el topo,1,0,0,0,0.0,0.5
elaine stritch shoot me,1,0,0,0,0.0,0.5
election,1,1,0,0,1.0,0.8
electric dreams,1,0,0,0,0.0,0.5
electric shadows,1,0,0,0,0.0,0.5
electrick children,1,0,0,0,0.0,0.5
elegy,1,0,0,0,0.0,0.5
elektra,1,0,0,0,0.0,0.5
elektra luxx,1,0,0,0,0.0,0.5
elena,1,0,0,0,0.0,0.5
elephant,1,0,0,0,0.0,0.5
elevate,1,0,0,0,0.0,0.5
eleven minutes,1,0,0,0,0.0,0.5
elf,2,0,2,0,0.0,0.7
elite squad,1,0,0,0,0.0,0.5
elite squad the enemy within,1,0,0,0,0.0,0.5
elizabeth,1,0,0,0,0.0,0.5
elizabeth a portrait in parts,1,0,0,0,0.0,0.5
elizabeth harvest,1,0,0,0,0.0,0.5
elizabeth the golden age,1,0,0,0,0.0,0.5
elizabethtown,1,0,0,0,0.0,0.5
ella enchanted,1,0,0,0,0.0,0.5
elle,1,0,0,0,0.0,0.5
elles,1,0,0,0,0.0,0.5
ellie parker,1,0,0,0,0.0,0.5
elling,1,0,0,0,0.0,0.5
elliot the littlest reindeer,1,0,0,0,0.0,0.5
elsa  fred,1,0,0,0,0.0,0.5
elsa y fred,1,0,0,0,0.0,0.5
elstree 1976,1,0,0,0,0.0,0.5
elviras haunted hills,1,0,0,0,0.0,0.5
elvis,15,6,7,2,0.4,0.7066666666666667
elvis  nixon,1,0,0,0,0.0,0.5
elysium,1,0,0,0,0.0,0.5
ema,1,0,0,0,0.0,0.5
emancipation,1,0,0,0,0.0,0.5
embattled,1,0,0,0,0.0,0.5
embrace of the serpent,1,0,0,0,0.0,0.5
emelie,1,0,0,0,0.0,0.5
emerald cowboy,1,0,0,0,0.0,0.5
emily,1,0,0,0,0.0,0.5
emily the criminal,1,0,1,0,0.0,0.6
emma,11,2,7,0,0.18181818181818182,0.7333333333333333
empathy,1,0,0,0,0.0,0.5
emperor,1,0,0,0,0.0,0.5
empire,1,0,0,0,0.0,0.5
empire of light,1,0,0,0,0.0,0.5
empire of silver,1,0,0,0,0.0,0.5
empire of the sun,1,0,0,0,0.0,0.5
empire records,1,1,0,0,1.0,0.9
employee of the month,1,0,0,0,0.0,0.5
en el séptimo día on the seventh day,1,0,0,0,0.0,0.5
en kærlighedshistorie,1,0,0,0,0.0,0.5
en soap,1,0,0,0,0.0,0.5
encanto,16,11,5,0,0.6875,0.76875
enchanted,2,1,1,0,0.5,0.85
enchanted april,1,0,0,0,0.0,0.5
encino man,1,0,0,0,0.0,0.5
encounter,1,0,0,0,0.0,0.5
encounters at the end of the world,1,0,0,0,0.0,0.5
end of days,1,0,0,0,0.0,0.5
end of the century,2,0,0,0,0.0,0.5
end of the road,1,0,0,0,0.0,0.5
end of the spear,1,0,0,0,0.0,0.5
end of watch,1,0,0,0,0.0,0.5
enders game,1,0,0,0,0.0,0.5
endless love,2,0,0,0,0.0,0.5
endless poetry,1,0,0,0,0.0,0.5
enduring love,1,0,0,0,0.0,0.5
enemies closer,1,0,0,0,0.0,0.5
enemies of the state,1,0,0,0,0.0,0.5
enemy,2,2,0,0,1.0,0.8
enemy mine,1,0,0,0,0.0,0.5
enemy of the state,1,0,0,0,0.0,0.5
enforcement,1,0,0,0,0.0,0.5
enigma,1,0,0,0,0.0,0.5
enola holmes,5,1,4,0,0.2,0.64
enola holmes 2,3,0,3,0,0.0,0.6333333333333333
enough,1,0,0,0,0.0,0.5
enough said,1,0,0,0,0.0,0.5
enron the smartest guys in the room,1,0,0,0,0.0,0.5
enter the dangerous mind,1,0,0,0,0.0,0.5
enter the dragon,1,0,0,0,0.0,0.5
enter the void,2,2,0,0,1.0,0.9
entergalactic,3,1,2,0,0.3333333333333333,0.7
entertainment,1,0,0,0,0.0,0.5
entourage,1,0,0,0,0.0,0.5
entrapment,1,0,0,0,0.0,0.5
envy,1,0,0,0,0.0,0.5
enys men,1,0,0,0,0.0,0.5
enzo avitabile music life,1,0,0,0,0.0,0.5
eo,1,1,0,0,1.0,0.8
epic,1,0,0,0,0.0,0.5
epic movie,1,0,0,0,0.0,0.5
epicentro,1,0,0,0,0.0,0.5
equals,1,0,0,0,0.0,0.5
equilibrium,1,0,0,0,0.0,0.5
equity,1,0,0,0,0.0,0.5
eragon,1,0,0,0,0.0,0.5
erased,1,0,0,0,0.0,0.5
eraserhead,7,5,1,0,0.7142857142857143,0.8666666666666666
erin brockovich,1,0,0,0,0.0,0.5
erleuchtung garantiert,1,0,0,0,0.0,0.5
ernest  célestine,1,0,0,0,0.0,0.5
ernest goes to jail,1,0,0,0,0.0,0.5
ernest rides again,1,0,0,0,0.0,0.5
ernest saves christmas,1,0,0,0,0.0,0.5
eros,1,0,0,0,0.0,0.5
escaflowne the movie,1,0,0,0,0.0,0.5
escape fire the fight to rescue american healthcare,1,0,0,0,0.0,0.5
escape from alcatraz,1,0,0,0,0.0,0.5
escape from mogadishu,1,0,0,0,0.0,0.5
escape from new york,1,0,0,0,0.0,0.5
escape from planet earth,1,0,0,0,0.0,0.5
escape from pretoria,1,0,0,0,0.0,0.5
escape from the planet of the apes,1,0,0,0,0.0,0.5
escape from tomorrow,1,0,0,0,0.0,0.5
escape plan,1,0,0,0,0.0,0.5
escape room,1,0,0,0,0.0,0.5
escape room tournament of champions,1,0,0,0,0.0,0.5
escape to life the erika and klaus mann story,1,0,0,0,0.0,0.5
escape to witch mountain,1,0,0,0,0.0,0.5
escapes,1,0,0,0,0.0,0.5
escobar paradise lost,1,0,0,0,0.0,0.5
est  ouest,1,0,0,0,0.0,0.5
esther kahn,1,0,0,0,0.0,0.5
eteam,1,0,0,0,0.0,0.5
eternal,1,0,0,0,0.0,0.5
eternal beauty,1,0,0,0,0.0,0.5
eternal spring,1,0,0,0,0.0,0.5
eternal sunshine of the spotless mind,6,5,1,0,0.8333333333333334,0.9
eternals,9,3,4,1,0.3333333333333333,0.675
ethan mao,1,0,0,0,0.0,0.5
ethel  ernest,1,0,0,0,0.0,0.5
etoiles dancers of the paris opera ballet,1,0,0,0,0.0,0.5
eulogy,1,0,0,0,0.0,0.5
euphoria,1,0,0,0,0.0,0.5
euphoria fck anyone whoâs not a sea blob,2,1,0,0,0.5,1.0
euphoria trouble donât last always,2,2,0,0,1.0,0.95
eureka,1,0,0,0,0.0,0.5
europa,1,0,0,0,0.0,0.5
europa europa,1,0,0,0,0.0,0.5
eurotrip,1,0,0,0,0.0,0.5
eurovision song contest the story of fire saga,1,0,0,1,0.0,0.4
euthanizer,1,0,0,0,0.0,0.5
eva hesse,1,0,0,0,0.0,0.5
evelyn,1,0,0,0,0.0,0.5
even cowgirls get the blues,1,0,0,0,0.0,0.5
evening,1,0,0,0,0.0,0.5
event horizon,1,1,0,0,1.0,0.8
ever after,1,0,0,0,0.0,0.5
everest,1,0,0,0,0.0,0.5
evergreen,1,0,0,0,0.0,0.5
everlasting moments,1,0,0,0,0.0,0.5
everly,1,0,0,0,0.0,0.5
every breath you take,1,0,0,0,0.0,0.5
every day,1,0,0,0,0.0,0.5
every last child,1,0,0,0,0.0,0.5
every little step,1,0,0,0,0.0,0.5
every thing will be fine,1,0,0,0,0.0,0.5
everybody has a plan,1,0,0,0,0.0,0.5
everybody knows,1,0,0,0,0.0,0.5
everybody says im fine,1,0,0,0,0.0,0.5
everybody wants some,1,0,0,0,0.0,0.5
everybody wants to be italian,1,0,0,0,0.0,0.5
everybodys everything,1,0,0,0,0.0,0.5
everybodys famous,1,0,0,0,0.0,0.5
everybodys fine,1,0,0,0,0.0,0.5
everybodys talking about jamie,1,0,0,0,0.0,0.5
everyday,1,0,0,0,0.0,0.5
everyday sunshine the story of fishbone,1,0,0,0,0.0,0.5
everyone else,1,0,0,0,0.0,0.5
everyones hero,1,0,0,0,0.0,0.5
everything everything,1,0,0,0,0.0,0.5
everything everywhere all at once,25,23,2,0,0.92,0.9119999999999999
everything put together,1,0,0,0,0.0,0.5
everything went fine,1,0,0,0,0.0,0.5
everythings gone green,1,0,0,0,0.0,0.5
eves bayou,1,0,0,0,0.0,0.5
evidence,1,0,0,0,0.0,0.5
evil,1,0,0,0,0.0,0.5
evil dead,1,0,0,0,0.0,0.5
evil dead ii,5,5,0,0,1.0,0.9199999999999999
evil dead rise,1,0,0,0,0.0,0.5
evil eye,1,0,0,0,0.0,0.5
evita,1,0,0,0,0.0,0.5
evolution,2,0,0,0,0.0,0.5
ex machina,7,6,1,0,0.8571428571428571,0.8428571428571429
excalibur,1,0,0,0,0.0,0.5
excuse me for living,1,0,0,0,0.0,0.5
executive decision,1,0,0,0,0.0,0.5
exgirlfriends,1,0,0,0,0.0,0.5
exhibition,1,0,0,0,0.0,0.5
exiled,1,0,0,0,0.0,0.5
existenz,1,0,0,0,0.0,0.5
exists,1,0,0,0,0.0,0.5
exit plan,1,0,0,0,0.0,0.5
exit through the gift shop,1,0,0,0,0.0,0.5
exit wounds,1,0,0,0,0.0,0.5
exorcist ii the heretic,1,0,0,0,0.0,0.5
exorcist the beginning,1,0,0,0,0.0,0.5
exotica,1,0,0,0,0.0,0.5
expelled no intelligence allowed,1,0,0,0,0.0,0.5
experiment in terror,1,0,0,0,0.0,0.5
experimenter,1,0,0,0,0.0,0.5
expired,1,0,0,0,0.0,0.5
explicit ills,1,0,0,0,0.0,0.5
explorers,1,0,0,0,0.0,0.5
exporting raymond,1,0,0,0,0.0,0.5
exposed,1,0,0,0,0.0,0.5
extract,1,0,0,0,0.0,0.5
extraction,1,0,0,0,0.0,0.5
extraordinary measures,1,0,0,0,0.0,0.5
extraordinary tales,1,0,0,0,0.0,0.5
extraterrestrial,2,0,0,0,0.0,0.5
extreme ops,1,0,0,0,0.0,0.5
extreme prejudice,1,0,0,0,0.0,0.5
extremely loud and incredibly close,1,0,0,0,0.0,0.5
extremely wicked shockingly evil and vile,1,0,0,0,0.0,0.5
extremities,1,0,0,0,0.0,0.5
eye for an eye,1,0,0,0,0.0,0.5
eye in the sky,1,0,0,0,0.0,0.5
eye of the beholder,1,0,0,0,0.0,0.5
eye of the needle,1,0,0,0,0.0,0.5
eyes of laura mars,1,0,0,0,0.0,0.5
eyes wide open,1,0,0,0,0.0,0.5
eyes wide shut,6,4,1,0,0.6666666666666666,0.8800000000000001
eyewitness,1,0,0,0,0.0,0.5
ezra,1,0,0,0,0.0,0.5
f for fake,1,0,0,0,0.0,0.5
f9,2,2,0,0,1.0,0.9
f9 the fast saga,1,0,0,0,0.0,0.5
face,1,0,0,0,0.0,0.5
face to face,1,0,0,0,0.0,0.5
faceoff,1,0,0,0,0.0,0.5
faces,1,0,0,0,0.0,0.5
facing windows,1,0,0,0,0.0,0.5
factory girl,1,0,0,0,0.0,0.5
factotum,1,0,0,0,0.0,0.5
fade to black,1,0,0,0,0.0,0.5
fading gigolo,1,0,0,0,0.0,0.5
fados,1,0,0,0,0.0,0.5
fahrenheit 119,1,0,0,0,0.0,0.5
fahrenheit 911,1,0,0,0,0.0,0.5
fair game,2,0,0,0,0.0,0.5
fall,3,0,2,1,0.0,0.4333333333333333
fallen angels,5,5,0,0,1.0,0.9800000000000001
falling,1,0,0,0,0.0,0.5
falling for christmas,1,0,0,0,0.0,0.5
falling in love,1,0,0,0,0.0,0.5
false confessions,1,0,0,0,0.0,0.5
false positive,1,0,0,0,0.0,0.5
fame,2,0,0,0,0.0,0.5
family,1,0,0,0,0.0,0.5
family business,1,0,0,0,0.0,0.5
family fundamentals,1,0,0,0,0.0,0.5
family law,1,0,0,0,0.0,0.5
family plot,1,0,0,0,0.0,0.5
family romance llc,1,0,0,0,0.0,0.5
family weekend,1,0,0,0,0.0,0.5
fanboys,1,0,0,0,0.0,0.5
fanfan the tulip,1,0,0,0,0.0,0.5
fanny,1,0,0,0,0.0,0.5
fantasia,1,0,0,0,0.0,0.5
fantasia 2000,1,0,0,0,0.0,0.5
fantastic beasts and where to find them,1,0,1,0,0.0,0.6
fantastic beasts the crimes of grindelwald,1,0,0,0,0.0,0.5
fantastic beasts the secrets of dumbledore,1,0,0,1,0.0,0.4
fantastic four,2,0,0,0,0.0,0.5
fantastic fungi,1,0,0,0,0.0,0.5
fantastic mr fox,8,8,0,0,1.0,0.925
fantastic planet,1,0,0,0,0.0,0.5
far and away,1,0,0,0,0.0,0.5
far from heaven,1,0,0,0,0.0,0.5
far from men,1,0,0,0,0.0,0.5
far from the madding crowd,1,0,0,0,0.0,0.5
far from the tree,1,0,0,0,0.0,0.5
far out isnt far enough the tomi ungerer story,1,0,0,0,0.0,0.5
farewell,1,0,0,0,0.0,0.5
farewell amor,1,0,0,0,0.0,0.5
farewell herr schwarz,1,0,0,0,0.0,0.5
farewell my concubine,1,0,0,0,0.0,0.5
farewell my lovely,1,0,0,0,0.0,0.5
farewell my queen,1,0,0,0,0.0,0.5
fargo,4,4,0,0,1.0,0.975
farmageddon,1,0,0,0,0.0,0.5
farming,1,0,0,0,0.0,0.5
farmingville,1,0,0,0,0.0,0.5
farmland,1,0,0,0,0.0,0.5
fascination,1,0,0,0,0.0,0.5
fassbinder to love without demands,1,0,0,0,0.0,0.5
fast  furious,1,0,0,0,0.0,0.5
fast  furious presents hobbs  shaw,1,0,0,0,0.0,0.5
fast color,1,0,0,0,0.0,0.5
fast company,1,0,0,0,0.0,0.5
fast food nation,1,0,0,0,0.0,0.5
fast times at ridgemont high,1,0,0,0,0.0,0.5
fastball,1,0,0,0,0.0,0.5
faster,1,0,0,0,0.0,0.5
fat albert,1,0,0,0,0.0,0.5
fat girl,1,0,0,0,0.0,0.5
fat girls,1,0,0,0,0.0,0.5
fat kid rules the world,1,0,0,0,0.0,0.5
fat man and little boy,1,0,0,0,0.0,0.5
fatal affair,1,0,0,0,0.0,0.5
fatal attraction,1,0,0,0,0.0,0.5
fatal instinct,1,0,0,0,0.0,0.5
father and son,1,0,0,0,0.0,0.5
father figures,1,0,0,0,0.0,0.5
father of invention,1,0,0,0,0.0,0.5
father of my children,1,0,0,0,0.0,0.5
father of the bride,2,0,0,0,0.0,0.5
father of the bride part ii,1,0,0,0,0.0,0.5
father stu,1,0,0,0,0.0,0.5
fatherhood,1,0,0,0,0.0,0.5
fathers and daughters,1,0,0,0,0.0,0.5
fathers day,1,0,0,0,0.0,0.5
fathom,1,0,0,0,0.0,0.5
fatima,2,0,0,0,0.0,0.5
fatman,1,0,0,0,0.0,0.5
faults,1,0,0,0,0.0,0.5
favela rising,1,0,0,0,0.0,0.5
fay grim,1,0,0,0,0.0,0.5
faya dayi,1,0,0,0,0.0,0.5
fear,1,0,0,0,0.0,0.5
fear and loathing in las vegas,1,1,0,0,1.0,1.0
fear and trembling,1,0,0,0,0.0,0.5
fear of a black hat,1,0,0,0,0.0,0.5
fear street 1666,3,2,1,0,0.6666666666666666,0.9
fear street 19 6  8,2,1,1,0,0.5,0.8
fear street 1994,5,1,3,1,0.2,0.6599999999999999
fear street part one 1994,1,0,0,0,0.0,0.5
fear street part two 1978,1,0,0,0,0.0,0.5
fear x,1,0,0,0,0.0,0.5
feardotcom,1,0,0,0,0.0,0.5
fearless,1,0,0,0,0.0,0.5
fears of the dark,1,0,0,0,0.0,0.5
feast,1,0,0,0,0.0,0.5
feast of love,1,0,0,0,0.0,0.5
feast of the seven fishes,1,0,0,0,0.0,0.5
fed up,1,0,0,0,0.0,0.5
feeling minnesota,1,0,0,0,0.0,0.5
feels good man,1,0,0,0,0.0,0.5
felicias journey,1,0,0,0,0.0,0.5
fellini im a born liar,1,0,0,0,0.0,0.5
felony,1,0,0,0,0.0,0.5
femme fatale,1,0,0,0,0.0,0.5
ferdinand,1,0,0,0,0.0,0.5
ferlinghetti a rebirth of wonder,1,0,0,0,0.0,0.5
ferngully the last rainforest,1,0,0,0,0.0,0.5
ferris buellers day off,1,0,0,0,0.0,0.5
ferris buellerâs day off,3,2,1,0,0.6666666666666666,0.8666666666666666
festival express,1,0,0,0,0.0,0.5
festival in cannes,1,0,0,0,0.0,0.5
festival of lights,1,0,0,0,0.0,0.5
fever dream,1,0,0,0,0.0,0.5
fever pitch,3,0,0,0,0.0,0.5
ffolkes,1,0,0,0,0.0,0.5
fiddler a miracle of miracles,1,0,0,0,0.0,0.5
fiddler on the roof,1,0,0,0,0.0,0.5
fidel,1,0,0,0,0.0,0.5
fido,1,0,0,0,0.0,0.5
field of dreams,1,0,0,0,0.0,0.5
fierce creatures,1,0,0,0,0.0,0.5
fifi howls from happiness,1,0,0,0,0.0,0.5
fifty dead men walking,1,0,0,0,0.0,0.5
fifty shades darker,1,0,0,0,0.0,0.5
fifty shades freed,1,0,0,0,0.0,0.5
fifty shades of black,1,0,0,0,0.0,0.5
fifty shades of grey,1,0,0,1,0.0,0.3
fiftyfifty,1,0,0,0,0.0,0.5
fight club,10,9,1,0,0.9,0.9099999999999999
fighter,1,0,0,0,0.0,0.5
fighting,1,0,0,0,0.0,0.5
fighting for life,1,0,0,0,0.0,0.5
fighting tommy riley,1,0,0,0,0.0,0.5
fighting with my family,1,0,0,0,0.0,0.5
fightville,1,0,0,0,0.0,0.5
fill the void,1,0,0,0,0.0,0.5
film socialisme,1,0,0,0,0.0,0.5
filmworker,1,0,0,0,0.0,0.5
filth,1,0,0,0,0.0,0.5
filth and wisdom,1,0,0,0,0.0,0.5
final,1,0,0,0,0.0,0.5
final destination,1,0,0,0,0.0,0.5
final destination 2,1,0,0,0,0.0,0.5
final destination 3,1,0,0,0,0.0,0.5
final destination 5,1,0,0,0,0.0,0.5
final fantasy the spirits within,1,0,0,0,0.0,0.5
final portrait,1,0,0,0,0.0,0.5
finch,1,0,0,0,0.0,0.5
find me guilty,1,0,0,0,0.0,0.5
finders keepers,1,0,0,0,0.0,0.5
finding amanda,1,0,0,0,0.0,0.5
finding bliss,1,0,0,0,0.0,0.5
finding eleazar,1,0,0,0,0.0,0.5
finding fela,1,0,0,0,0.0,0.5
finding forrester,1,0,0,0,0.0,0.5
finding nemo,1,1,0,0,1.0,0.9
finding ohana,1,0,0,0,0.0,0.5
finding oscar,1,0,0,0,0.0,0.5
finding vivian maier,1,0,0,0,0.0,0.5
finding you,1,0,0,0,0.0,0.5
finding your feet,1,0,0,0,0.0,0.5
finishing the game the search for a new bruce lee,1,0,0,0,0.0,0.5
fire and ice,1,0,0,0,0.0,0.5
fire at sea,1,0,0,0,0.0,0.5
fire birds,1,0,0,0,0.0,0.5
fire down below,1,0,0,0,0.0,0.5
fire in the blood,1,0,0,0,0.0,0.5
fire in the sky,1,0,0,0,0.0,0.5
fire island,1,0,0,0,0.0,0.5
fire of love,3,1,2,0,0.3333333333333333,0.7333333333333333
fire will come,1,0,0,0,0.0,0.5
fireball visitors from darker worlds,1,0,0,0,0.0,0.5
firebird,1,0,0,0,0.0,0.5
firecrackers,1,0,0,0,0.0,0.5
fired up,1,0,0,0,0.0,0.5
firedancer,1,0,0,0,0.0,0.5
fireflies in the garden,1,0,0,0,0.0,0.5
firefox,1,0,0,0,0.0,0.5
firehouse dog,1,0,0,0,0.0,0.5
firestarter,2,0,0,0,0.0,0.5
firewalker,1,0,0,0,0.0,0.5
fireworks,1,0,0,0,0.0,0.5
fireworks wednesday,1,0,0,0,0.0,0.5
first blood,1,0,0,0,0.0,0.5
first date,1,0,0,0,0.0,0.5
first daughter,1,0,0,0,0.0,0.5
first descent,1,0,0,0,0.0,0.5
first kid,1,0,0,0,0.0,0.5
first kill,1,0,0,0,0.0,0.5
first knight,1,0,0,0,0.0,0.5
first love,1,0,0,0,0.0,0.5
first man,1,0,0,0,0.0,0.5
first match,1,0,0,0,0.0,0.5
first reformed,5,5,0,0,1.0,0.8800000000000001
first snow,1,0,0,0,0.0,0.5
first sunday,1,0,0,0,0.0,0.5
first they killed my father,1,0,0,0,0.0,0.5
fish without a bicycle,1,0,0,0,0.0,0.5
fishermans friends,1,0,0,0,0.0,0.5
fishing without nets,1,0,0,0,0.0,0.5
fist,1,0,0,0,0.0,0.5
fist fight,1,0,0,0,0.0,0.5
five dances,1,0,0,0,0.0,0.5
five days one summer,1,0,0,0,0.0,0.5
five easy pieces,1,0,0,0,0.0,0.5
five feet apart,1,0,0,0,0.0,0.5
five fingers for marseilles,1,0,0,0,0.0,0.5
five minutes of heaven,1,0,0,0,0.0,0.5
five wives three secretaries and me,1,0,0,0,0.0,0.5
flag day,1,0,0,0,0.0,0.5
flags of our fathers,1,0,0,0,0.0,0.5
flakes,1,0,0,0,0.0,0.5
flamenco flamenco,1,0,0,0,0.0,0.5
flamin hot,1,0,0,0,0.0,0.5
flanders,1,0,0,0,0.0,0.5
flannel pajamas,1,0,0,0,0.0,0.5
flash gordon,1,0,0,0,0.0,0.5
flashdance,1,0,0,0,0.0,0.5
flatliners,1,0,0,0,0.0,0.5
flavors,1,0,0,0,0.0,0.5
flawless,2,0,0,0,0.0,0.5
fleeing by night,1,0,0,0,0.0,0.5
flesh and bone,1,0,0,0,0.0,0.5
fleshblood,1,0,0,0,0.0,0.5
fletch,1,0,0,0,0.0,0.5
fletch lives,1,0,0,0,0.0,0.5
flicka,1,0,0,0,0.0,0.5
flight,1,0,0,0,0.0,0.5
flight of the navigator,1,0,0,0,0.0,0.5
flight of the phoenix,1,0,0,0,0.0,0.5
flight of the red balloon,1,0,0,0,0.0,0.5
flightplan,1,0,0,0,0.0,0.5
flipped,1,0,0,0,0.0,0.5
flipper,1,0,0,0,0.0,0.5
flirt,1,0,0,0,0.0,0.5
flirting with disaster,1,0,0,0,0.0,0.5
flora  ulysses,1,0,0,0,0.0,0.5
flora and son,1,0,0,0,0.0,0.5
flow for love of water,1,0,0,0,0.0,0.5
flower,1,0,0,0,0.0,0.5
flowers,1,0,0,0,0.0,0.5
flowers in the attic,1,0,0,0,0.0,0.5
flubber,1,0,0,0,0.0,0.5
flushed away,1,0,0,0,0.0,0.5
fly away,1,0,0,0,0.0,0.5
fly me to the moon 3d,1,0,0,0,0.0,0.5
flyboys,1,0,0,0,0.0,0.5
flying down to rio,1,0,0,0,0.0,0.5
flypaper,1,0,0,0,0.0,0.5
focus,1,0,0,0,0.0,0.5
folk hero  funny guy,1,0,0,0,0.0,0.5
folklore the long pond studio sessions,1,0,0,0,0.0,0.5
follow that bird,1,0,0,0,0.0,0.5
following,1,0,0,0,0.0,0.5
following sean,1,0,0,0,0.0,0.5
food beware the french organic revolution,1,0,0,0,0.0,0.5
food inc,1,0,0,0,0.0,0.5
food of love,1,0,0,0,0.0,0.5
fool for love,1,0,0,0,0.0,0.5
fools gold,1,0,0,0,0.0,0.5
fools rush in,1,0,0,0,0.0,0.5
footlight parade,1,0,0,0,0.0,0.5
footloose,2,0,0,0,0.0,0.5
footprints,1,0,0,0,0.0,0.5
for a few dollars more,1,0,0,0,0.0,0.5
for a good time call,1,0,0,0,0.0,0.5
for a woman,1,0,0,0,0.0,0.5
for all mankind,1,0,0,0,0.0,0.5
for colored girls,1,0,0,0,0.0,0.5
for ellen,1,0,0,0,0.0,0.5
for greater glory,1,0,0,0,0.0,0.5
for keeps,1,0,0,0,0.0,0.5
for love or money,1,0,0,0,0.0,0.5
for no good reason,1,0,0,0,0.0,0.5
for sama,1,0,0,0,0.0,0.5
for the love of spock,1,0,0,0,0.0,0.5
for the plasma,1,0,0,0,0.0,0.5
for whom the bell tolls,1,0,0,0,0.0,0.5
for your consideration,1,0,0,0,0.0,0.5
for your eyes only,1,0,0,0,0.0,0.5
forbidden lie,1,0,0,0,0.0,0.5
forbidden planet,1,0,0,0,0.0,0.5
force majeure,1,0,0,0,0.0,0.5
force of evil,1,0,0,0,0.0,0.5
force of nature,1,0,0,0,0.0,0.5
forces of nature,1,0,0,0,0.0,0.5
ford v ferrari,1,1,0,0,1.0,0.8
foreign correspondent,1,0,0,0,0.0,0.5
foreign sister,1,0,0,0,0.0,0.5
forever strong,1,0,0,0,0.0,0.5
forever young,1,0,0,0,0.0,0.5
forget baghdad jews and arabs  the iraqi connection,1,0,0,0,0.0,0.5
forgetting sarah marshall,1,0,0,0,0.0,0.5
forgiving dr mengele,1,0,0,0,0.0,0.5
forks over knives,1,0,0,0,0.0,0.5
formosa betrayed,1,0,0,0,0.0,0.5
formula 51,1,0,0,0,0.0,0.5
forrest gump,1,0,0,0,0.0,0.5
forsaken,1,0,0,0,0.0,0.5
fort apache the bronx,1,0,0,0,0.0,0.5
fort bliss,1,0,0,0,0.0,0.5
fort tilden,1,0,0,0,0.0,0.5
fortress,1,0,0,0,0.0,0.5
fortune favors lady nikuko,1,0,0,0,0.0,0.5
forty shades of blue,1,0,0,0,0.0,0.5
foul play,1,0,0,0,0.0,0.5
four brothers,1,0,0,0,0.0,0.5
four christmases,1,0,0,0,0.0,0.5
four good days,1,0,0,0,0.0,0.5
four hours at the capitol,1,0,0,0,0.0,0.5
four kids and it,1,0,0,0,0.0,0.5
four lions,1,0,0,0,0.0,0.5
four lovers,1,0,0,0,0.0,0.5
four weddings and a funeral,2,1,1,0,0.5,0.75
fourteen,1,0,0,0,0.0,0.5
foxcatcher,1,0,0,0,0.0,0.5
foxes,1,0,0,0,0.0,0.5
foxy brown,1,0,0,0,0.0,0.5
fracture,1,0,0,0,0.0,0.5
framing agnes,1,0,0,0,0.0,0.5
framing britney spears,1,0,0,0,0.0,0.5
framing john delorean,1,0,0,0,0.0,0.5
france,1,0,0,0,0.0,0.5
frances,1,0,0,0,0.0,0.5
frances ha,4,4,0,0,1.0,0.925
francis ford coppola presents the legend of suriyothai,1,0,0,0,0.0,0.5
frank,1,0,0,0,0.0,0.5
frank  lola,1,0,0,0,0.0,0.5
frankensteins army,1,0,0,0,0.0,0.5
frankenweenie,1,0,0,0,0.0,0.5
frankie,1,0,0,0,0.0,0.5
frankie  alice,1,0,0,0,0.0,0.5
frankie and johnny,1,0,0,0,0.0,0.5
frankie and johnny are married,1,0,0,0,0.0,0.5
frantic,1,0,0,0,0.0,0.5
frantz,1,0,0,0,0.0,0.5
fratricide,1,0,0,0,0.0,0.5
freak show,1,0,0,0,0.0,0.5
freak weather,1,0,0,0,0.0,0.5
freaked,1,0,0,0,0.0,0.5
freakonomics,1,0,0,0,0.0,0.5
freaks,2,0,0,0,0.0,0.5
freaky,1,0,1,0,0.0,0.6
freaky friday,6,4,2,0,0.6666666666666666,0.8333333333333334
fred claus,1,0,0,0,0.0,0.5
fred wont move out,1,0,0,0,0.0,0.5
freddy got fingered,1,0,0,0,0.0,0.5
freddy vs jason,1,0,0,0,0.0,0.5
freddys dead the final nightmare,1,0,0,0,0.0,0.5
free angela  all political prisoners,1,0,0,0,0.0,0.5
free birds,1,1,0,0,1.0,1.0
free chol soo lee,1,0,0,0,0.0,0.5
free guy,7,1,4,2,0.14285714285714285,0.5428571428571429
free men,1,0,0,0,0.0,0.5
free ride,1,0,0,0,0.0,0.5
free solo,2,0,2,0,0.0,0.7
free state of jones,1,0,0,0,0.0,0.5
free willy,1,0,0,0,0.0,0.5
freedom,1,0,0,0,0.0,0.5
freedom writers,1,0,0,0,0.0,0.5
freedomland,1,0,0,0,0.0,0.5
freeheld,1,0,0,0,0.0,0.5
freestyle the art of rhyme,1,0,0,0,0.0,0.5
freeway,1,0,0,0,0.0,0.5
freeze me,1,0,0,0,0.0,0.5
french exit,1,0,0,0,0.0,0.5
french kiss,1,0,0,0,0.0,0.5
frenzy,1,0,0,0,0.0,0.5
frequency,1,0,0,0,0.0,0.5
fresh,22,12,8,2,0.5454545454545454,0.7454545454545454
fresh dressed,1,0,0,0,0.0,0.5
freshman orientation,1,0,0,0,0.0,0.5
frida,1,0,0,0,0.0,0.5
friday,1,0,0,0,0.0,0.5
friday after next,1,0,0,0,0.0,0.5
friday night,1,0,0,0,0.0,0.5
friday the 13th,2,0,2,0,0.0,0.6
friday the 13th a new beginning,1,0,0,0,0.0,0.5
friday the 13th part 2,1,0,0,0,0.0,0.5
friday the 13th part iii,1,0,0,0,0.0,0.5
friday the 13th part vii the new blood,1,0,0,0,0.0,0.5
friday the 13th part viii jason takes manhattan,1,0,0,0,0.0,0.5
friday the 13th the final chapter,1,0,0,0,0.0,0.5
fried green tomatoes,1,0,0,0,0.0,0.5
friended to death,1,0,0,0,0.0,0.5
friends and family,1,0,0,0,0.0,0.5
friends with benefits,1,0,0,0,0.0,0.5
friends with kids,1,0,0,0,0.0,0.5
friends with money,1,0,0,0,0.0,0.5
fright night,1,0,0,0,0.0,0.5
fritz the cat,1,0,0,0,0.0,0.5
from afar,1,0,0,0,0.0,0.5
from beyond,1,0,0,0,0.0,0.5
from dusk till dawn,1,1,0,0,1.0,0.9
from hell,1,0,0,0,0.0,0.5
from here to eternity,1,0,0,0,0.0,0.5
from justin to kelly,1,0,0,0,0.0,0.5
from nowhere,1,0,0,0,0.0,0.5
from other worlds,1,0,0,0,0.0,0.5
from paris with love,1,0,0,0,0.0,0.5
from prada to nada,1,0,0,0,0.0,0.5
from russia with love,1,0,0,0,0.0,0.5
from the edge of the city,1,0,0,0,0.0,0.5
from the land of the moon,1,0,0,0,0.0,0.5
from up on poppy hill,1,1,0,0,1.0,0.9
front cover,1,0,0,0,0.0,0.5
frontera,1,0,0,0,0.0,0.5
frontrunners,1,0,0,0,0.0,0.5
frostnixon,1,0,0,0,0.0,0.5
frozen ii,1,0,0,0,0.0,0.5
frozen river,1,0,0,0,0.0,0.5
fuck,1,0,0,0,0.0,0.5
fugitive pieces,1,0,0,0,0.0,0.5
full battle rattle,1,0,0,0,0.0,0.5
full frontal,1,0,0,0,0.0,0.5
full grown men,1,0,0,0,0.0,0.5
full metal jacket,2,2,0,0,1.0,0.95
full of it,1,0,0,0,0.0,0.5
full time,1,0,0,0,0.0,0.5
fullmetal alchemist the sacred star of milos,1,0,0,0,0.0,0.5
fun size,1,0,0,0,0.0,0.5
fun with dick and jane,1,0,0,0,0.0,0.5
funan,1,0,0,0,0.0,0.5
funny boy,1,0,0,0,0.0,0.5
funny face,2,0,0,0,0.0,0.5
funny games,3,3,0,0,1.0,0.8666666666666666
funny pages,1,0,0,0,0.0,0.5
funny people,1,0,0,0,0.0,0.5
fur an imaginary portrait of diane arbus,1,0,0,0,0.0,0.5
furious 7,1,0,0,0,0.0,0.5
furry vengeance,1,0,0,0,0.0,0.5
fury,1,0,0,0,0.0,0.5
futura,1,0,0,0,0.0,0.5
future weather,1,0,0,0,0.0,0.5
futureworld,1,0,0,0,0.0,0.5
futuro beach,1,0,0,0,0.0,0.5
fx,1,0,0,0,0.0,0.5
fx2,1,0,0,0,0.0,0.5
fyre,2,0,1,0,0.0,0.6
félicité,1,0,0,0,0.0,0.5
félix and meira,1,0,0,0,0.0,0.5
g,1,0,0,0,0.0,0.5
gabriel,1,0,0,0,0.0,0.5
gabriel and the mountain,1,0,0,0,0.0,0.5
gabrielle,1,0,0,0,0.0,0.5
gaga five foot two,1,0,0,0,0.0,0.5
gagarine,1,0,0,0,0.0,0.5
gaia,1,0,0,0,0.0,0.5
gainsbourg a heroic life,1,0,0,0,0.0,0.5
galaxy quest,1,0,0,0,0.0,0.5
galveston,1,0,0,0,0.0,0.5
game 6,1,0,0,0,0.0,0.5
game night,2,1,0,0,0.5,1.0
game over kasparov and the machine,1,0,0,0,0.0,0.5
game over man,1,0,0,0,0.0,0.5
games of love and chance,1,0,0,0,0.0,0.5
games people play new york,1,0,0,0,0.0,0.5
gandhi,1,0,0,0,0.0,0.5
gangs of wasseypur,1,0,0,0,0.0,0.5
gangster no 1,1,0,0,0,0.0,0.5
gangster squad,1,0,0,0,0.0,0.5
gangsters paradise jerusalema,1,0,0,0,0.0,0.5
garage days,1,0,0,0,0.0,0.5
garbo the spy,1,0,0,0,0.0,0.5
garden party,1,0,0,0,0.0,0.5
garden state,1,0,0,0,0.0,0.5
garfield,1,0,0,0,0.0,0.5
garfield a tail of two kitties,1,0,0,0,0.0,0.5
garmento,1,0,0,0,0.0,0.5
garry winogrand all things are photographable,1,0,0,0,0.0,0.5
gas food lodging,1,0,0,0,0.0,0.5
gaslight,1,0,0,0,0.0,0.5
gasoline,1,0,0,0,0.0,0.5
gattaca,1,0,0,0,0.0,0.5
gauguin voyage to tahiti,1,0,0,0,0.0,0.5
gavagai,1,0,0,0,0.0,0.5
gay chorus deep south,1,0,0,0,0.0,0.5
gay sex in the 70s,1,0,0,0,0.0,0.5
gayby,1,0,0,0,0.0,0.5
gaza strip,1,0,0,0,0.0,0.5
gbf,1,0,0,0,0.0,0.5
gemini,1,0,0,0,0.0,0.5
gemini man,1,0,0,0,0.0,0.5
gemma bovery,1,0,0,0,0.0,0.5
generation iron,1,0,0,0,0.0,0.5
generation p,1,0,0,0,0.0,0.5
generation um,1,0,0,0,0.0,0.5
generation war,1,0,0,0,0.0,0.5
generation wealth,1,0,0,0,0.0,0.5
genesis,1,0,0,0,0.0,0.5
genius,1,0,0,0,0.0,0.5
gentlemen broncos,1,0,0,0,0.0,0.5
genèse genesis,1,0,0,0,0.0,0.5
george of the jungle,1,0,0,0,0.0,0.5
george washington,1,0,0,0,0.0,0.5
georgetown,1,0,0,0,0.0,0.5
georgia,1,0,0,0,0.0,0.5
georgia rule,1,0,0,0,0.0,0.5
geostorm,1,0,0,0,0.0,0.5
geralds game,1,0,0,0,0.0,0.5
gerhard richter  painting,1,0,0,0,0.0,0.5
geronimo an american legend,1,0,0,0,0.0,0.5
gerontophilia,1,0,0,0,0.0,0.5
gerry,1,0,0,0,0.0,0.5
gerrymandering,1,0,0,0,0.0,0.5
get a job,1,0,0,0,0.0,0.5
get bruce,1,0,0,0,0.0,0.5
get carter,1,0,0,0,0.0,0.5
get duked,1,0,0,0,0.0,0.5
get hard,1,0,0,0,0.0,0.5
get him to the greek,1,0,0,0,0.0,0.5
get on the bus,1,0,0,0,0.0,0.5
get on up,1,0,0,0,0.0,0.5
get out,4,4,0,0,1.0,0.85
get shorty,1,0,0,0,0.0,0.5
get smart,1,0,0,0,0.0,0.5
get the gringo,1,0,0,0,0.0,0.5
gett the trial of viviane amsalem,1,0,0,0,0.0,0.5
getting even with dad,1,0,0,0,0.0,0.5
gforce,1,0,0,0,0.0,0.5
ghettophysics will the real pimps and hos please stand up,1,0,0,0,0.0,0.5
ghost,1,0,0,0,0.0,0.5
ghost in the machine,1,0,0,0,0.0,0.5
ghost in the shell,2,0,0,0,0.0,0.5
ghost in the shell 2 innocence,1,0,0,0,0.0,0.5
ghost rider,1,0,0,0,0.0,0.5
ghost rider spirit of vengeance,1,0,0,0,0.0,0.5
ghost river,1,0,0,0,0.0,0.5
ghost stories,1,0,0,0,0.0,0.5
ghost team one,1,0,0,0,0.0,0.5
ghost town,1,0,0,0,0.0,0.5
ghost town anthology,1,0,0,0,0.0,0.5
ghost world,3,1,2,0,0.3333333333333333,0.6666666666666667
ghostbox cowboy,1,0,0,0,0.0,0.5
ghostbusters,2,2,0,0,1.0,1.0
ghostbusters afterlife,3,0,0,2,0.0,0.3
ghostbusters ii,1,0,0,0,0.0,0.5
ghostlight,1,0,0,0,0.0,0.5
ghosts of cité soleil,1,0,0,0,0.0,0.5
ghosts of girlfriends past,1,0,0,0,0.0,0.5
ghosts of mars,1,0,0,0,0.0,0.5
ghosts of war,1,0,0,0,0.0,0.5
gi jane,1,0,1,0,0.0,0.6
gi joe the rise of cobra,1,0,0,0,0.0,0.5
giant,2,0,0,0,0.0,0.5
giant little ones,1,0,0,0,0.0,0.5
giants being lonely,1,0,0,0,0.0,0.5
gifted,1,0,0,0,0.0,0.5
gigantic,1,0,0,0,0.0,0.5
gigantic a tale of two johns,1,0,0,0,0.0,0.5
gigi,1,0,0,0,0.0,0.5
gigi  nate,1,0,0,0,0.0,0.5
gigli,1,0,0,0,0.0,0.5
gilbert,1,0,0,0,0.0,0.5
gimme shelter,1,0,0,0,0.0,0.5
gimme shelter rerelease,1,0,0,0,0.0,0.5
gimme the loot,1,0,0,0,0.0,0.5
ginger  rosa,1,0,0,0,0.0,0.5
giorni e nuvole,1,0,0,0,0.0,0.5
girl,1,0,0,0,0.0,0.5
girl 6,1,0,0,0,0.0,0.5
girl asleep,1,0,0,0,0.0,0.5
girl in progress,1,0,0,0,0.0,0.5
girl interrupted,8,7,1,0,0.875,0.9125
girl model,1,0,0,0,0.0,0.5
girl most likely,1,0,0,0,0.0,0.5
girl on a bicycle,1,0,0,0,0.0,0.5
girl on the bridge,1,0,0,0,0.0,0.5
girl picture,1,0,0,0,0.0,0.5
girl play,1,0,0,0,0.0,0.5
girl with a pearl earring,1,0,0,0,0.0,0.5
girlfight,1,0,0,0,0.0,0.5
girlhood,1,0,0,0,0.0,0.5
girls against boys,1,0,0,0,0.0,0.5
girls cant swim,1,0,0,0,0.0,0.5
girls of the sun,1,0,0,0,0.0,0.5
giuliani time,1,0,0,0,0.0,0.5
give me liberty,1,0,0,0,0.0,0.5
gladiator,2,0,0,0,0.0,0.5
glass,1,0,0,0,0.0,0.5
glass chin,1,0,0,0,0.0,0.5
glass onion a knives out mystery,23,17,5,0,0.7391304347826086,0.8
glassland,1,0,0,0,0.0,0.5
glastonbury,1,0,0,0,0.0,0.5
gleaming the cube,1,0,0,0,0.0,0.5
gleason,1,0,0,0,0.0,0.5
glee the 3d concert movie,1,0,0,0,0.0,0.5
glen campbell ill be me,1,0,0,0,0.0,0.5
glengarry glen ross,1,0,0,0,0.0,0.5
glitter,1,0,0,0,0.0,0.5
gloomy sunday,1,0,0,0,0.0,0.5
gloria,3,0,0,0,0.0,0.5
gloria bell,1,0,0,0,0.0,0.5
glory,2,0,0,0,0.0,0.5
glory road,1,0,0,0,0.0,0.5
gmo omg,1,0,0,0,0.0,0.5
gnomeo and juliet,1,0,0,0,0.0,0.5
go,1,0,0,0,0.0,0.5
go back to china,1,0,0,0,0.0,0.5
go for sisters,1,0,0,0,0.0,0.5
go for zucker,1,0,0,0,0.0,0.5
go tigers,1,0,0,0,0.0,0.5
goats,1,0,0,0,0.0,0.5
god bless america,1,0,0,0,0.0,0.5
god grew tired of us,1,0,0,0,0.0,0.5
god help the girl,1,0,0,0,0.0,0.5
god loves uganda,1,0,0,0,0.0,0.5
godard mon amour,1,0,0,0,0.0,0.5
godland,1,0,0,0,0.0,0.5
godmothered,1,0,0,0,0.0,0.5
gods and generals,1,0,0,0,0.0,0.5
gods army,1,0,0,0,0.0,0.5
gods creatures,1,0,0,0,0.0,0.5
gods not dead a light in darkness,1,0,0,0,0.0,0.5
gods of egypt,1,0,0,0,0.0,0.5
gods own country,1,0,0,0,0.0,0.5
gods pocket,1,0,0,0,0.0,0.5
gods sandbox,1,0,0,0,0.0,0.5
godsend,1,0,0,0,0.0,0.5
godspeed,1,0,0,0,0.0,0.5
godzilla,2,0,0,0,0.0,0.5
godzilla 2000,1,0,0,0,0.0,0.5
godzilla king of the monsters,2,0,0,0,0.0,0.5
godzilla vs kong,3,0,2,1,0.0,0.5
godâs own country,3,3,0,0,1.0,0.8333333333333334
goin south,1,0,0,0,0.0,0.5
going clear scientology and the prison of belief,1,0,0,0,0.0,0.5
going in style,2,0,0,0,0.0,0.5
going shopping,1,0,0,0,0.0,0.5
going the distance,1,0,0,0,0.0,0.5
going upriver the long war of john kerry,1,0,0,0,0.0,0.5
gold,2,0,0,0,0.0,0.5
golda,1,0,0,0,0.0,0.5
golden door,1,0,0,0,0.0,0.5
golden exits,1,0,0,0,0.0,0.5
goldfinger,1,0,0,0,0.0,0.5
goldie,1,0,0,0,0.0,0.5
goldstone,1,0,0,0,0.0,0.5
gomorrah,1,0,0,0,0.0,0.5
gone,1,0,0,0,0.0,0.5
gone baby gone,1,0,0,0,0.0,0.5
gone girl,16,14,0,0,0.875,0.9642857142857142
gone in sixty seconds,1,0,0,0,0.0,0.5
gone with the wind,1,0,0,0,0.0,0.5
good,1,0,0,0,0.0,0.5
good boy,1,0,0,0,0.0,0.5
good boys,1,0,0,0,0.0,0.5
good burger,1,0,0,0,0.0,0.5
good deeds,1,0,0,0,0.0,0.5
good dick,1,0,0,0,0.0,0.5
good hair,1,0,0,0,0.0,0.5
good kill,1,0,0,0,0.0,0.5
good luck chuck,1,0,0,0,0.0,0.5
good luck to you leo grande,1,0,0,0,0.0,0.5
good manners,1,0,0,0,0.0,0.5
good morning,1,0,0,0,0.0,0.5
good morning night,1,0,0,0,0.0,0.5
good morning vietnam,1,0,0,0,0.0,0.5
good neighbors,1,0,0,0,0.0,0.5
good night and good luck,1,0,0,0,0.0,0.5
good night oppy,1,0,0,0,0.0,0.5
good ol freda,1,0,0,0,0.0,0.5
good on paper,1,0,0,0,0.0,0.5
good people,1,0,0,0,0.0,0.5
good posture,1,0,0,0,0.0,0.5
good time,2,1,1,0,0.5,0.85
good will hunting,4,4,0,0,1.0,0.95
good will hunting 199 6,1,1,0,0,1.0,1.0
goodbye christopher robin,1,0,0,0,0.0,0.5
goodbye dragon inn,1,0,0,0,0.0,0.5
goodbye first love,1,0,0,0,0.0,0.5
goodbye lenin,1,0,0,0,0.0,0.5
goodbye mr chips,1,0,0,0,0.0,0.5
goodbye solo,1,0,0,0,0.0,0.5
goodbye to all that,1,0,0,0,0.0,0.5
goodbye to language 3d,1,0,0,0,0.0,0.5
goodbye world,1,0,0,0,0.0,0.5
goodfellas,4,4,0,0,1.0,0.95
goodnight mommy,1,0,0,0,0.0,0.5
gook,1,0,0,0,0.0,0.5
goon,1,0,0,0,0.0,0.5
goon last of the enforcers,1,0,0,0,0.0,0.5
goosebumps,1,0,0,0,0.0,0.5
goosebumps 2 haunted halloween,1,0,0,0,0.0,0.5
gore vidal the united states of amnesia,1,0,0,0,0.0,0.5
gorky park,1,0,0,0,0.0,0.5
gosford park,1,0,0,0,0.0,0.5
gossip,1,0,0,0,0.0,0.5
gothika,1,0,0,0,0.0,0.5
gottfried helnwein and the dreaming child,1,0,0,0,0.0,0.5
gotti,1,0,0,0,0.0,0.5
goya in bordeaux,1,0,0,0,0.0,0.5
goyangileul butaghae,1,0,0,0,0.0,0.5
goyas ghosts,1,0,0,0,0.0,0.5
grace is gone,1,0,0,0,0.0,0.5
grace jones bloodlight and bami,1,0,0,0,0.0,0.5
grace of monaco,1,0,0,0,0.0,0.5
graceland,1,0,0,0,0.0,0.5
gracie,1,0,0,0,0.0,0.5
graduation,1,0,0,0,0.0,0.5
gran torino,1,0,0,0,0.0,0.5
grand canyon,1,0,0,0,0.0,0.5
grand piano,1,0,0,0,0.0,0.5
grand prix,1,0,0,0,0.0,0.5
grand theft parsons,1,0,0,0,0.0,0.5
grandma,1,0,0,0,0.0,0.5
grandmas boy,1,0,0,0,0.0,0.5
grandview usa,1,0,0,0,0.0,0.5
grass,1,0,0,0,0.0,0.5
grassroots,1,0,0,0,0.0,0.5
grateful dawg,1,0,0,0,0.0,0.5
grave of the fireflies,1,1,0,0,1.0,0.9
graveyard shift,1,0,0,0,0.0,0.5
gravity,1,0,0,0,0.0,0.5
gray matters,1,0,0,0,0.0,0.5
grays anatomy,1,0,0,0,0.0,0.5
grbavica the land of my dreams,1,0,0,0,0.0,0.5
grease,1,0,0,0,0.0,0.5
grease 2,1,0,0,0,0.0,0.5
great balls of fire,1,0,0,0,0.0,0.5
great directors,1,0,0,0,0.0,0.5
great expectations,3,0,0,0,0.0,0.5
great freedom,1,0,0,0,0.0,0.5
greed,1,0,0,0,0.0,0.5
greedy lying bastards,1,0,0,0,0.0,0.5
green book,2,0,0,2,0.0,0.35
green card,1,0,0,0,0.0,0.5
green dragon,1,0,0,0,0.0,0.5
green lantern,1,0,0,0,0.0,0.5
green room,1,1,0,0,1.0,0.9
green street hooligans,1,0,0,0,0.0,0.5
green zone,1,0,0,0,0.0,0.5
greendale,1,0,0,0,0.0,0.5
greener grass,1,0,0,0,0.0,0.5
greenfingers,1,0,0,0,0.0,0.5
greenland,1,0,0,0,0.0,0.5
greetings from tim buckley,1,0,0,0,0.0,0.5
gregory crewdson brief encounters,1,0,0,0,0.0,0.5
gremlins,1,1,0,0,1.0,0.8
gremlins 2 the new batch,1,0,0,0,0.0,0.5
greta,1,0,0,0,0.0,0.5
grey gardens,1,0,0,0,0.0,0.5
greystoke the legend of tarzan lord of the apes,1,0,0,0,0.0,0.5
gridiron gang,1,0,0,0,0.0,0.5
griff the invisible,1,0,0,0,0.0,0.5
grin without a cat,1,0,0,0,0.0,0.5
grind,1,0,0,0,0.0,0.5
grindhouse,1,0,0,0,0.0,0.5
gringo,1,0,0,0,0.0,0.5
grisbi rerelease,1,0,0,0,0.0,0.5
grizzly falls,1,0,0,0,0.0,0.5
grizzly ii revenge,1,0,0,0,0.0,0.5
grizzly man,1,0,0,0,0.0,0.5
grosse pointe blank,1,0,0,0,0.0,0.5
groundhog day,1,1,0,0,1.0,1.0
group,1,0,0,0,0.0,0.5
grown ups,1,1,0,0,1.0,1.0
grown ups 2,1,0,0,1,0.0,0.1
grudge match,1,0,0,0,0.0,0.5
grumpy old men,1,0,0,0,0.0,0.5
guardians of the galaxy,1,1,0,0,1.0,0.8
guarding tess,1,0,0,0,0.0,0.5
guerrilla the taking of patty hearst,1,0,0,0,0.0,0.5
guess who,1,0,0,0,0.0,0.5
guest of cindy sherman,1,0,0,0,0.0,0.5
guest of honour,1,0,0,0,0.0,0.5
guidance,1,0,0,0,0.0,0.5
guillermo del toros pinocchio,2,0,1,0,0.0,0.7
guillermo del toroâs pinocchio,10,8,2,0,0.8,0.82
guilty by suspicion,1,0,0,0,0.0,0.5
guilty of romance,1,0,0,0,0.0,0.5
guinevere,1,0,0,0,0.0,0.5
gun crazy,1,0,0,0,0.0,0.5
gun hill road,1,0,0,0,0.0,0.5
gun shy,1,0,0,0,0.0,0.5
guncrazy,1,0,0,0,0.0,0.5
gunda,1,0,0,0,0.0,0.5
gunfight at the ok corral,1,0,0,0,0.0,0.5
gung ho,1,0,0,0,0.0,0.5
gunner palace,1,0,0,0,0.0,0.5
gunnin for that 1 spot,1,0,0,0,0.0,0.5
gunpowder milkshake,1,0,0,0,0.0,0.5
gut renovation,1,0,0,0,0.0,0.5
guy and madeline on a park bench,1,0,0,0,0.0,0.5
guys and balls,1,0,0,0,0.0,0.5
gymkata,1,0,0,0,0.0,0.5
gypsy,1,0,0,0,0.0,0.5
gypsy 83,1,0,0,0,0.0,0.5
güeros,1,0,0,0,0.0,0.5
h is for happiness,1,0,0,0,0.0,0.5
hacksaw ridge,1,0,0,0,0.0,0.5
hadewijch,1,0,0,0,0.0,0.5
hahesder,1,0,0,0,0.0,0.5
haiku tunnel,1,0,0,0,0.0,0.5
hail caesar,1,0,0,0,0.0,0.5
hail satan,1,0,0,0,0.0,0.5
hair,1,0,0,0,0.0,0.5
hair high,1,0,0,0,0.0,0.5
hair show,1,0,0,0,0.0,0.5
hairbrained,1,0,0,0,0.0,0.5
hairspray,1,0,0,0,0.0,0.5
hal,1,0,0,0,0.0,0.5
hala,1,0,0,0,0.0,0.5
hale county this morning this evening,1,0,0,0,0.0,0.5
half baked,1,0,0,0,0.0,0.5
half brothers,1,0,0,0,0.0,0.5
half magic,1,0,0,0,0.0,0.5
half moon,1,0,0,0,0.0,0.5
half nelson,1,0,0,0,0.0,0.5
half of a yellow sun,1,0,0,0,0.0,0.5
half past dead,1,0,0,0,0.0,0.5
halftime,1,0,0,0,0.0,0.5
hall pass,1,0,0,0,0.0,0.5
hallelujah leonard cohen a journey a song,1,0,0,0,0.0,0.5
halloween,18,12,6,0,0.6666666666666666,0.8333333333333334
halloween 19 6  8,1,1,0,0,1.0,0.9
halloween 4 the return of michael myers,1,0,0,0,0.0,0.5
halloween ends,3,0,1,1,0.0,0.35
halloween h20 20 years later,1,0,0,0,0.0,0.5
halloween ii,2,0,0,0,0.0,0.5
halloween iii season of the witch,1,0,0,0,0.0,0.5
halloween kills,4,0,2,1,0.0,0.4666666666666667
halloween resurrection,1,0,0,0,0.0,0.5
halloween the curse of michael myers,1,0,0,0,0.0,0.5
halston,1,0,0,0,0.0,0.5
ham on rye,1,0,0,0,0.0,0.5
hamburger hill,1,0,0,0,0.0,0.5
hamilton,2,1,0,0,0.5,0.9
hamlet,3,0,0,0,0.0,0.5
hamlet 2,1,0,0,0,0.0,0.5
hammer,1,0,0,0,0.0,0.5
hammett,1,0,0,0,0.0,0.5
hampstead,1,0,0,0,0.0,0.5
hancock,1,0,0,0,0.0,0.5
hands of stone,1,0,0,0,0.0,0.5
hands on a hardbody the documentary,1,0,0,0,0.0,0.5
handsome harry,1,0,0,0,0.0,0.5
hanging up,1,0,0,0,0.0,0.5
hangman,1,0,0,0,0.0,0.5
hanna,1,0,0,0,0.0,0.5
hannah and her sisters,1,0,0,0,0.0,0.5
hannah arendt,1,0,0,0,0.0,0.5
hannah montana  miley cyrus best of both worlds concert,1,0,0,0,0.0,0.5
hannah montana the movie,1,0,0,0,0.0,0.5
hannah takes the stairs,1,0,0,0,0.0,0.5
hansel and gretel witch hunters,1,0,0,0,0.0,0.5
happening,1,0,0,0,0.0,0.5
happiest season,6,3,2,0,0.5,0.76
happily,1,0,0,0,0.0,0.5
happily never after,1,0,0,0,0.0,0.5
happiness,1,0,0,0,0.0,0.5
happiness runs,1,0,0,0,0.0,0.5
happy accidents,1,0,0,0,0.0,0.5
happy christmas,1,0,0,0,0.0,0.5
happy death day,2,1,1,0,0.5,0.7
happy death day 2u,1,0,0,0,0.0,0.5
happy end,1,0,0,0,0.0,0.5
happy feet,1,0,1,0,0.0,0.6
happy feet two,1,0,0,0,0.0,0.5
happy happy,1,0,0,0,0.0,0.5
happy here and now,1,0,0,0,0.0,0.5
happy hour,1,0,0,0,0.0,0.5
happy people a year in the taiga,1,0,0,0,0.0,0.5
happy tears,1,0,0,0,0.0,0.5
happy texas,1,0,0,0,0.0,0.5
happy times,1,0,0,0,0.0,0.5
happy together,2,2,0,0,1.0,0.9
happy valley,1,0,0,0,0.0,0.5
happygolucky,1,0,0,0,0.0,0.5
happythankyoumoreplease,1,0,0,0,0.0,0.5
harakiri,1,0,0,0,0.0,0.5
harakiri death of a samurai,1,0,0,0,0.0,0.5
hard ball,1,0,0,0,0.0,0.5
hard goodbyes my father,1,0,0,0,0.0,0.5
hard luck love song,1,0,0,0,0.0,0.5
hard rain,1,0,0,0,0.0,0.5
hard target,1,0,0,0,0.0,0.5
hard times,1,0,0,0,0.0,0.5
hard to be a god,1,0,0,0,0.0,0.5
hardcore,1,0,0,0,0.0,0.5
hardware,1,0,0,0,0.0,0.5
harlan in the shadow of jew suess,1,0,0,0,0.0,0.5
harlem nights,1,0,0,0,0.0,0.5
harmonium,1,0,0,0,0.0,0.5
harmontown,1,0,0,0,0.0,0.5
harold  kumar escape from guantanamo bay,1,0,0,0,0.0,0.5
harold  kumar go to white castle,1,0,0,0,0.0,0.5
harold and lillian a hollywood love story,1,0,0,0,0.0,0.5
harold and maude,1,0,1,0,0.0,0.7
harriet,1,0,0,0,0.0,0.5
harrisons flowers,1,0,0,0,0.0,0.5
harry  son,1,0,0,0,0.0,0.5
harry and the hendersons,1,0,0,0,0.0,0.5
harry and tonto,1,0,0,0,0.0,0.5
harry benson shoot first,1,0,0,0,0.0,0.5
harry brown,1,0,0,0,0.0,0.5
harry dean stanton partly fiction,1,0,0,0,0.0,0.5
harry is here to help,1,0,0,0,0.0,0.5
harry potter 20th anniversary return to hogwarts,4,1,1,0,0.25,0.85
harry potter and the chamber of secrets,3,2,1,0,0.6666666666666666,0.7666666666666667
harry potter and the deathly hallows part 2,2,2,0,0,1.0,0.9
harry potter and the deathly hallows part i,1,0,0,0,0.0,0.5
harry potter and the goblet of fire,3,2,1,0,0.6666666666666666,0.8333333333333334
harry potter and the halfblood prince,3,1,2,0,0.3333333333333333,0.7666666666666667
harry potter and the order of the phoenix,2,2,0,0,1.0,1.0
harry potter and the philosopherâs stone,2,2,0,0,1.0,0.9
harry potter and the prisoner of azkaban,7,7,0,0,1.0,0.9428571428571428
harry potter and the sorcerers stone,1,0,0,0,0.0,0.5
harts war,1,0,0,0,0.0,0.5
harvard beats yale 2929,1,0,0,0,0.0,0.5
harvard man,1,0,0,0,0.0,0.5
harvest of empire,1,0,0,0,0.0,0.5
hatchet,1,0,0,0,0.0,0.5
hatchet ii,1,0,0,0,0.0,0.5
hatching,1,0,0,0,0.0,0.5
hate crime,1,0,0,0,0.0,0.5
hateship loveship,1,0,0,0,0.0,0.5
haunt,1,0,0,0,0.0,0.5
haunted honeymoon,1,0,0,0,0.0,0.5
haute cuisine,1,0,0,0,0.0,0.5
hava nagila the movie,1,0,0,0,0.0,0.5
have a good trip adventures in psychedelics,1,0,0,0,0.0,0.5
haven,1,0,0,0,0.0,0.5
hawkeye,1,0,1,0,0.0,0.5
haywire,1,0,0,0,0.0,0.5
he got game,1,0,0,0,0.0,0.5
he liu,1,0,0,0,0.0,0.5
he loves me he loves me not,1,0,0,0,0.0,0.5
he named me malala,1,0,0,0,0.0,0.5
head games,1,0,0,0,0.0,0.5
head in the clouds,1,0,0,0,0.0,0.5
head office,1,0,0,0,0.0,0.5
head over heels,1,0,0,0,0.0,0.5
heading south,1,0,0,0,0.0,0.5
headon,1,0,0,0,0.0,0.5
headshot,1,0,0,0,0.0,0.5
heal the living,1,0,0,0,0.0,0.5
heart like a wheel,1,0,0,0,0.0,0.5
heart of a dog,1,0,0,0,0.0,0.5
heartbreak hospital,1,0,0,0,0.0,0.5
heartbreak ridge,1,0,0,0,0.0,0.5
heartbreaker,1,0,0,0,0.0,0.5
heartbreakers,1,0,0,0,0.0,0.5
heartless,1,0,0,0,0.0,0.5
hearts and bones,1,0,0,0,0.0,0.5
hearts and minds rerelease,1,0,0,0,0.0,0.5
hearts in atlantis,1,0,0,0,0.0,0.5
heat,3,2,0,0,0.6666666666666666,1.0
heathers,4,4,0,0,1.0,0.95
heaven,1,0,0,0,0.0,0.5
heaven can wait,1,0,0,0,0.0,0.5
heaven help us,1,0,0,0,0.0,0.5
heaven is for real,1,0,0,0,0.0,0.5
heaven knows what,1,0,0,0,0.0,0.5
heavenly creatures,1,0,0,0,0.0,0.5
heavens gate,1,0,0,0,0.0,0.5
heavy,1,0,0,0,0.0,0.5
heavy metal,1,0,0,0,0.0,0.5
heavy trip,1,0,0,0,0.0,0.5
heavyweights,1,0,0,0,0.0,0.5
hector and the search for happiness,1,0,0,0,0.0,0.5
hedwig and the angry inch,1,0,0,0,0.0,0.5
heights,1,0,0,0,0.0,0.5
heimat is a space in time,1,0,0,0,0.0,0.5
heist,2,0,0,0,0.0,0.5
held up,1,0,0,0,0.0,0.5
heli,1,0,0,0,0.0,0.5
hell and back again,1,0,0,0,0.0,0.5
hell baby,1,0,0,0,0.0,0.5
hell fest,1,0,0,0,0.0,0.5
hell house,1,0,0,0,0.0,0.5
hell or high water,1,0,0,0,0.0,0.5
hell ride,1,0,0,0,0.0,0.5
hellaware,1,0,0,0,0.0,0.5
hellbender,1,0,0,0,0.0,0.5
hellbound hellraiser ii,1,0,0,0,0.0,0.5
hellboy,2,0,0,0,0.0,0.5
hellboy ii the golden army,1,0,0,0,0.0,0.5
hellion,1,0,0,0,0.0,0.5
hello dolly,1,0,0,0,0.0,0.5
hello goodbye and everything in between,1,0,0,0,0.0,0.5
hello i must be going,1,0,0,0,0.0,0.5
hello my name is doris,1,0,0,0,0.0,0.5
hellraiser,2,2,0,0,1.0,0.9
hellraiser bloodline,1,0,0,0,0.0,0.5
hellraiser iii hell on earth,1,0,0,0,0.0,0.5
helmut newton the bad and the beautiful,1,0,0,0,0.0,0.5
help,1,0,0,0,0.0,0.5
hemingways garden of eden,1,0,0,0,0.0,0.5
henri cartierbresson the impassioned eye,1,0,0,0,0.0,0.5
henri langlois the phantom of the cinematheque,1,0,0,0,0.0,0.5
henry  june,1,0,0,0,0.0,0.5
henry fool,1,0,0,0,0.0,0.5
henry poole is here,1,0,0,0,0.0,0.5
henry portrait of a serial killer,1,0,0,0,0.0,0.5
henry v,1,0,0,0,0.0,0.5
henrys crime,1,0,0,0,0.0,0.5
her,11,8,1,1,0.7272727272727273,0.8300000000000001
her alibi,1,0,0,0,0.0,0.5
her smell,1,0,0,0,0.0,0.5
herb  dorothy,1,0,0,0,0.0,0.5
herbie fully loaded,1,0,0,0,0.0,0.5
herbie hancock possibilities,1,0,0,0,0.0,0.5
hercules,2,2,0,0,1.0,0.9
here and now,1,0,0,0,0.0,0.5
here and there,1,0,0,0,0.0,0.5
here before,1,0,0,0,0.0,0.5
here today,1,0,0,0,0.0,0.5
hereafter,1,0,0,0,0.0,0.5
hereditary,6,6,0,0,1.0,0.8666666666666666
hermans house,1,0,0,0,0.0,0.5
hermia  helena,1,0,0,0,0.0,0.5
hero,2,0,0,0,0.0,0.5
heroes,1,0,0,0,0.0,0.5
herself,1,0,0,0,0.0,0.5
hes just not that into you,1,0,0,0,0.0,0.5
hesher,1,0,0,0,0.0,0.5
hey bartender,1,0,0,0,0.0,0.5
hey happy,1,0,0,0,0.0,0.5
heâs all that,6,0,1,4,0.0,0.26
hidalgo,1,0,0,0,0.0,0.5
hidden figures,1,1,0,0,1.0,1.0
hidden in plain sight,1,0,0,0,0.0,0.5
hide away,1,0,0,0,0.0,0.5
hide your smiling faces,1,0,0,0,0.0,0.5
hideaway le refuge,1,0,0,0,0.0,0.5
hiding and seeking faith and tolerance after the holocaust,1,0,0,0,0.0,0.5
hiding out,1,0,0,0,0.0,0.5
hieronymus bosch touched by the devil,1,0,0,0,0.0,0.5
high and low,1,0,0,0,0.0,0.5
high art,1,0,0,0,0.0,0.5
high crimes,1,0,0,0,0.0,0.5
high fidelity,1,1,0,0,1.0,0.8
high flying bird,1,0,0,0,0.0,0.5
high heels,1,0,0,0,0.0,0.5
high hopes,1,0,0,0,0.0,0.5
high life,1,0,1,0,0.0,0.6
high noon,1,0,0,0,0.0,0.5
high plains drifter,1,0,0,0,0.0,0.5
high road to china,1,0,0,0,0.0,0.5
high school,1,0,0,0,0.0,0.5
high school high,1,0,0,0,0.0,0.5
high school musical,1,1,0,0,1.0,1.0
high school musical 2,2,2,0,0,1.0,0.8
high school musical 3 senior year,1,0,1,0,0.0,0.6
high tension,1,0,0,0,0.0,0.5
higher ground,1,0,0,0,0.0,0.5
higher learning,1,0,0,0,0.0,0.5
highlander,1,0,0,0,0.0,0.5
highlander endgame,1,0,0,0,0.0,0.5
highlander ii the quickening,1,0,0,0,0.0,0.5
highlander the final dimension,1,0,0,0,0.0,0.5
highrise,1,0,0,0,0.0,0.5
highway courtesans,1,0,0,0,0.0,0.5
hilary and jackie,1,0,0,0,0.0,0.5
hillarys america the secret history of the democratic party,1,0,0,0,0.0,0.5
hillbilly elegy,1,0,0,0,0.0,0.5
himizu,1,0,0,0,0.0,0.5
hippocrates diary of a french doctor,1,0,0,0,0.0,0.5
hipsters,1,0,0,0,0.0,0.5
his house,1,0,0,0,0.0,0.5
history lessons,1,0,0,0,0.0,0.5
history of the world part i,1,0,0,0,0.0,0.5
hit and run,1,0,0,0,0.0,0.5
hit and runway,1,0,0,0,0.0,0.5
hit by lightning,1,0,0,0,0.0,0.5
hit the road,1,0,0,0,0.0,0.5
hitch,1,0,0,0,0.0,0.5
hitchcocktruffaut,1,0,0,0,0.0,0.5
hitlers hollywood,1,0,0,0,0.0,0.5
hitman,1,0,0,0,0.0,0.5
hive,1,0,0,0,0.0,0.5
hobo with a shotgun,1,0,0,0,0.0,0.5
hockney,1,0,0,0,0.0,0.5
hocus pocus,3,1,2,0,0.3333333333333333,0.7333333333333333
hocus pocus 2,1,0,1,0,0.0,0.6
hoffa,1,0,0,0,0.0,0.5
hold me tight,1,0,0,0,0.0,0.5
holes,1,1,0,0,1.0,1.0
holidate,1,0,0,0,0.0,0.5
holiday affair,1,0,0,0,0.0,0.5
holidays,1,0,0,0,0.0,0.5
holler,1,0,0,0,0.0,0.5
hollow man,1,0,0,0,0.0,0.5
holly,1,0,0,0,0.0,0.5
hollywood buddha,1,0,0,0,0.0,0.5
hollywood dreams,1,0,0,0,0.0,0.5
hollywood ending,1,0,0,0,0.0,0.5
hollywood homicide,1,0,0,0,0.0,0.5
hollywood shuffle,1,0,0,0,0.0,0.5
hollywoodland,1,0,0,0,0.0,0.5
holmes  watson,1,0,0,0,0.0,0.5
holy hell,1,0,0,0,0.0,0.5
holy man,1,0,0,0,0.0,0.5
holy motors,1,0,0,0,0.0,0.5
holy rollers,1,0,0,0,0.0,0.5
holy smoke,1,0,0,0,0.0,0.5
holy spider,1,0,0,0,0.0,0.5
home,2,0,0,0,0.0,0.5
home again,1,0,0,0,0.0,0.5
home alone,3,2,1,0,0.6666666666666666,0.8333333333333334
home for the holidays,1,0,0,0,0.0,0.5
home fries,1,0,0,0,0.0,0.5
home movie,1,0,0,0,0.0,0.5
home of the brave,1,0,0,0,0.0,0.5
home room,1,0,0,0,0.0,0.5
home sweet home alone,1,0,0,0,0.0,0.5
homecoming a film by beyoncã,1,1,0,0,1.0,0.8
homeroom,1,0,0,0,0.0,0.5
hondo,1,0,0,0,0.0,0.5
honest thief,1,0,0,0,0.0,0.5
honey,2,0,0,0,0.0,0.5
honey boy,1,1,0,0,1.0,0.9
honey i blew up the kid,1,0,0,0,0.0,0.5
honey i shrunk the kids,1,0,0,0,0.0,0.5
honeydew,1,0,0,0,0.0,0.5
honeydripper,1,0,0,0,0.0,0.5
honeyglue,1,0,0,0,0.0,0.5
honeyland,1,0,0,0,0.0,0.5
honeymoon in vegas,1,0,0,0,0.0,0.5
honk for jesus save your soul,1,0,0,0,0.0,0.5
honkytonk man,1,0,0,0,0.0,0.5
hoodlum,1,0,0,0,0.0,0.5
hoodwinked,1,0,0,0,0.0,0.5
hoodwinked too hood vs evil,1,0,0,0,0.0,0.5
hook,1,0,0,0,0.0,0.5
hooking up,1,0,0,0,0.0,0.5
hooligan sparrow,1,0,0,0,0.0,0.5
hoop dreams,1,0,0,0,0.0,0.5
hooper,1,0,0,0,0.0,0.5
hoosiers,1,0,0,0,0.0,0.5
hoot,1,0,0,0,0.0,0.5
hop,1,0,0,0,0.0,0.5
hope,1,0,0,0,0.0,0.5
hope floats,1,0,0,0,0.0,0.5
hope gap,1,0,0,0,0.0,0.5
hopperwelles,1,0,0,0,0.0,0.5
horns,1,0,0,0,0.0,0.5
horns and halos,1,0,0,0,0.0,0.5
horrible bosses,1,0,0,0,0.0,0.5
horror,1,0,0,0,0.0,0.5
horror of dracula,1,0,0,0,0.0,0.5
horse feathers,1,0,0,0,0.0,0.5
horse girl,1,0,0,0,0.0,0.5
horse money,1,0,0,0,0.0,0.5
horses of god,1,0,0,0,0.0,0.5
host,1,0,1,0,0.0,0.7
hostage,1,0,0,0,0.0,0.5
hostel,1,1,0,0,1.0,0.8
hot fuzz,1,1,0,0,1.0,1.0
hot pursuit,2,0,0,0,0.0,0.5
hot rod,1,0,0,0,0.0,0.5
hot shots,1,0,0,0,0.0,0.5
hot shots part deux,1,0,0,0,0.0,0.5
hot summer nights,1,0,0,0,0.0,0.5
hot to trot,1,0,0,0,0.0,0.5
hot tub time machine,1,0,0,0,0.0,0.5
hot tub time machine 2,1,0,0,0,0.0,0.5
hotel,1,0,0,0,0.0,0.5
hotel artemis,1,0,0,0,0.0,0.5
hotel by the river,1,0,0,0,0.0,0.5
hotel for dogs,1,0,0,0,0.0,0.5
hotel mumbai,1,0,0,0,0.0,0.5
hotel noir,1,0,0,0,0.0,0.5
hotel rwanda,1,0,0,0,0.0,0.5
hotel transylvania,1,0,0,0,0.0,0.5
hotel transylvania 2,1,0,0,0,0.0,0.5
hotel transylvania 3 summer vacation,1,0,0,0,0.0,0.5
hotel transylvania transformania,1,0,0,0,0.0,0.5
hounddog,1,0,0,0,0.0,0.5
hounds of love,1,0,0,0,0.0,0.5
hours,1,0,0,0,0.0,0.5
house,2,2,0,0,1.0,0.95
house at the end of the street,1,0,0,0,0.0,0.5
house of 1000 corpses,1,0,0,0,0.0,0.5
house of boys,1,0,0,0,0.0,0.5
house of cardin,1,0,0,0,0.0,0.5
house of d,1,0,0,0,0.0,0.5
house of darkness,1,0,0,0,0.0,0.5
house of fools,1,0,0,0,0.0,0.5
house of gucci,7,2,3,2,0.2857142857142857,0.6285714285714286
house of hummingbird,1,0,0,0,0.0,0.5
house of pleasures,1,0,0,0,0.0,0.5
house of sand,1,0,0,0,0.0,0.5
house of sand and fog,1,0,0,0,0.0,0.5
house of the dead,1,0,0,0,0.0,0.5
house of the sleeping beauties,1,0,0,0,0.0,0.5
house of wax,1,0,0,0,0.0,0.5
house on haunted hill,1,0,0,0,0.0,0.5
house party,2,0,0,0,0.0,0.5
housebound,1,0,0,0,0.0,0.5
housesitter,1,0,0,0,0.0,0.5
how about you,1,0,0,0,0.0,0.5
how green was my valley,1,0,0,0,0.0,0.5
how high,1,0,0,0,0.0,0.5
how i killed my father,1,0,0,0,0.0,0.5
how i live now,1,0,0,0,0.0,0.5
how it ends,1,0,0,0,0.0,0.5
how much does your building weigh mr foster,1,0,0,0,0.0,0.5
how she move,1,0,0,0,0.0,0.5
how the grinch stole christmas,1,0,1,0,0.0,0.7
how to be a latin lover,1,0,0,0,0.0,0.5
how to be single,1,0,0,0,0.0,0.5
how to build a girl,1,0,0,0,0.0,0.5
how to change the world,1,0,0,0,0.0,0.5
how to deal,1,0,0,0,0.0,0.5
how to draw a bunny,1,0,0,0,0.0,0.5
how to eat fried worms,1,0,0,0,0.0,0.5
how to eat your watermelon in white company and enjoy it,1,0,0,0,0.0,0.5
how to kill your neighbors dog,1,0,0,0,0.0,0.5
how to live forever,1,0,0,0,0.0,0.5
how to lose a guy in 10 days,5,2,2,1,0.4,0.7
how to lose friends  alienate people,1,0,0,0,0.0,0.5
how to make money selling drugs,1,0,0,0,0.0,0.5
how to please a woman,1,0,0,0,0.0,0.5
how to survive a pandemic,1,0,0,0,0.0,0.5
how to talk to girls at parties,1,0,0,0,0.0,0.5
how to train your dragon,1,1,0,0,1.0,1.0
how to train your dragon 2,1,0,0,0,0.0,0.5
how to train your dragon the hidden world,1,1,0,0,1.0,0.8
howard,1,0,0,0,0.0,0.5
howard zinn you cant be neutral on a moving train,1,0,0,0,0.0,0.5
howl,1,0,0,0,0.0,0.5
howls moving castle,1,1,0,0,1.0,0.9
howlâs moving castle,8,7,0,0,0.875,0.9
hubie halloween,2,1,0,1,0.5,0.65
hud,1,0,0,0,0.0,0.5
hudson hawk,1,0,0,0,0.0,0.5
huesera the bone woman,1,0,0,0,0.0,0.5
hugh hefner playboy activist and rebel,1,0,0,0,0.0,0.5
hugo,1,0,0,0,0.0,0.5
hulk,1,0,0,0,0.0,0.5
human capital,2,0,0,0,0.0,0.5
human factors,1,0,0,0,0.0,0.5
human traffic,1,0,0,0,0.0,0.5
humanité,1,0,0,0,0.0,0.5
humboldt county,1,0,0,0,0.0,0.5
humpday,1,0,0,0,0.0,0.5
hungry hearts,1,0,0,0,0.0,0.5
hunky dory,1,0,0,0,0.0,0.5
hunt,1,0,0,0,0.0,0.5
hunt for the wilderpeople,1,0,0,0,0.0,0.5
hunter gatherer,1,0,0,0,0.0,0.5
hunter hunter,1,0,0,0,0.0,0.5
husbands,1,0,0,0,0.0,0.5
husbands and wives,1,0,0,0,0.0,0.5
hush,2,0,0,0,0.0,0.5
hustle,1,0,1,0,0.0,0.7
hustle  flow,1,0,0,0,0.0,0.5
hustlers,4,4,0,0,1.0,0.85
hyena,1,0,0,0,0.0,0.5
hyena road,1,0,0,0,0.0,0.5
hysteria,1,0,0,0,0.0,0.5
i am,1,0,0,0,0.0,0.5
i am a sex addict,1,0,0,0,0.0,0.5
i am ali,1,0,0,0,0.0,0.5
i am another you,1,0,0,0,0.0,0.5
i am big bird the caroll spinney story,1,0,0,0,0.0,0.5
i am breathing,1,0,0,0,0.0,0.5
i am chris farley,1,0,0,0,0.0,0.5
i am david,1,0,0,0,0.0,0.5
i am divine,1,0,0,0,0.0,0.5
i am greta,1,0,0,0,0.0,0.5
i am love,1,0,0,0,0.0,0.5
i am michael,1,0,0,0,0.0,0.5
i am mother,1,0,0,0,0.0,0.5
i am not a witch,1,0,0,0,0.0,0.5
i am not madame bovary,1,0,0,0,0.0,0.5
i am not your negro,1,0,0,0,0.0,0.5
i am number four,1,0,0,0,0.0,0.5
i am sam,1,0,0,0,0.0,0.5
i am taraneh i am fifteen years old,1,0,0,0,0.0,0.5
i am trying to break your heart,1,0,0,0,0.0,0.5
i am woman,1,0,0,0,0.0,0.5
i believe in unicorns,1,0,0,0,0.0,0.5
i called him morgan,1,0,0,0,0.0,0.5
i came by,1,0,0,0,0.0,0.5
i can do bad all by myself,1,0,0,0,0.0,0.5
i can only imagine,1,0,0,0,0.0,0.5
i capture the castle,1,0,0,0,0.0,0.5
i care a lot,2,0,1,0,0.0,0.7
i carry you with me,1,0,0,0,0.0,0.5
i confess,1,0,0,0,0.0,0.5
i daniel blake,1,0,0,0,0.0,0.5
i declare war,1,0,0,0,0.0,0.5
i do not care if we go down in history as barbarians,1,0,0,0,0.0,0.5
i do until i dont,1,0,0,0,0.0,0.5
i dont know how she does it,1,0,0,0,0.0,0.5
i dreamed of africa,1,0,0,0,0.0,0.5
i feel pretty,1,0,0,0,0.0,0.5
i frankenstein,1,0,0,0,0.0,0.5
i give it a year,1,0,0,0,0.0,0.5
i hate valentines day,1,0,0,0,0.0,0.5
i have never forgotten you the life  legacy of simon wiesenthal,1,0,0,0,0.0,0.5
i hope they serve beer in hell,1,0,0,0,0.0,0.5
i kill giants,1,0,0,0,0.0,0.5
i know what you did last summer,1,0,1,0,0.0,0.7
i know who killed me,1,0,0,0,0.0,0.5
i like killing flies,1,0,0,0,0.0,0.5
i lost my body,1,0,0,0,0.0,0.5
i love my dad,1,0,0,0,0.0,0.5
i love you daddy,1,0,0,0,0.0,0.5
i love you man,1,0,0,0,0.0,0.5
i love you to death,1,0,0,0,0.0,0.5
i love your work,1,0,0,0,0.0,0.5
i melt with you,1,0,0,0,0.0,0.5
i now pronounce you chuck  larry,1,0,0,0,0.0,0.5
i olga hepnarová,1,0,0,0,0.0,0.5
i origins,1,0,0,0,0.0,0.5
i remember me,1,0,0,0,0.0,0.5
i robot,1,0,0,0,0.0,0.5
i saw the devil,1,0,0,0,0.0,0.5
i saw the light,1,0,0,0,0.0,0.5
i sell the dead,1,0,0,0,0.0,0.5
i shot andy warhol,1,0,0,0,0.0,0.5
i smile back,1,0,0,0,0.0,0.5
i spit on your grave,1,0,0,0,0.0,0.5
i spy,1,0,0,0,0.0,0.5
i stand alone,1,0,0,0,0.0,0.5
i still know what you did last summer,1,0,0,0,0.0,0.5
i think i love my wife,1,0,0,0,0.0,0.5
i think were alone now,1,0,0,0,0.0,0.5
i tonya,3,2,1,0,0.6666666666666666,0.8
i trapped the devil,1,0,0,0,0.0,0.5
i travel because i have to i come back because i love you,1,0,0,0,0.0,0.5
i trust you to kill me,1,0,0,0,0.0,0.5
i used to be darker,1,0,0,0,0.0,0.5
i used to go here,1,0,0,0,0.0,0.5
i want someone to eat cheese with,1,0,0,0,0.0,0.5
i want you back,1,0,0,0,0.0,0.5
i was a simple man,1,0,0,0,0.0,0.5
i was at home but,1,0,0,0,0.0,0.5
i went down,1,0,0,0,0.0,0.5
i will follow,1,0,0,0,0.0,0.5
i will follow you into the dark,1,0,0,0,0.0,0.5
i will make you mine,1,0,0,0,0.0,0.5
i wish,1,0,0,0,0.0,0.5
ibiza,1,0,0,0,0.0,0.5
icarus,1,0,0,0,0.0,0.5
ice age,1,0,0,0,0.0,0.5
ice age collision course,1,0,0,0,0.0,0.5
ice age continental drift,1,0,0,0,0.0,0.5
ice age the meltdown,1,0,0,0,0.0,0.5
ice castles,1,0,0,0,0.0,0.5
ice princess,1,0,0,0,0.0,0.5
ice station zebra,1,0,0,0,0.0,0.5
iceberg slim portrait of a pimp,1,0,0,0,0.0,0.5
iceman,1,0,0,0,0.0,0.5
ichi the killer,1,0,0,0,0.0,0.5
ida,1,0,0,0,0.0,0.5
identifying features,1,0,0,0,0.0,0.5
identity,1,0,0,0,0.0,0.5
identity thief,1,0,0,0,0.0,0.5
idiocracy,1,0,0,0,0.0,0.5
idlewild,1,0,0,0,0.0,0.5
if a tree falls a story of the earth liberation front,1,0,0,0,0.0,0.5
if beale street could talk,1,0,0,0,0.0,0.5
if i stay,1,0,0,0,0.0,0.5
if i were you,1,0,0,0,0.0,0.5
if lucy fell,1,0,0,0,0.0,0.5
if you build it,1,0,0,0,0.0,0.5
if you dont i will,1,0,0,0,0.0,0.5
igby goes down,1,0,0,0,0.0,0.5
ikiru,1,0,0,0,0.0,0.5
il futuro,1,0,0,0,0.0,0.5
il postino the postman,1,0,0,0,0.0,0.5
ill see you in my dreams,1,0,0,0,0.0,0.5
ill sleep when im dead,1,0,0,0,0.0,0.5
illegal tender,1,0,0,0,0.0,0.5
iluzija,1,0,0,0,0.0,0.5
ilya and emilia kabakov enter here,1,0,0,0,0.0,0.5
im charlie walker,1,0,0,0,0.0,0.5
im fine thanks for asking,1,0,0,0,0.0,0.5
im gonna git you sucka,1,0,0,0,0.0,0.5
im in love with a church girl,1,0,0,0,0.0,0.5
im not scared,1,0,0,0,0.0,0.5
im reed fish,1,0,0,0,0.0,0.5
im so excited,1,0,0,0,0.0,0.5
im still here,1,0,0,0,0.0,0.5
im the one that i want,1,0,0,0,0.0,0.5
im thinking of ending things,1,0,0,1,0.0,0.1
im your woman,1,0,0,0,0.0,0.5
imaginary heroes,1,0,0,0,0.0,0.5
imagine me  you,1,0,0,0,0.0,0.5
imagine that,1,0,0,0,0.0,0.5
imax hubble 3d,1,0,0,0,0.0,0.5
imelda,1,0,0,0,0.0,0.5
imitation of life,2,0,0,0,0.0,0.5
immigration tango,1,0,0,0,0.0,0.5
immortals,1,0,0,0,0.0,0.5
impostor,1,0,0,0,0.0,0.5
in  out,1,0,0,0,0.0,0.5
in a better world,1,0,0,0,0.0,0.5
in a relationship,1,0,0,0,0.0,0.5
in a valley of violence,1,0,0,0,0.0,0.5
in a world,1,0,0,0,0.0,0.5
in america,1,0,0,0,0.0,0.5
in another country,1,0,0,0,0.0,0.5
in between,1,0,0,0,0.0,0.5
in between days,1,0,0,0,0.0,0.5
in bloom,1,0,0,0,0.0,0.5
in bruges,1,0,0,0,0.0,0.5
in darkness,1,0,0,0,0.0,0.5
in dubious battle,1,0,0,0,0.0,0.5
in fabric,1,0,0,0,0.0,0.5
in fear,1,0,0,0,0.0,0.5
in front of your face,1,0,0,0,0.0,0.5
in good company,1,0,0,0,0.0,0.5
in heaven underground the weissensee jewish cemetery,1,0,0,0,0.0,0.5
in her shoes,1,0,0,0,0.0,0.5
in jackson heights,1,0,0,0,0.0,0.5
in july,1,0,0,0,0.0,0.5
in my country,1,0,0,0,0.0,0.5
in my mothers skin,1,0,0,0,0.0,0.5
in my room,1,0,0,0,0.0,0.5
in my skin,1,0,0,0,0.0,0.5
in order of disappearance,1,0,0,0,0.0,0.5
in our nature,1,0,0,0,0.0,0.5
in paris,1,0,0,0,0.0,0.5
in praise of love,1,0,0,0,0.0,0.5
in pursuit of silence,1,0,0,0,0.0,0.5
in satmar custody,1,0,0,0,0.0,0.5
in search of a midnight kiss,1,0,0,0,0.0,0.5
in search of beethoven,1,0,0,0,0.0,0.5
in search of greatness,1,0,0,0,0.0,0.5
in search of mozart,1,0,0,0,0.0,0.5
in stereo,1,0,0,0,0.0,0.5
in the aisles,1,0,0,0,0.0,0.5
in the basement,1,0,0,0,0.0,0.5
in the bedroom,1,0,0,0,0.0,0.5
in the company of men,1,0,0,0,0.0,0.5
in the cut,1,0,0,0,0.0,0.5
in the face of evil reagans war in word and deed,1,0,0,0,0.0,0.5
in the fade,1,0,0,0,0.0,0.5
in the heart of the sea,1,0,0,0,0.0,0.5
in the heat of the night,1,0,0,0,0.0,0.5
in the heights,7,2,3,1,0.2857142857142857,0.6333333333333333
in the house,1,0,0,0,0.0,0.5
in the intense now,1,0,0,0,0.0,0.5
in the land of blood and honey,1,0,0,0,0.0,0.5
in the land of women,1,0,0,0,0.0,0.5
in the line of fire,1,0,0,0,0.0,0.5
in the loop,1,0,0,0,0.0,0.5
in the mirror of maya deren,1,0,0,0,0.0,0.5
in the mix,1,0,0,0,0.0,0.5
in the mood for love,5,4,1,0,0.8,0.86
in the mouth of madness,1,0,0,0,0.0,0.5
in the name of,1,0,0,0,0.0,0.5
in the name of my daughter,1,0,0,0,0.0,0.5
in the pit,1,0,0,0,0.0,0.5
in the same breath,1,0,0,0,0.0,0.5
in the shadow of the moon,2,0,0,0,0.0,0.5
in the shadow of women,1,0,0,0,0.0,0.5
in the tall grass,1,0,0,0,0.0,0.5
in the valley of elah,1,0,0,0,0.0,0.5
in this corner of the world,1,0,0,0,0.0,0.5
in this world,1,0,0,0,0.0,0.5
in time,1,0,0,1,0.0,0.4
in too deep,1,0,0,0,0.0,0.5
in transit,1,0,0,0,0.0,0.5
incantation,1,0,1,0,0.0,0.6
incantato,1,0,0,0,0.0,0.5
incarnate,1,0,0,0,0.0,0.5
incendies,1,1,0,0,1.0,0.9
inception,9,8,0,0,0.8888888888888888,0.9375
incident at loch ness,1,0,0,0,0.0,0.5
incitement,1,0,0,0,0.0,0.5
incredible but true,1,0,0,0,0.0,0.5
incredibles 2,1,0,0,0,0.0,0.5
indecent proposal,1,0,0,0,0.0,0.5
independence day resurgence,1,0,0,0,0.0,0.5
india sweets and spices,1,0,0,0,0.0,0.5
indian summer,1,0,0,0,0.0,0.5
indiana jones and the temple of doom,1,0,0,0,0.0,0.5
indie game the movie,1,0,0,0,0.0,0.5
indignation,1,0,0,0,0.0,0.5
indivisible,1,0,0,0,0.0,0.5
inequality for all,1,0,0,0,0.0,0.5
inescapable,1,0,0,0,0.0,0.5
infamous,1,0,0,0,0.0,0.5
infernal affairs,1,0,0,0,0.0,0.5
inferno,2,0,0,0,0.0,0.5
infinite football,1,0,0,0,0.0,0.5
infinite storm,1,0,0,0,0.0,0.5
infinitely polar bear,1,0,0,0,0.0,0.5
infinity pool,6,5,1,0,0.8333333333333334,0.8
informant,1,0,0,0,0.0,0.5
inglourious basterds,8,6,0,1,0.75,0.9142857142857143
ingrid bergman in her own words,1,0,0,0,0.0,0.5
ingrid goes west,1,0,1,0,0.0,0.7
inhale,1,0,0,0,0.0,0.5
inherent vice,1,0,1,0,0.0,0.7
inherit the wind,1,0,0,0,0.0,0.5
inheritance,1,0,0,0,0.0,0.5
injeong sajeong bol geot eobtda,1,0,0,0,0.0,0.5
inland empire,2,2,0,0,1.0,1.0
inner demons,1,0,0,0,0.0,0.5
innerspace,1,0,0,0,0.0,0.5
innocence,1,0,0,0,0.0,0.5
innocent blood,1,0,0,0,0.0,0.5
inside,1,0,0,0,0.0,0.5
inside deep throat,1,0,0,0,0.0,0.5
inside hanas suitcase,1,0,0,0,0.0,0.5
inside llewyn davis,1,1,0,0,1.0,1.0
inside man,1,0,0,0,0.0,0.5
inside moves,1,0,0,0,0.0,0.5
inside out,1,0,0,0,0.0,0.5
inside the rain,1,0,0,0,0.0,0.5
insidious,1,0,1,0,0.0,0.5
insidious chapter 2,1,0,0,0,0.0,0.5
insomnia,1,0,0,0,0.0,0.5
inspector bellamy,1,0,0,0,0.0,0.5
inspector gadget,1,0,0,0,0.0,0.5
instant family,1,0,0,0,0.0,0.5
instinct,1,0,0,0,0.0,0.5
intact,1,0,0,0,0.0,0.5
interior leather bar,1,0,0,0,0.0,0.5
interiors,1,0,0,0,0.0,0.5
intermission,1,0,0,0,0.0,0.5
internal affairs,1,0,0,0,0.0,0.5
interstellar,7,7,0,0,1.0,0.9142857142857143
interview,1,0,0,0,0.0,0.5
interview with the assassin,1,0,0,0,0.0,0.5
interview with the vampire,3,2,1,0,0.6666666666666666,0.8
interview with the vampire the vampire chronicles,1,0,0,0,0.0,0.5
intervista,1,0,0,0,0.0,0.5
intimate stories,1,0,0,0,0.0,0.5
intimate strangers,1,0,0,0,0.0,0.5
into eternity,1,0,0,0,0.0,0.5
into my heart,1,0,0,0,0.0,0.5
into the abyss,1,0,0,0,0.0,0.5
into the ashes,1,0,0,0,0.0,0.5
into the blue,1,0,0,0,0.0,0.5
into the forest,1,0,0,0,0.0,0.5
into the inferno,1,0,0,0,0.0,0.5
into the storm,1,0,0,0,0.0,0.5
into the west,1,0,0,0,0.0,0.5
into the wild,1,0,0,1,0.0,0.3
into the woods,1,0,0,0,0.0,0.5
intolerable cruelty,1,0,0,0,0.0,0.5
introduction,1,0,0,0,0.0,0.5
intruders,2,0,0,0,0.0,0.5
invaders from mars,1,0,0,0,0.0,0.5
invasion of the body snatchers,2,0,0,0,0.0,0.5
invasion usa,1,0,0,0,0.0,0.5
inventing the abbotts,1,0,0,0,0.0,0.5
invictus,1,0,0,0,0.0,0.5
invincible,2,0,0,0,0.0,0.5
invisible life,1,0,0,0,0.0,0.5
iousa,1,0,0,0,0.0,0.5
iowa,1,0,0,0,0.0,0.5
ip man,1,0,0,0,0.0,0.5
ip man 2,1,0,0,0,0.0,0.5
ip man 3,1,0,0,0,0.0,0.5
ip man 4 the finale,1,0,0,0,0.0,0.5
ip man the final fight,1,0,0,0,0.0,0.5
iraq for sale the war profiteers,1,0,0,0,0.0,0.5
iraq in fragments,1,0,0,0,0.0,0.5
irene in time,1,0,0,0,0.0,0.5
irina palm,1,0,0,0,0.0,0.5
iris,2,0,0,0,0.0,0.5
irma vep,1,0,0,0,0.0,0.5
iron crows,1,0,0,0,0.0,0.5
iron eagle,1,0,0,0,0.0,0.5
iron island,1,0,0,0,0.0,0.5
iron man,1,1,0,0,1.0,0.8
iron man 2,1,0,0,0,0.0,0.5
iron man 3,1,1,0,0,1.0,0.8
iron monkey,1,0,0,0,0.0,0.5
iron will,1,0,0,0,0.0,0.5
ironclad,1,0,0,0,0.0,0.5
ironweed,1,0,0,0,0.0,0.5
irrational man,1,0,0,0,0.0,0.5
irreconcilable differences,1,0,0,0,0.0,0.5
irreversible,1,0,0,0,0.0,0.5
is anybody there,1,0,0,0,0.0,0.5
is that a gun in your pocket,1,0,0,0,0.0,0.5
is the man who is tall happy,1,0,0,0,0.0,0.5
island of lemurs madagascar,1,0,0,0,0.0,0.5
isle of dogs,2,0,2,0,0.0,0.7
ismaels ghosts,1,0,0,0,0.0,0.5
israel a home movie,1,0,0,0,0.0,0.5
it,2,1,0,0,0.5,0.8
it came from kuchar,1,0,0,0,0.0,0.5
it chapter two,5,1,2,1,0.2,0.575
it comes at night,1,0,0,0,0.0,0.5
it could happen to you,1,0,0,0,0.0,0.5
it felt like love,1,0,0,0,0.0,0.5
it follows,2,2,0,0,1.0,1.0
it happened in la,1,0,0,0,0.0,0.5
it happened one night,1,0,0,0,0.0,0.5
it might get loud,1,0,0,0,0.0,0.5
it must be heaven,1,0,0,0,0.0,0.5
it runs in the family,1,0,0,0,0.0,0.5
it takes two,1,0,0,0,0.0,0.5
italian for beginners,1,0,0,0,0.0,0.5
italian studies,1,0,0,0,0.0,0.5
ithaca,1,0,0,0,0.0,0.5
its a disaster,1,0,0,0,0.0,0.5
its a mad mad mad mad world,1,0,0,0,0.0,0.5
its a wonderful afterlife,1,0,0,0,0.0,0.5
its a wonderful life,1,0,0,0,0.0,0.5
its all about love,1,0,0,0,0.0,0.5
its all so quiet,1,0,0,0,0.0,0.5
its easier for a camel,1,0,0,0,0.0,0.5
its kind of a funny story,1,0,0,0,0.0,0.5
its not yet dark,1,0,0,0,0.0,0.5
its only the end of the world,1,0,0,0,0.0,0.5
its such a beautiful day,1,0,0,0,0.0,0.5
itâs a wonderful life,3,3,0,0,1.0,0.9666666666666666
ivansxtc,1,0,0,0,0.0,0.5
ive loved you so long,1,0,0,0,0.0,0.5
ixcanul,1,0,0,0,0.0,0.5
izzy gets the fck across town,1,0,0,0,0.0,0.5
iâm thinking of ending things,5,3,1,0,0.6,0.85
j edgar,1,0,0,0,0.0,0.5
jack and diane,1,0,0,0,0.0,0.5
jack and jill,1,0,0,0,0.0,0.5
jack frost,1,0,0,0,0.0,0.5
jack goes boating,1,0,0,0,0.0,0.5
jack reacher,1,0,0,0,0.0,0.5
jack reacher never go back,1,0,0,0,0.0,0.5
jack ryan shadow recruit,1,0,0,0,0.0,0.5
jackass forever,4,3,1,0,0.75,0.875
jackass number two,1,0,0,0,0.0,0.5
jackass presents bad grandpa,1,0,0,0,0.0,0.5
jackass the movie,1,0,0,0,0.0,0.5
jackie,1,0,0,0,0.0,0.5
jackie  ryan,1,0,0,0,0.0,0.5
jackie brown,1,0,0,0,0.0,0.5
jackpot,1,0,0,0,0.0,0.5
jacobs ladder,2,0,0,0,0.0,0.5
jade,1,0,0,0,0.0,0.5
jafar panahis taxi,1,0,0,0,0.0,0.5
jagged edge,1,0,0,0,0.0,0.5
jailbait,1,0,0,0,0.0,0.5
jails hospitals  hiphop,1,0,0,0,0.0,0.5
jaimerais pas crever un dimanche,1,0,0,0,0.0,0.5
jake speed,1,0,0,0,0.0,0.5
jakob the liar,1,0,0,0,0.0,0.5
james and the giant peach,1,0,0,0,0.0,0.5
james journey to jerusalem,1,0,0,0,0.0,0.5
jamie marks is dead,1,0,0,0,0.0,0.5
jane,1,0,0,0,0.0,0.5
jane by charlotte,1,0,0,0,0.0,0.5
jane fonda in five acts,1,0,0,0,0.0,0.5
jane got a gun,1,0,0,0,0.0,0.5
janice beard,1,0,0,0,0.0,0.5
janis little girl blue,1,0,0,0,0.0,0.5
japan,1,0,0,0,0.0,0.5
japanese story,1,0,0,0,0.0,0.5
jarhead,1,0,0,0,0.0,0.5
jason and the argonauts,1,0,0,0,0.0,0.5
jason becker not dead yet,1,0,0,0,0.0,0.5
jason bourne,1,0,0,0,0.0,0.5
jason goes to hell the final friday,1,0,0,0,0.0,0.5
jason lives friday the 13th part vi,1,0,0,0,0.0,0.5
jason x,1,0,0,0,0.0,0.5
java heat,1,0,0,0,0.0,0.5
jawbreaker,1,0,0,0,0.0,0.5
jawline,1,0,0,0,0.0,0.5
jaws,4,2,1,0,0.5,0.9
jaws 2,1,0,0,0,0.0,0.5
jay and silent bob reboot,1,0,0,0,0.0,0.5
jay and silent bob strike back,1,0,0,0,0.0,0.5
jayne mansfields car,1,0,0,0,0.0,0.5
jazz fest a new orleans story,1,0,0,0,0.0,0.5
jcvd,1,0,0,0,0.0,0.5
jealousy,1,0,0,0,0.0,0.5
jeanmichel basquiat the radiant child,1,0,0,0,0.0,0.5
jeanne dielman 23 quai du commerce 1080 bruxelles,1,0,0,0,0.0,0.5
jeenyuhs a kanye trilogy,1,1,0,0,1.0,0.9
jeepers creepers,1,0,0,0,0.0,0.5
jeepers creepers ii,1,0,0,0,0.0,0.5
jeff who lives at home,1,0,0,0,0.0,0.5
jefferson in paris,1,0,0,0,0.0,0.5
jem and the holograms,1,0,0,0,0.0,0.5
jennifer 8,1,0,0,0,0.0,0.5
jennifers body,1,0,0,0,0.0,0.5
jenniferâs body,12,10,1,0,0.8333333333333334,0.8909090909090909
jennys wedding,1,0,0,0,0.0,0.5
jeremiah johnson,1,0,0,0,0.0,0.5
jeremiah tower the last magnificent,1,0,0,0,0.0,0.5
jerichow,1,0,0,0,0.0,0.5
jerry and marge go large,1,0,0,0,0.0,0.5
jerry lee lewis trouble in mind,1,0,0,0,0.0,0.5
jerry maguire,1,0,1,0,0.0,0.7
jersey boys,1,0,0,0,0.0,0.5
jersey girl,1,0,0,0,0.0,0.5
jersey guy,1,0,0,0,0.0,0.5
jeruzalem,1,0,0,0,0.0,0.5
jessabelle,1,0,0,0,0.0,0.5
jesus camp,1,0,0,0,0.0,0.5
jesus christ superstar,1,0,0,0,0.0,0.5
jesus henry christ,1,0,0,0,0.0,0.5
jesus son,1,0,0,0,0.0,0.5
jesus you know,1,0,0,0,0.0,0.5
jesús,1,0,0,0,0.0,0.5
jet lag,1,0,0,0,0.0,0.5
jethica,1,0,0,0,0.0,0.5
jetsons the movie,1,0,0,0,0.0,0.5
jeune femme montparnasse bienvenüe,1,0,0,0,0.0,0.5
jews and baseball an american love story,1,0,0,0,0.0,0.5
jexi,1,0,0,0,0.0,0.5
jfk,1,0,0,0,0.0,0.5
jfk revisited through the looking glass,1,0,0,0,0.0,0.5
jia zhangke a guy from fenyang,1,0,0,0,0.0,0.5
jig,1,0,0,0,0.0,0.5
jigsaw,1,0,0,0,0.0,0.5
jim  andy the great beyond  featuring a very special contractually obligated mention of tony clifton,1,0,0,0,0.0,0.5
jim brown all american,1,0,0,0,0.0,0.5
jimi all is by my side,1,0,0,0,0.0,0.5
jimmy carter man from plains,1,0,0,0,0.0,0.5
jimmy carter rock  roll president,1,0,0,0,0.0,0.5
jimmy p,1,0,0,0,0.0,0.5
jin roh the wolf brigade,1,0,0,0,0.0,0.5
jing ke ci qin wang,1,0,0,0,0.0,0.5
jingle all the way,1,0,0,0,0.0,0.5
jinn,1,0,0,0,0.0,0.5
jiu jitsu,1,0,0,0,0.0,0.5
joan didion the center will not hold,1,0,0,0,0.0,0.5
joan of arc,1,0,0,0,0.0,0.5
joan rivers a piece of work,1,0,0,0,0.0,0.5
jobs,1,0,0,0,0.0,0.5
jodorowskys dune,1,0,0,0,0.0,0.5
joe,1,0,0,0,0.0,0.5
joe bell,1,0,0,0,0.0,0.5
joe dirt,1,0,0,0,0.0,0.5
joe goulds secret,1,0,0,0,0.0,0.5
joe somebody,1,0,0,0,0.0,0.5
joe strummer the future is unwritten,1,0,0,0,0.0,0.5
joe the king,1,0,0,0,0.0,0.5
joe versus the volcano,1,0,0,0,0.0,0.5
john and the hole,1,0,0,0,0.0,0.5
john dies at the end,1,0,0,0,0.0,0.5
john lewis good trouble,1,0,0,0,0.0,0.5
john q,1,0,0,0,0.0,0.5
john rabe,1,0,0,0,0.0,0.5
john tucker must die,1,1,0,0,1.0,0.8
john wick,2,2,0,0,1.0,0.8
john wick chapter 2,1,0,0,0,0.0,0.5
john wick chapter 3  parabellum,1,1,0,0,1.0,0.8
john wick chapter 4,1,0,0,0,0.0,0.5
johnny be good,1,0,0,0,0.0,0.5
johnny dangerously,1,0,0,0,0.0,0.5
johnny english,1,0,0,0,0.0,0.5
johnny english reborn,1,0,0,0,0.0,0.5
johnny english strikes again,1,0,0,0,0.0,0.5
johnny mnemonic,1,0,0,0,0.0,0.5
johnny suede,1,0,0,0,0.0,0.5
johnson family vacation,1,0,0,0,0.0,0.5
jojo rabbit,4,4,0,0,1.0,0.825
joker,7,1,2,4,0.14285714285714285,0.5
jolt,1,0,0,0,0.0,0.5
jonah hex,1,0,0,0,0.0,0.5
jonas brothers the 3d concert experience,1,0,0,0,0.0,0.5
jonathan,1,0,0,0,0.0,0.5
jonestown the life and death of peoples temple,1,0,0,0,0.0,0.5
joshua,1,0,0,0,0.0,0.5
joshua teenager vs superpower,1,0,0,0,0.0,0.5
joshy,1,0,0,0,0.0,0.5
josie and the pussycats,1,0,0,0,0.0,0.5
josé,1,0,0,0,0.0,0.5
journey 2 the mysterious island,1,0,0,0,0.0,0.5
journey from the fall,1,0,0,0,0.0,0.5
journey to the center of the earth,1,0,0,0,0.0,0.5
journey to the sun,1,0,0,0,0.0,0.5
journey to the west,1,0,0,0,0.0,0.5
journeyman,1,0,0,0,0.0,0.5
journeys end,1,0,0,0,0.0,0.5
joy ride,2,0,0,0,0.0,0.5
joyland,1,0,0,0,0.0,0.5
joyride,1,0,0,0,0.0,0.5
jsa joint security area,1,0,0,0,0.0,0.5
judas and the black messiah,4,4,0,0,1.0,0.85
jude,1,0,0,0,0.0,0.5
judgment at nuremberg,1,0,0,0,0.0,0.5
judgment night,1,0,0,0,0.0,0.5
judy berlin,1,0,0,0,0.0,0.5
judy moody and the not bummer summer,1,0,0,0,0.0,0.5
jug face,1,0,0,0,0.0,0.5
juice,1,0,0,0,0.0,0.5
jujutsu kaisen 0,2,2,0,0,1.0,1.0
jujutsu kaisen 0 the movie,1,0,0,0,0.0,0.5
jules and jim,1,0,0,0,0.0,0.5
julia,2,0,0,0,0.0,0.5
julian schnabel a private portrait,1,0,0,0,0.0,0.5
julie  julia,1,0,0,0,0.0,0.5
julien donkeyboy,1,0,0,0,0.0,0.5
julieta,1,0,0,0,0.0,0.5
jumanji,1,0,0,0,0.0,0.5
jumanji the next level,1,0,0,0,0.0,0.5
jumanji welcome to the jungle,1,0,0,0,0.0,0.5
jumbo,1,0,0,0,0.0,0.5
jump tomorrow,1,0,0,0,0.0,0.5
jumper,1,0,0,0,0.0,0.5
jumpin jack flash,1,0,0,0,0.0,0.5
jumping the broom,1,0,0,0,0.0,0.5
junction 48,1,0,0,0,0.0,0.5
junebug,1,0,0,0,0.0,0.5
jung war in the land of the mujaheddin,1,0,0,0,0.0,0.5
jungle cruise,2,0,2,0,0.0,0.65
jungleland,1,0,0,0,0.0,0.5
junior,1,0,0,0,0.0,0.5
juniper,1,0,0,0,0.0,0.5
juno,7,6,1,0,0.8571428571428571,0.8571428571428571
juno 200 6,1,1,0,0,1.0,0.8
jurassic park,3,3,0,0,1.0,0.9
jurassic park iii,1,0,0,0,0.0,0.5
jurassic world,1,0,0,1,0.0,0.4
jurassic world dominion,6,0,1,5,0.0,0.36666666666666664
jurassic world fallen kingdom,1,0,0,0,0.0,0.5
just 45 minutes from broadway,1,0,0,0,0.0,0.5
just a kiss,1,0,0,0,0.0,0.5
just a sigh,1,0,0,0,0.0,0.5
just another love story,1,0,0,0,0.0,0.5
just cause,1,0,0,0,0.0,0.5
just friends,1,0,0,0,0.0,0.5
just getting started,1,0,0,0,0.0,0.5
just go with it,1,0,0,0,0.0,0.5
just like heaven,1,0,0,0,0.0,0.5
just looking,1,0,0,0,0.0,0.5
just married,1,0,0,0,0.0,0.5
just my luck,1,0,0,0,0.0,0.5
just one time,1,0,0,0,0.0,0.5
just visiting,1,0,0,0,0.0,0.5
just wright,1,0,0,0,0.0,0.5
justice league,2,0,1,1,0.0,0.45
justin bieber never say never,1,0,0,0,0.0,0.5
justin biebers believe,1,0,0,0,0.0,0.5
k19 the widowmaker,1,0,0,0,0.0,0.5
k9,1,0,0,0,0.0,0.5
kaaterskill falls,1,0,0,0,0.0,0.5
kabluey,1,0,0,0,0.0,0.5
kaboom,1,0,0,0,0.0,0.5
kaena the prophecy,1,0,0,0,0.0,0.5
kafka,1,0,0,0,0.0,0.5
kagemusha,1,0,0,0,0.0,0.5
kahlil gibrans the prophet,1,0,0,0,0.0,0.5
kaili blues,1,0,0,0,0.0,0.5
kajillionaire,1,1,0,0,1.0,1.0
kalamity,1,0,0,0,0.0,0.5
kaleidoscope,1,0,0,0,0.0,0.5
kalifornia,1,0,0,0,0.0,0.5
kamikaze girls,1,0,0,0,0.0,0.5
kandahar,1,0,0,0,0.0,0.5
kansas,1,0,0,0,0.0,0.5
karl marx city,1,0,0,0,0.0,0.5
karmen gei,1,0,0,0,0.0,0.5
katakurike no kôfuku,1,0,0,0,0.0,0.5
kate,1,0,0,0,0.0,0.5
kate  leopold,1,0,0,0,0.0,0.5
kate plays christine,1,0,0,0,0.0,0.5
katie says goodbye,1,0,0,0,0.0,0.5
katy perry part of me,1,0,0,0,0.0,0.5
katyn,1,0,0,0,0.0,0.5
kazaam,1,0,0,0,0.0,0.5
keane,1,0,0,0,0.0,0.5
kedi,1,0,0,0,0.0,0.5
kedma,1,0,0,0,0.0,0.5
keep on keepin on,1,0,0,0,0.0,0.5
keep quiet,1,0,0,0,0.0,0.5
keep the change,1,0,0,0,0.0,0.5
keep the lights on,1,0,0,0,0.0,0.5
keep the river on your right a modern cannibal tale,1,0,0,0,0.0,0.5
keeper of the flame,1,0,0,0,0.0,0.5
keeping mum,1,0,0,0,0.0,0.5
keeping the faith,1,0,0,0,0.0,0.5
keeping up with the steins,1,0,0,0,0.0,0.5
kelly  cal,1,0,0,0,0.0,0.5
kevin hart let me explain,1,0,0,0,0.0,0.5
kevin hart what now,1,0,0,0,0.0,0.5
keyhole,1,0,0,0,0.0,0.5
khadak,1,0,0,0,0.0,0.5
khodorkovsky,1,0,0,0,0.0,0.5
kickass,1,0,0,0,0.0,0.5
kickass 2,1,0,0,0,0.0,0.5
kickboxer vengeance,1,0,0,0,0.0,0.5
kickin it old skool,1,0,0,0,0.0,0.5
kicking  screaming,1,0,0,0,0.0,0.5
kicking and screaming,1,0,0,0,0.0,0.5
kicks,1,0,0,0,0.0,0.5
kid 90,1,0,0,0,0.0,0.5
kidnap,1,0,0,0,0.0,0.5
kidnapped,1,0,0,0,0.0,0.5
kidnapping mr heineken,1,0,0,0,0.0,0.5
kids,1,0,0,0,0.0,0.5
kids for cash,1,0,0,0,0.0,0.5
kids in america,1,0,0,0,0.0,0.5
kids in the hall brain candy,1,0,0,0,0.0,0.5
kidthing,1,0,0,0,0.0,0.5
kika,1,0,0,0,0.0,0.5
kiki,1,0,0,0,0.0,0.5
kikis delivery service,1,0,0,0,0.0,0.5
kikiâs delivery service,3,2,1,0,0.6666666666666666,0.8
kikujirô no natsu,1,0,0,0,0.0,0.5
kill bill vol 1,5,5,0,0,1.0,0.9800000000000001
kill bill vol 2,1,1,0,0,1.0,1.0
kill by inches,1,0,0,0,0.0,0.5
kill it and leave this town,1,0,0,0,0.0,0.5
kill list,1,0,0,0,0.0,0.5
kill me later,1,0,0,0,0.0,0.5
kill me please,1,0,0,0,0.0,0.5
kill me three times,1,0,0,0,0.0,0.5
kill switch,1,0,0,0,0.0,0.5
kill the irishman,1,0,0,0,0.0,0.5
kill the messenger,1,0,0,0,0.0,0.5
kill the poor,1,0,0,0,0.0,0.5
kill your darlings,1,0,1,0,0.0,0.7
kill your friends,1,0,0,0,0.0,0.5
kill your idols,1,0,0,0,0.0,0.5
kill zone 2,1,0,0,0,0.0,0.5
killer elite,1,0,0,0,0.0,0.5
killer joe,1,0,0,0,0.0,0.5
killer of sheep,1,0,0,0,0.0,0.5
killerman,1,0,0,0,0.0,0.5
killers,1,0,0,0,0.0,0.5
killing bono,1,0,0,0,0.0,0.5
killing ground,1,0,0,0,0.0,0.5
killing gunther,1,0,0,0,0.0,0.5
killing season,1,0,0,0,0.0,0.5
killing them safely,1,0,0,0,0.0,0.5
killing them softly,1,0,0,0,0.0,0.5
kimi,3,2,1,0,0.6666666666666666,0.7666666666666667
kin,1,0,0,0,0.0,0.5
kindergarten cop,1,0,0,0,0.0,0.5
kindred,1,0,0,0,0.0,0.5
king arthur legend of the sword,1,0,0,0,0.0,0.5
king cobra,1,0,0,0,0.0,0.5
king corn,1,0,0,0,0.0,0.5
king jack,1,0,0,0,0.0,0.5
king kong,3,0,0,0,0.0,0.5
king kong lives,1,0,0,0,0.0,0.5
king leopolds ghost,1,0,0,0,0.0,0.5
king of california,1,0,0,0,0.0,0.5
king of new york,1,0,0,0,0.0,0.5
king of the corner,1,0,0,0,0.0,0.5
king of the gypsies,1,0,0,0,0.0,0.5
king of the jungle,1,0,0,0,0.0,0.5
king of thieves,1,0,0,0,0.0,0.5
king richard,2,0,2,0,0.0,0.6
kingdom come,1,0,0,0,0.0,0.5
kingpin,1,0,0,0,0.0,0.5
kings,1,0,0,0,0.0,0.5
kings  queen,1,0,0,0,0.0,0.5
kings of pastry,1,0,0,0,0.0,0.5
kings ransom,1,0,0,0,0.0,0.5
kingsglaive final fantasy xv,1,0,0,0,0.0,0.5
kingsman the golden circle,1,0,1,0,0.0,0.6
kingsman the secret service,1,1,0,0,1.0,0.8
kinjite forbidden subjects,1,0,0,0,0.0,0.5
kink,1,0,0,0,0.0,0.5
kinky boots,1,0,0,0,0.0,0.5
kippur,1,0,0,0,0.0,0.5
kirikou and the sorceress,1,0,0,0,0.0,0.5
kirk camerons saving christmas,1,0,0,0,0.0,0.5
kiss me guido,1,0,0,0,0.0,0.5
kiss of the damned,1,0,0,0,0.0,0.5
kiss of the dragon,1,0,0,0,0.0,0.5
kiss of the spider woman rerelease,1,0,0,0,0.0,0.5
kiss the girls,1,0,0,0,0.0,0.5
kisses,1,0,0,0,0.0,0.5
kissing jessica stein,1,0,0,0,0.0,0.5
kitchen stories,1,0,0,0,0.0,0.5
kite,1,0,0,0,0.0,0.5
kites,1,0,0,0,0.0,0.5
klaus,3,2,0,0,0.6666666666666666,0.8
klimt,1,0,0,0,0.0,0.5
klitschko,1,0,0,0,0.0,0.5
klown,1,0,0,0,0.0,0.5
klown forever,1,0,0,0,0.0,0.5
klute,1,0,0,0,0.0,0.5
km 0  kilometer zero,1,0,0,0,0.0,0.5
knafayim shvurot,1,0,0,0,0.0,0.5
knight and day,1,0,0,0,0.0,0.5
knight of cups,1,0,0,0,0.0,0.5
knightriders,1,0,0,0,0.0,0.5
knives and skin,1,0,0,0,0.0,0.5
knives out,14,12,0,0,0.8571428571428571,0.8583333333333334
knock at the cabin,5,1,3,1,0.2,0.62
knock down the house,1,0,0,0,0.0,0.5
knock off,1,0,0,0,0.0,0.5
knockaround guys,1,0,0,0,0.0,0.5
knocked up,1,0,0,0,0.0,0.5
knocking,1,0,0,0,0.0,0.5
knockout,1,0,0,0,0.0,0.5
knowing,1,0,0,0,0.0,0.5
knuckle,1,0,0,0,0.0,0.5
knuckleball,1,0,0,0,0.0,0.5
koch,1,0,0,0,0.0,0.5
kodachrome,1,0,0,0,0.0,0.5
kong skull island,1,1,0,0,1.0,0.8
korengal,1,0,0,0,0.0,0.5
koyaanisqatsi,1,0,0,0,0.0,0.5
kpax,1,0,0,0,0.0,0.5
krampus,1,0,0,0,0.0,0.5
krisha,1,0,0,0,0.0,0.5
krull,1,0,0,0,0.0,0.5
krystal,1,0,0,0,0.0,0.5
kubo and the two strings,1,0,0,0,0.0,0.5
kumaré,1,0,0,0,0.0,0.5
kumiko the treasure hunter,1,0,0,0,0.0,0.5
kundo age of the rampant,1,0,0,0,0.0,0.5
kundun,1,0,0,0,0.0,0.5
kung fu hustle,1,0,0,0,0.0,0.5
kung fu panda,1,1,0,0,1.0,0.9
kung fu panda 2,1,0,0,0,0.0,0.5
kung fu panda 3,1,0,0,0,0.0,0.5
kung fu yoga,1,0,0,0,0.0,0.5
kung pow enter the fist,1,0,0,0,0.0,0.5
kurt cobain montage of heck,1,0,0,0,0.0,0.5
kurt vonnegut unstuck in time,1,0,0,0,0.0,0.5
kusama  infinity,1,0,0,0,0.0,0.5
kuso,1,0,0,0,0.0,0.5
la 92,1,0,0,0,0.0,0.5
la bûche,1,0,0,0,0.0,0.5
la cage aux folles,1,0,0,0,0.0,0.5
la camioneta the journey of one american school bus,1,0,0,0,0.0,0.5
la cienaga,1,0,0,0,0.0,0.5
la ciudad the city,1,0,0,0,0.0,0.5
la confidential,1,1,0,0,1.0,1.0
la femme nikita,1,0,0,0,0.0,0.5
la flor,1,0,0,0,0.0,0.5
la grande strada azzurra,1,0,0,0,0.0,0.5
la jetãe,1,1,0,0,1.0,1.0
la la land,8,8,0,0,1.0,0.9875
la llorona,1,0,0,0,0.0,0.5
la maison de la radio,1,0,0,0,0.0,0.5
la mif,1,0,0,0,0.0,0.5
la mission,1,0,0,0,0.0,0.5
la moustache,1,0,0,0,0.0,0.5
la mujer de mi hermano,1,0,0,0,0.0,0.5
la nouvelle ève,1,0,0,0,0.0,0.5
la piscine,1,0,0,0,0.0,0.5
la rafle the round up,1,0,0,0,0.0,0.5
la ronde,1,0,0,0,0.0,0.5
la sapienza,1,0,0,0,0.0,0.5
la soga the butchers son,1,0,0,0,0.0,0.5
la story,1,0,0,0,0.0,0.5
la twister,1,0,0,0,0.0,0.5
la vie en rose,1,0,0,0,0.0,0.5
laal singh chaddha,1,0,0,0,0.0,0.5
labyrinth,2,1,1,0,0.5,0.75
labyrinth of cinema,1,0,0,0,0.0,0.5
labyrinth of lies,1,0,0,0,0.0,0.5
lace crater,1,0,0,0,0.0,0.5
ladder 49,1,0,0,0,0.0,0.5
ladies in lavender,1,0,0,0,0.0,0.5
ladrón que roba a ladrón,1,0,0,0,0.0,0.5
lady and the tramp,2,0,0,0,0.0,0.5
lady bird,8,8,0,0,1.0,0.9875
lady chatterley,1,0,0,0,0.0,0.5
lady chatterleys lover,1,0,0,0,0.0,0.5
lady chatterleyâs lover,1,1,0,0,1.0,0.8
lady in the water,1,0,0,0,0.0,0.5
lady jane,1,0,0,0,0.0,0.5
lady macbeth,1,0,0,0,0.0,0.5
lady on a train,1,0,0,0,0.0,0.5
lady vengeance,1,0,0,0,0.0,0.5
ladybugs,1,0,0,0,0.0,0.5
lagaan once upon a time in india,1,0,0,0,0.0,0.5
lake city,1,0,0,0,0.0,0.5
lake of fire,1,0,0,0,0.0,0.5
lake placid,1,0,0,0,0.0,0.5
lake tahoe,1,0,0,0,0.0,0.5
lakeboat,1,0,0,0,0.0,0.5
lakeview terrace,1,0,0,0,0.0,0.5
lamb,12,0,8,2,0.0,0.5599999999999999
lambert  stamp,1,0,0,0,0.0,0.5
lamour fou,1,0,0,0,0.0,0.5
lan yu,1,0,0,0,0.0,0.5
lanas rain,1,0,0,0,0.0,0.5
land,1,0,0,0,0.0,0.5
land and shade,1,0,0,0,0.0,0.5
land of mine,1,0,0,0,0.0,0.5
land of plenty,1,0,0,0,0.0,0.5
land of the dead,1,0,0,0,0.0,0.5
land of the lost,1,0,0,0,0.0,0.5
landline,1,0,0,0,0.0,0.5
landscape with invisible hand,1,0,0,0,0.0,0.5
langrishe go down,1,0,0,0,0.0,0.5
language of a broken heart,1,0,0,0,0.0,0.5
lansky,1,0,0,0,0.0,0.5
lantana,1,0,0,0,0.0,0.5
lara croft tomb raider,1,0,0,0,0.0,0.5
lara croft tomb raider the cradle of life,1,0,0,0,0.0,0.5
larry crowne,1,0,0,0,0.0,0.5
larry the cable guy health inspector,1,0,0,0,0.0,0.5
lars and the real girl,2,2,0,0,1.0,0.8
lassie,1,0,0,0,0.0,0.5
lassie come home,1,0,0,0,0.0,0.5
lassiter,1,0,0,0,0.0,0.5
last action hero,1,0,0,0,0.0,0.5
last and first men,1,0,0,0,0.0,0.5
last cab to darwin,1,0,0,0,0.0,0.5
last chance harvey,1,0,0,0,0.0,0.5
last christmas,1,0,0,0,0.0,0.5
last dance,1,0,0,0,0.0,0.5
last days here,1,0,0,0,0.0,0.5
last days in the desert,1,0,0,0,0.0,0.5
last days in vietnam,1,0,0,0,0.0,0.5
last exit to brooklyn,1,0,0,0,0.0,0.5
last flight home,1,0,0,0,0.0,0.5
last hijack,1,0,0,0,0.0,0.5
last holiday,1,0,0,0,0.0,0.5
last knights,1,0,0,0,0.0,0.5
last letter from your lover,1,0,0,0,0.0,0.5
last life in the universe,1,0,0,0,0.0,0.5
last love,1,0,0,0,0.0,0.5
last man standing suge knight and the murders of biggie  tupac,1,0,0,0,0.0,0.5
last men in aleppo,1,0,0,0,0.0,0.5
last night,1,0,0,0,0.0,0.5
last night in soho,12,2,1,7,0.16666666666666666,0.45
last orders,1,0,0,0,0.0,0.5
last party 2000,1,0,0,0,0.0,0.5
last passenger,1,0,0,0,0.0,0.5
last resort,1,0,0,0,0.0,0.5
last ride,1,0,0,0,0.0,0.5
last stop for paul,1,0,0,0,0.0,0.5
last train home,1,0,0,0,0.0,0.5
last vegas,1,0,0,0,0.0,0.5
last weekend,1,0,0,0,0.0,0.5
late august early september,1,0,0,0,0.0,0.5
late marriage,1,0,0,0,0.0,0.5
late night,1,0,0,0,0.0,0.5
late phases,1,0,0,0,0.0,0.5
late spring,1,0,0,0,0.0,0.5
latter days,1,0,0,0,0.0,0.5
lattesa the wait,1,0,0,0,0.0,0.5
lauberge espagnole,1,0,0,0,0.0,0.5
laura smiles,1,0,0,0,0.0,0.5
laurel canyon,1,0,0,0,0.0,0.5
laurence anyways,1,0,0,0,0.0,0.5
lautre monde,1,0,0,0,0.0,0.5
lavender,1,0,0,0,0.0,0.5
law abiding citizen,1,0,0,0,0.0,0.5
lawless,1,0,0,0,0.0,0.5
lawless heart,1,0,0,0,0.0,0.5
lawnmower man 2 beyond cyberspace,1,0,0,0,0.0,0.5
laws of attraction,1,0,0,0,0.0,0.5
lay the favorite,1,0,0,0,0.0,0.5
lazer team,1,0,0,0,0.0,0.5
lbj,1,0,0,0,0.0,0.5
lbs,1,0,0,0,0.0,0.5
le bossu,1,0,0,0,0.0,0.5
le cercle rouge,1,0,0,0,0.0,0.5
le chef,1,0,0,0,0.0,0.5
le divorce,1,0,0,0,0.0,0.5
le havre,1,0,0,0,0.0,0.5
le petit lieutenant,1,0,0,0,0.0,0.5
le weekend,1,0,0,0,0.0,0.5
lean on me,1,0,0,0,0.0,0.5
lean on pete,1,0,0,0,0.0,0.5
leaning into the wind,1,0,0,0,0.0,0.5
leap,1,0,0,0,0.0,0.5
leap of faith william friedkin on the exorcist,1,0,0,0,0.0,0.5
leap year,2,0,0,0,0.0,0.5
learning to drive,1,0,0,0,0.0,0.5
least among saints,1,0,0,0,0.0,0.5
leatherface,1,0,0,0,0.0,0.5
leatherface texas chainsaw massacre iii,1,0,0,0,0.0,0.5
leatherheads,1,0,0,0,0.0,0.5
leave no trace,1,0,0,0,0.0,0.5
leaves of grass,1,0,0,0,0.0,0.5
leaving,1,0,0,0,0.0,0.5
leaving las vegas,1,0,0,0,0.0,0.5
lebanon pa,1,0,0,0,0.0,0.5
lee daniels the butler,1,0,0,0,0.0,0.5
left behind,2,0,0,0,0.0,0.5
left luggage,1,0,0,0,0.0,0.5
legal eagles,1,0,0,0,0.0,0.5
legally blonde,7,7,0,0,1.0,0.8857142857142858
legally blonde 2 red white  blonde,1,0,0,0,0.0,0.5
legend,2,0,0,0,0.0,0.5
legend of the fist the return of chen zhen,1,0,0,0,0.0,0.5
legend of the guardians the owls of gahoole,1,0,0,0,0.0,0.5
legendary,1,0,0,0,0.0,0.5
legends of oz dorothys return,1,0,0,0,0.0,0.5
legends of the fall,1,0,0,0,0.0,0.5
lemming,1,0,0,0,0.0,0.5
lemon,1,0,0,0,0.0,0.5
lemon tree,1,0,0,0,0.0,0.5
len and company,1,0,0,0,0.0,0.5
lenfant the child,1,0,0,0,0.0,0.5
lennui,1,0,0,0,0.0,0.5
lenny,1,0,0,0,0.0,0.5
lenny cooke,1,0,0,0,0.0,0.5
leonard cohen im your man,1,0,0,0,0.0,0.5
leonie,1,0,0,0,0.0,0.5
leonor will never die,1,0,0,0,0.0,0.5
leprechaun,1,0,0,0,0.0,0.5
les amants criminels,1,0,0,0,0.0,0.5
les amitiés maléfiques,1,0,0,0,0.0,0.5
les convoyeurs attendent,1,0,0,0,0.0,0.5
les destinées,1,0,0,0,0.0,0.5
les miserables,1,0,0,0,0.0,0.5
les misérables,1,0,0,0,0.0,0.5
les nôtres,1,0,0,0,0.0,0.5
less than zero,1,0,0,0,0.0,0.5
let fury have the hour,1,0,0,0,0.0,0.5
let him go,1,0,0,0,0.0,0.5
let it be,1,0,0,0,0.0,0.5
let it ride,1,0,0,0,0.0,0.5
let it snow,1,0,0,0,0.0,0.5
let my people go,1,0,0,0,0.0,0.5
let the bullets fly,1,0,0,0,0.0,0.5
let the corpses tan,1,0,0,0,0.0,0.5
let the fire burn,1,0,0,0,0.0,0.5
let the right one in,1,0,0,0,0.0,0.5
let them all talk,1,0,0,0,0.0,0.5
lethal weapon 2,1,0,0,0,0.0,0.5
lethal weapon 3,1,0,0,0,0.0,0.5
lethal weapon 4,1,0,0,0,0.0,0.5
leto,1,0,0,0,0.0,0.5
lets get frank,1,0,0,0,0.0,0.5
lets get lost,1,0,0,0,0.0,0.5
lets go to prison,1,0,0,0,0.0,0.5
lets spend the night together,1,0,0,0,0.0,0.5
letters from baghdad,1,0,0,0,0.0,0.5
letters from iwo jima,1,0,0,0,0.0,0.5
letters to juliet,1,0,0,0,0.0,0.5
leviathan,2,0,0,0,0.0,0.5
levitated mass,1,0,0,0,0.0,0.5
levity,1,0,0,0,0.0,0.5
liar liar,1,0,0,0,0.0,0.5
liberal arts,1,0,0,0,0.0,0.5
liberation day,1,0,0,0,0.0,0.5
liberty heights,1,0,0,0,0.0,0.5
liberté,1,0,0,0,0.0,0.5
licence to kill,1,0,0,0,0.0,0.5
license to drive,1,0,0,0,0.0,0.5
license to wed,1,0,0,0,0.0,0.5
licorice pizza,9,7,2,0,0.7777777777777778,0.8111111111111111
lie,1,0,0,0,0.0,0.5
lies,1,0,0,0,0.0,0.5
lies we tell,1,0,0,0,0.0,0.5
life,3,0,0,0,0.0,0.5
life above all,1,0,0,0,0.0,0.5
life and nothing more,1,0,0,0,0.0,0.5
life animated,1,0,0,0,0.0,0.5
life as a house,1,0,0,0,0.0,0.5
life as we know it,1,0,0,0,0.0,0.5
life during wartime,1,0,0,0,0.0,0.5
life happens,1,0,0,0,0.0,0.5
life in a day,1,0,0,0,0.0,0.5
life in a day 2020,1,0,0,0,0.0,0.5
life is sweet,1,0,0,0,0.0,0.5
life itself,2,0,0,0,0.0,0.5
life of a king,1,0,0,0,0.0,0.5
life of riley,1,0,0,0,0.0,0.5
life of the party,1,0,0,0,0.0,0.5
life on the line,1,0,0,0,0.0,0.5
life or something like it,1,0,0,0,0.0,0.5
life partners,1,0,0,0,0.0,0.5
life stinks,1,0,0,0,0.0,0.5
life upside down,1,0,0,0,0.0,0.5
life with mikey,1,0,0,0,0.0,0.5
lifeboat,1,0,0,0,0.0,0.5
lifeforce,1,0,0,0,0.0,0.5
lifes a breeze,1,0,0,0,0.0,0.5
light it up,1,0,0,0,0.0,0.5
light of day,1,0,0,0,0.0,0.5
light sleeper,1,0,0,0,0.0,0.5
lightning in a bottle,1,0,0,0,0.0,0.5
lights in the dusk,1,0,0,0,0.0,0.5
lights out,1,0,0,0,0.0,0.5
lightyear,4,0,2,2,0.0,0.475
like a boss,1,0,0,0,0.0,0.5
like crazy,1,0,0,0,0.0,0.5
like father,1,0,0,0,0.0,0.5
like father like son,1,0,0,0,0.0,0.5
like me,1,0,0,0,0.0,0.5
like mike,1,0,0,0,0.0,0.5
like someone in love,1,0,0,0,0.0,0.5
like water for chocolate,1,0,0,0,0.0,0.5
lil quinquin,1,0,0,0,0.0,0.5
lila says,1,0,0,0,0.0,0.5
lilo  stitch,1,0,0,0,0.0,0.5
lilting,1,0,0,0,0.0,0.5
lilya 4ever,1,0,0,0,0.0,0.5
limbo,2,0,0,0,0.0,0.5
limelight,1,0,0,0,0.0,0.5
limitless,1,0,0,0,0.0,0.5
lingua franca,1,0,0,0,0.0,0.5
lingui the sacred bonds,1,0,0,0,0.0,0.5
linoleum,1,0,0,0,0.0,0.5
linsanity,1,0,0,0,0.0,0.5
lion,1,0,0,0,0.0,0.5
lionheart,1,0,0,0,0.0,0.5
lions den,1,0,0,0,0.0,0.5
lions for lambs,1,0,0,0,0.0,0.5
lipstick,1,0,0,0,0.0,0.5
lipstick  dynamite piss  vinegar the first ladies of wrestling,1,0,0,0,0.0,0.5
liquid sky,1,0,0,0,0.0,0.5
lisa,1,0,0,0,0.0,0.5
lisa picard is famous,1,0,0,0,0.0,0.5
listen up philip,1,0,0,0,0.0,0.5
literally right before aaron,1,0,0,0,0.0,0.5
little,1,0,0,0,0.0,0.5
little ashes,1,0,0,0,0.0,0.5
little big league,1,0,0,0,0.0,0.5
little big man,1,0,0,0,0.0,0.5
little black book,1,0,0,0,0.0,0.5
little boy,1,0,0,0,0.0,0.5
little children,1,0,0,0,0.0,0.5
little darlings,1,0,0,0,0.0,0.5
little feet,1,0,0,0,0.0,0.5
little fish,2,0,0,0,0.0,0.5
little fockers,1,0,0,0,0.0,0.5
little girl,1,0,0,0,0.0,0.5
little jerusalem,1,0,0,0,0.0,0.5
little joe,1,0,0,0,0.0,0.5
little lili,1,0,0,0,0.0,0.5
little man,1,0,0,0,0.0,0.5
little men,1,0,0,0,0.0,0.5
little miss sunshine,12,12,0,0,1.0,0.9583333333333334
little monsters,1,0,0,0,0.0,0.5
little nicky,1,0,0,0,0.0,0.5
little odessa,1,0,0,0,0.0,0.5
little pink house,1,0,0,0,0.0,0.5
little secrets,1,0,0,0,0.0,0.5
little shop of horrors,1,0,0,0,0.0,0.5
little sister,1,0,0,0,0.0,0.5
little voice,1,0,0,0,0.0,0.5
little white lies,1,0,0,0,0.0,0.5
little women,45,42,3,0,0.9333333333333333,0.9
little woods,1,0,0,0,0.0,0.5
littlerock,1,0,0,0,0.0,0.5
live and let die,1,0,0,0,0.0,0.5
live cargo,1,0,0,0,0.0,0.5
live flesh,1,0,0,0,0.0,0.5
live free or die hard,1,0,0,0,0.0,0.5
livein maid,1,0,0,0,0.0,0.5
living in emergency stories of doctors without borders,1,0,0,0,0.0,0.5
living in oblivion,1,0,0,0,0.0,0.5
living out loud,1,0,0,0,0.0,0.5
liyana,1,0,0,0,0.0,0.5
lizzie,1,0,0,0,0.0,0.5
lo and behold reveries of the connected world,1,0,0,0,0.0,0.5
local hero,1,0,0,0,0.0,0.5
locke,1,0,0,0,0.0,0.5
lockout,1,0,0,0,0.0,0.5
logan,1,1,0,0,1.0,0.9
logan lucky,1,0,0,0,0.0,0.5
logans run,1,0,0,0,0.0,0.5
loitering with intent,1,0,0,0,0.0,0.5
loki,3,2,0,0,0.6666666666666666,0.9
lola versus,1,0,0,0,0.0,0.5
lolita,2,2,0,0,1.0,0.8
lolo,1,0,0,0,0.0,0.5
london,1,0,0,0,0.0,0.5
london boulevard,1,0,0,0,0.0,0.5
london fields,1,0,0,0,0.0,0.5
london has fallen,1,0,0,0,0.0,0.5
london river,1,0,0,0,0.0,0.5
london road,1,0,0,0,0.0,0.5
london to brighton,1,0,0,0,0.0,0.5
london town,1,0,0,0,0.0,0.5
lone star,1,0,0,0,0.0,0.5
lone wolf mcquade,1,0,0,0,0.0,0.5
lonesome jim,1,0,0,0,0.0,0.5
long days journey into night,1,0,0,0,0.0,0.5
long shot,1,0,0,0,0.0,0.5
long strange trip,1,0,0,0,0.0,0.5
long weekend,1,0,0,0,0.0,0.5
look,1,0,0,0,0.0,0.5
look  see a portrait of wendell berry,1,0,0,0,0.0,0.5
look at me,1,0,0,0,0.0,0.5
look back in anger,1,0,0,0,0.0,0.5
look both ways,2,0,2,0,0.0,0.55
look whos talking now,1,0,0,0,0.0,0.5
looker,1,0,0,0,0.0,0.5
lookin to get out,1,0,0,0,0.0,0.5
looking for an echo,1,0,0,0,0.0,0.5
looking for comedy in the muslim world,1,0,0,0,0.0,0.5
looking for eric,1,0,0,0,0.0,0.5
looking for mr goodbar,1,0,0,0,0.0,0.5
looking for palladin,1,0,0,0,0.0,0.5
looking glass,1,0,0,0,0.0,0.5
looper,1,0,0,0,0.0,0.5
loosies,1,0,0,0,0.0,0.5
lord of the dance in 3d,1,0,0,0,0.0,0.5
lord of war,1,0,0,0,0.0,0.5
lords of chaos,1,0,0,0,0.0,0.5
lords of dogtown,1,0,0,0,0.0,0.5
lore,1,0,0,0,0.0,0.5
lorelei,1,0,0,0,0.0,0.5
lorenzos oil,1,0,0,0,0.0,0.5
loro,1,0,0,0,0.0,0.5
los angeles plays itself,1,0,0,0,0.0,0.5
loser,1,0,0,0,0.0,0.5
losing control,1,0,0,0,0.0,0.5
lost  found,1,0,0,0,0.0,0.5
lost and delirious,1,0,0,0,0.0,0.5
lost embrace,1,0,0,0,0.0,0.5
lost girls,1,0,0,0,0.0,0.5
lost highway,2,2,0,0,1.0,0.8
lost in america,1,0,0,0,0.0,0.5
lost in la mancha,1,0,0,0,0.0,0.5
lost in space,1,0,0,0,0.0,0.5
lost in translation,2,1,1,0,0.5,0.85
lost souls,1,0,0,0,0.0,0.5
lost transmissions,1,0,0,0,0.0,0.5
lottery ticket,1,0,0,0,0.0,0.5
lotus eaters,1,0,0,0,0.0,0.5
louder than a bomb,1,0,0,0,0.0,0.5
louder than bombs,1,0,0,0,0.0,0.5
louder than words,1,0,0,0,0.0,0.5
loudmouth,1,0,0,0,0.0,0.5
loudquietloud a film about the pixies,1,0,0,0,0.0,0.5
louis armstrongs black  blues,1,0,0,0,0.0,0.5
lourdes,1,0,0,0,0.0,0.5
love,1,0,1,0,0.0,0.6
love  basketball,1,0,0,0,0.0,0.5
love  friendship,1,0,0,0,0.0,0.5
love  other drugs,1,0,1,0,0.0,0.7
love  sex,1,0,0,0,0.0,0.5
love actually,4,2,2,0,0.5,0.775
love affair,1,0,0,0,0.0,0.5
love and a 45,1,0,0,0,0.0,0.5
love and death on long island,1,0,0,0,0.0,0.5
love and diane,1,0,0,0,0.0,0.5
love and honor,1,0,0,0,0.0,0.5
love and monsters,1,0,0,0,0.0,0.5
love and other catastrophes,1,0,0,0,0.0,0.5
love and other drugs,1,0,0,0,0.0,0.5
love at first bite,1,0,0,0,0.0,0.5
love at first fight,1,0,0,0,0.0,0.5
love cecil,1,0,0,0,0.0,0.5
love crime,1,0,0,0,0.0,0.5
love dont cost a thing,1,0,0,0,0.0,0.5
love etc,1,0,0,0,0.0,0.5
love exposure,1,0,0,0,0.0,0.5
love gilda,1,0,0,0,0.0,0.5
love hard,2,0,0,2,0.0,0.4
love in the afternoon,1,0,0,0,0.0,0.5
love in the buff,1,0,0,0,0.0,0.5
love in the time of cholera,1,0,0,0,0.0,0.5
love in the time of money,1,0,0,0,0.0,0.5
love is strange,1,0,0,0,0.0,0.5
love life,1,0,0,0,0.0,0.5
love liza,1,0,0,0,0.0,0.5
love marilyn,1,0,0,0,0.0,0.5
love me if you dare,1,0,0,0,0.0,0.5
love object,1,0,0,0,0.0,0.5
love potion 9,1,0,0,0,0.0,0.5
love ranch,1,0,0,0,0.0,0.5
love rosie,1,1,0,0,1.0,0.8
love simon,1,0,1,0,0.0,0.7
love songs,1,0,0,0,0.0,0.5
love stinks,1,0,0,0,0.0,0.5
love the coopers,1,0,0,0,0.0,0.5
love valour compassion,1,0,0,0,0.0,0.5
love wedding marriage,1,0,0,0,0.0,0.5
love wedding repeat,1,0,0,0,0.0,0.5
love weddings  other disasters,1,0,0,0,0.0,0.5
loveless,1,0,0,0,0.0,0.5
lovely  amazing,1,0,0,0,0.0,0.5
lovely still,1,0,0,0,0.0,0.5
lover come back,1,0,0,0,0.0,0.5
lover for a day,1,0,0,0,0.0,0.5
loverboy,1,0,0,0,0.0,0.5
lovers of hate,1,0,0,0,0.0,0.5
loves labours lost,1,0,0,0,0.0,0.5
lovesong,1,0,0,0,0.0,0.5
loving,1,0,0,0,0.0,0.5
loving highsmith,1,0,0,0,0.0,0.5
loving jezebel,1,0,0,0,0.0,0.5
loving pablo,1,0,0,0,0.0,0.5
low tide,1,0,0,0,0.0,0.5
lower city,1,0,0,0,0.0,0.5
lowriders,1,0,0,0,0.0,0.5
luca,11,6,4,0,0.5454545454545454,0.8400000000000001
lucas,1,0,0,0,0.0,0.5
lucie aubrac,1,0,0,0,0.0,0.5
luck,1,0,0,0,0.0,0.5
luckiest girl alive,1,0,0,0,0.0,0.5
lucky,2,0,0,0,0.0,0.5
lucky bastard,1,0,0,0,0.0,0.5
lucky number slevin,1,0,0,0,0.0,0.5
lucky numbers,1,0,0,0,0.0,0.5
lucky you,1,0,0,0,0.0,0.5
lucy,1,0,0,0,0.0,0.5
lucy and desi,1,0,0,0,0.0,0.5
lucía lucía,1,0,0,0,0.0,0.5
lula the son of brazil,1,0,0,0,0.0,0.5
lullaby,1,0,0,0,0.0,0.5
luminarias,1,0,0,0,0.0,0.5
luminous motion,1,0,0,0,0.0,0.5
lumumba,1,0,0,0,0.0,0.5
lunana a yak in the classroom,1,0,0,0,0.0,0.5
lupin iii the castle of cagliostro,1,0,0,0,0.0,0.5
lust caution,1,0,0,0,0.0,0.5
lustre,1,0,0,0,0.0,0.5
luther,1,0,0,0,0.0,0.5
luv,1,0,0,0,0.0,0.5
lux ãterna,1,1,0,0,1.0,0.8
lux æterna,1,0,0,0,0.0,0.5
luz,1,0,0,0,0.0,0.5
luzzu,1,0,0,0,0.0,0.5
lyle lyle crocodile,2,0,0,2,0.0,0.3
lymelife,1,0,0,0,0.0,0.5
lynch,1,0,0,0,0.0,0.5
lynchoz,1,0,0,0,0.0,0.5
lãon the professional,2,2,0,0,1.0,0.9
m butterfly,1,0,0,0,0.0,0.5
m3gan,14,3,8,0,0.21428571428571427,0.7
ma,2,1,1,0,0.5,0.75
ma ma,1,0,0,0,0.0,0.5
ma raineys black bottom,1,0,0,0,0.0,0.5
ma raineyâs black bottom,1,0,1,0,0.0,0.7
ma rosa,1,0,0,0,0.0,0.5
maborosi,1,0,0,0,0.0,0.5
mac and me,1,0,0,0,0.0,0.5
macbeth,2,0,0,0,0.0,0.5
macgruber,1,0,0,0,0.0,0.5
machete,1,0,0,0,0.0,0.5
machine gun preacher,1,0,0,0,0.0,0.5
mack  rita,1,0,0,0,0.0,0.5
mad as hell,1,0,0,0,0.0,0.5
mad city,1,0,0,0,0.0,0.5
mad detective,1,0,0,0,0.0,0.5
mad god,1,0,0,0,0.0,0.5
mad hot ballroom,1,0,0,0,0.0,0.5
mad love,1,0,0,0,0.0,0.5
mad max,1,0,0,0,0.0,0.5
mad max beyond thunderdome,1,0,0,0,0.0,0.5
mad max fury road,3,3,0,0,1.0,1.0
mad money,1,0,0,0,0.0,0.5
madadayo,1,0,0,0,0.0,0.5
madagascar,1,0,0,0,0.0,0.5
madagascar 3 europes most wanted,1,0,0,0,0.0,0.5
madagascar escape 2 africa,1,0,0,0,0.0,0.5
madame satã,1,0,0,0,0.0,0.5
made,1,0,0,0,0.0,0.5
made in america,1,0,0,0,0.0,0.5
made in italy,1,0,0,0,0.0,0.5
made of honor,1,0,0,0,0.0,0.5
madea goes to jail,1,0,0,0,0.0,0.5
madeas big happy family,1,0,0,0,0.0,0.5
madeas family reunion,1,0,0,0,0.0,0.5
madelines madeline,1,0,0,0,0.0,0.5
mademoiselle c,1,0,0,0,0.0,0.5
mademoiselle chambon,1,0,0,0,0.0,0.5
madeup,1,0,0,0,0.0,0.5
madhouse,1,0,0,0,0.0,0.5
madison,1,0,0,0,0.0,0.5
madonna truth or dare,1,0,0,0,0.0,0.5
madrid 1987,1,0,0,0,0.0,0.5
maelstrom,1,0,0,0,0.0,0.5
maestro,1,0,0,0,0.0,0.5
magazine dreams,1,0,0,0,0.0,0.5
maggie,1,0,0,0,0.0,0.5
maggies plan,1,0,0,0,0.0,0.5
magic,1,0,0,0,0.0,0.5
magic in the moonlight,1,0,0,0,0.0,0.5
magic mike,1,0,0,0,0.0,0.5
magic mike xxl,1,0,0,0,0.0,0.5
magic mikes last dance,1,0,0,0,0.0,0.5
magic trip,1,0,0,0,0.0,0.5
magician the astonishing life and work of orson welles,1,0,0,0,0.0,0.5
magnificent desolation walking on the moon 3d,1,0,0,0,0.0,0.5
magnolia,1,1,0,0,1.0,0.8
magnus,1,0,0,0,0.0,0.5
maid in manhattan,1,0,0,0,0.0,0.5
maidan,1,0,0,0,0.0,0.5
maiden,1,0,0,0,0.0,0.5
mail order wife,1,0,0,0,0.0,0.5
mainstream,1,1,0,0,1.0,0.8
major dundee rerelease,1,0,0,0,0.0,0.5
major league,1,0,0,0,0.0,0.5
major payne,1,0,0,0,0.0,0.5
makala,1,0,0,0,0.0,0.5
make believe,1,0,0,0,0.0,0.5
make it funky,1,0,0,0,0.0,0.5
make up,1,0,0,0,0.0,0.5
making the boys,1,0,0,0,0.0,0.5
making waves the art of cinematic sound,1,0,0,0,0.0,0.5
mala mala,1,0,0,0,0.0,0.5
maladies,1,0,0,0,0.0,0.5
malcolm  marie,5,0,1,2,0.0,0.4666666666666667
malcolm x,1,0,0,0,0.0,0.5
maleficent,1,0,0,0,0.0,0.5
maleficent mistress of evil,1,0,0,0,0.0,0.5
malevolence,1,0,0,0,0.0,0.5
malibus most wanted,1,0,0,0,0.0,0.5
malice,1,0,0,0,0.0,0.5
malignant,6,3,2,0,0.5,0.76
mallrats,1,0,0,0,0.0,0.5
malmkrog,1,0,0,0,0.0,0.5
malèna,1,0,0,0,0.0,0.5
mama,1,0,0,0,0.0,0.5
mama weed,1,0,0,0,0.0,0.5
mambo italiano,1,0,0,0,0.0,0.5
mamma mia,8,5,3,0,0.625,0.825
mamma mia here we go again,3,2,0,0,0.6666666666666666,1.0
mammoth,1,0,0,0,0.0,0.5
man down,1,0,0,0,0.0,0.5
man in the chair,1,0,0,0,0.0,0.5
man of steel,1,0,0,0,0.0,0.5
man of tai chi,1,0,0,0,0.0,0.5
man of the century,1,0,0,0,0.0,0.5
man of the house,1,0,0,0,0.0,0.5
man of the year,1,0,0,0,0.0,0.5
man on a ledge,1,0,0,0,0.0,0.5
man on fire,1,0,0,0,0.0,0.5
man on the train,1,0,0,0,0.0,0.5
man on wire,1,0,0,0,0.0,0.5
man push cart,1,0,0,0,0.0,0.5
man up,1,0,0,0,0.0,0.5
man with a movie camera,1,0,0,0,0.0,0.5
management,1,0,0,0,0.0,0.5
manakamana,1,0,0,0,0.0,0.5
manchester by the sea,1,1,0,0,1.0,0.9
manda bala send a bullet,1,0,0,0,0.0,0.5
mandela long walk to freedom,1,0,0,0,0.0,0.5
manderlay,1,0,0,0,0.0,0.5
mandibles,1,0,0,0,0.0,0.5
mandy,1,0,0,0,0.0,0.5
manglehorn,1,0,0,0,0.0,0.5
manhattan,1,0,0,0,0.0,0.5
manhattan murder mystery,1,0,0,0,0.0,0.5
manhattan night,1,0,0,0,0.0,0.5
manhunt,1,0,0,0,0.0,0.5
maniac,1,0,0,0,0.0,0.5
manic,1,0,0,0,0.0,0.5
manifesto,1,0,0,0,0.0,0.5
manito,1,0,0,0,0.0,0.5
mank,2,0,1,0,0.0,0.6
manna from heaven,1,0,0,0,0.0,0.5
mannequin,1,0,0,0,0.0,0.5
mannequin on the move,1,0,0,0,0.0,0.5
manny,1,0,0,0,0.0,0.5
manolo the boy who made shoes for lizards,1,0,0,0,0.0,0.5
mansfield park,1,0,0,0,0.0,0.5
mansome,1,0,0,0,0.0,0.5
manufactured landscapes,1,0,0,0,0.0,0.5
manuscripts dont burn,1,0,0,0,0.0,0.5
maos last dancer,1,0,0,0,0.0,0.5
map of the human heart,1,0,0,0,0.0,0.5
mapplethorpe look at the pictures,1,0,0,0,0.0,0.5
maps to the stars,1,0,0,0,0.0,0.5
maquia when the promised flower blooms,1,0,0,0,0.0,0.5
marathon,1,0,0,0,0.0,0.5
marcel prousts time regained,1,0,0,0,0.0,0.5
marcel the shell with shoes on,9,9,0,0,1.0,0.9222222222222222
marcello mastroianni i remember,1,0,0,0,0.0,0.5
march of the penguins,1,0,0,0,0.0,0.5
marci x,1,0,0,0,0.0,0.5
mardi gras made in china,1,0,0,0,0.0,0.5
mare of easttown,1,0,0,0,0.0,0.5
marebito the stranger from afar,1,0,0,0,0.0,0.5
marfa girl,1,0,0,0,0.0,0.5
margaret,1,0,0,0,0.0,0.5
margaret cho assassin,1,0,0,0,0.0,0.5
margarita happy hour,1,0,0,0,0.0,0.5
margin call,1,0,0,0,0.0,0.5
margot at the wedding,1,0,0,0,0.0,0.5
marguerite,1,0,0,0,0.0,0.5
maria by callas,1,0,0,0,0.0,0.5
marianne  leonard words of love,1,0,0,0,0.0,0.5
marie antoinette,6,4,2,0,0.6666666666666666,0.8166666666666667
maries story,1,0,0,0,0.0,0.5
marilyn hotchkiss ballroom dancing  charm school,1,0,0,0,0.0,0.5
marina abramovic the artist is present,1,0,0,0,0.0,0.5
marion bridge,1,0,0,0,0.0,0.5
marius,1,0,0,0,0.0,0.5
marjorie prime,1,0,0,0,0.0,0.5
mark felt the man who brought down the white house,1,0,0,0,0.0,0.5
mark mary  some other people,1,0,0,0,0.0,0.5
marked for death,1,0,0,0,0.0,0.5
marley,1,0,0,0,0.0,0.5
marlina the murderer in four acts,1,0,0,0,0.0,0.5
marlowe,1,0,0,0,0.0,0.5
marmaduke,1,0,0,0,0.0,0.5
marnie,1,0,0,0,0.0,0.5
maronas fantastic tale,1,0,0,0,0.0,0.5
marooned,1,0,0,0,0.0,0.5
marooned in iraq,1,0,0,0,0.0,0.5
marriage story,2,2,0,0,1.0,0.9
married life,1,0,0,0,0.0,0.5
married to the mob,1,0,0,0,0.0,0.5
marry me,2,0,2,0,0.0,0.65
mars attacks,1,0,0,0,0.0,0.5
mars needs moms,1,0,0,0,0.0,0.5
mars one,1,0,0,0,0.0,0.5
marshall,1,0,0,0,0.0,0.5
martha marcy may marlene,1,0,0,0,0.0,0.5
martian child,1,0,0,0,0.0,0.5
martin,1,0,0,0,0.0,0.5
martin  orloff,1,0,0,0,0.0,0.5
martin eden,1,0,0,0,0.0,0.5
martin lawrence live runteldat,1,0,0,0,0.0,0.5
martin margiela in his own words,1,0,0,0,0.0,0.5
marvelous and the black hole,1,0,0,0,0.0,0.5
marvins room,1,0,0,0,0.0,0.5
marwencol,1,0,0,0,0.0,0.5
mary magdalene,1,0,0,0,0.0,0.5
mary poppins,1,0,0,0,0.0,0.5
mary poppins returns,1,0,0,0,0.0,0.5
mary queen of scots,1,0,0,0,0.0,0.5
mary reilly,1,0,0,0,0.0,0.5
mary shelley,1,0,0,0,0.0,0.5
mary shelleys frankenstein,1,0,0,0,0.0,0.5
mascots,1,0,0,0,0.0,0.5
mash,1,0,0,0,0.0,0.5
masked and anonymous,1,0,0,0,0.0,0.5
mass,1,0,0,0,0.0,0.5
massoud the afghan,1,0,0,0,0.0,0.5
master,1,0,0,0,0.0,0.5
master and commander the far side of the world,1,0,0,0,0.0,0.5
master gardener,1,0,0,0,0.0,0.5
master of light,1,0,0,0,0.0,0.5
master z ip man legacy,1,0,0,0,0.0,0.5
masters of the universe,1,0,0,0,0.0,0.5
matangimayamia,1,0,0,0,0.0,0.5
match,1,0,0,0,0.0,0.5
match point,1,0,0,0,0.0,0.5
material girls,1,0,0,0,0.0,0.5
materna,1,0,0,0,0.0,0.5
matewan,1,0,0,0,0.0,0.5
matilda,1,1,0,0,1.0,0.9
matt shepard is a friend of mine,1,0,0,0,0.0,0.5
matthew barney no restraint,1,0,0,0,0.0,0.5
matthias  maxime,1,0,0,0,0.0,0.5
mau mau sex sex,1,0,0,0,0.0,0.5
maudie,1,0,0,0,0.0,0.5
maurice,4,3,1,0,0.75,0.775
maverick,1,0,0,0,0.0,0.5
max,1,0,0,0,0.0,0.5
max keebles big move,1,0,0,0,0.0,0.5
max manus,1,0,0,0,0.0,0.5
max rose,1,0,0,0,0.0,0.5
max steel,1,0,0,0,0.0,0.5
maxed out hard times easy credit and the era of predatory lenders,1,0,0,0,0.0,0.5
maximum overdrive,1,0,0,0,0.0,0.5
may,1,0,0,0,0.0,0.5
may in the summer,1,0,0,0,0.0,0.5
maya,1,0,0,0,0.0,0.5
maya dardel,1,0,0,0,0.0,0.5
maya the bee movie,1,0,0,0,0.0,0.5
maybe baby,1,0,0,0,0.0,0.5
maybe i do,1,0,0,0,0.0,0.5
mayhem,1,0,0,0,0.0,0.5
mayor,1,0,0,0,0.0,0.5
mayor of the sunset strip,1,0,0,0,0.0,0.5
mayor pete,1,0,0,0,0.0,0.5
maze,1,0,0,0,0.0,0.5
maze runner the death cure,1,0,0,0,0.0,0.5
maze runner the scorch trials,1,0,0,0,0.0,0.5
mc5 a true testimonial,1,0,0,0,0.0,0.5
mccabe  mrs miller,1,0,0,0,0.0,0.5
mccanick,1,0,0,0,0.0,0.5
mcenroe,1,0,0,0,0.0,0.5
mcfarland usa,1,0,0,0,0.0,0.5
mchales navy,1,0,0,0,0.0,0.5
mcqueen,1,0,0,0,0.0,0.5
me  isaac newton,1,0,0,0,0.0,0.5
me and earl and the dying girl,1,0,0,0,0.0,0.5
me and you,1,0,0,0,0.0,0.5
me before you,1,0,0,1,0.0,0.3
me myself  irene,1,0,0,0,0.0,0.5
me myself i,1,0,0,0,0.0,0.5
me time,1,0,0,0,0.0,0.5
me without you,1,0,0,0,0.0,0.5
mea maxima culpa silence in the house of god,1,0,0,0,0.0,0.5
meadowland,1,0,0,0,0.0,0.5
mean creek,1,0,0,0,0.0,0.5
mean dreams,1,0,0,0,0.0,0.5
mean girls,4,4,0,0,1.0,0.9
mean machine,1,0,0,0,0.0,0.5
mean streets,1,0,0,0,0.0,0.5
measure of a man,1,0,0,0,0.0,0.5
mechanic resurrection,1,0,0,0,0.0,0.5
medeas,1,0,0,0,0.0,0.5
medicine man,1,0,0,0,0.0,0.5
medieval,1,0,0,0,0.0,0.5
medium cool,1,0,0,0,0.0,0.5
meduzot,1,0,0,0,0.0,0.5
meet cute,1,0,0,0,0.0,0.5
meet dave,1,0,0,0,0.0,0.5
meet joe black,1,0,0,0,0.0,0.5
meet me in montenegro,1,0,0,0,0.0,0.5
meet me in the bathroom,1,0,0,0,0.0,0.5
meet monica velour,1,0,0,0,0.0,0.5
meet the fockers,1,0,0,0,0.0,0.5
meet the fokkens,1,0,0,0,0.0,0.5
meet the parents,1,0,0,0,0.0,0.5
meet the patels,1,0,0,0,0.0,0.5
meet the robinsons,1,0,0,0,0.0,0.5
meet the spartans,1,0,0,0,0.0,0.5
meeting gorbachev,1,0,0,0,0.0,0.5
meeting resistance,1,0,0,0,0.0,0.5
meeting spencer,1,0,0,0,0.0,0.5
megamind,2,2,0,0,1.0,0.9
megan leavey,1,0,0,0,0.0,0.5
mein liebster feind  klaus kinski,1,0,0,0,0.0,0.5
mektoub my love canto uno,1,0,0,0,0.0,0.5
mektoub my love intermezzo,1,0,0,0,0.0,0.5
melancholia,1,1,0,0,1.0,0.8
melancholian 3 huonetta,1,0,0,0,0.0,0.5
melinda and melinda,1,0,0,0,0.0,0.5
melody time,1,0,0,0,0.0,0.5
memento,4,3,1,0,0.75,0.8
memoir of war,1,0,0,0,0.0,0.5
memoirs of a geisha,1,0,0,0,0.0,0.5
memoirs of an invisible man,1,0,0,0,0.0,0.5
memoria,1,1,0,0,1.0,0.9
memories of me,1,0,0,0,0.0,0.5
memories of murder,6,6,0,0,1.0,0.9
memories of my father,1,0,0,0,0.0,0.5
memories of tomorrow,1,0,0,0,0.0,0.5
memory,1,0,0,0,0.0,0.5
memory box,1,0,0,0,0.0,0.5
memory the origins of alien,1,0,0,0,0.0,0.5
memphis belle,1,0,0,0,0.0,0.5
men,9,0,4,5,0.0,0.3555555555555555
men at work,1,0,0,0,0.0,0.5
men cry bullets,1,0,0,0,0.0,0.5
men in black,1,0,0,0,0.0,0.5
men in black ii,1,0,0,0,0.0,0.5
men in black international,1,0,0,0,0.0,0.5
men of honor,1,0,0,0,0.0,0.5
men on the bridge,1,0,0,0,0.0,0.5
menace ii society,1,0,0,0,0.0,0.5
merchants of doubt,1,0,0,0,0.0,0.5
merci pour le chocolat,1,0,0,0,0.0,0.5
mercury rising,1,0,0,0,0.0,0.5
mercy,1,0,0,0,0.0,0.5
mermaids,1,0,0,0,0.0,0.5
meru,1,0,0,0,0.0,0.5
mesrine killer instinct,1,0,0,0,0.0,0.5
message in a bottle,1,0,0,0,0.0,0.5
metal a headbangers journey,1,0,0,0,0.0,0.5
metal lords,1,0,0,0,0.0,0.5
metallica some kind of monster,1,0,0,0,0.0,0.5
metallica through the never,1,0,0,0,0.0,0.5
meteor,1,0,0,0,0.0,0.5
metro,1,0,0,0,0.0,0.5
metroland,1,0,0,0,0.0,0.5
metropolis,1,1,0,0,1.0,0.8
mia and the migoo,1,0,0,0,0.0,0.5
mia madre,1,0,0,0,0.0,0.5
miami vice,1,0,0,0,0.0,0.5
michael,1,0,0,0,0.0,0.5
michael clayton,1,0,0,0,0.0,0.5
michael collins,1,0,0,0,0.0,0.5
michael jacksons journey from motown to off the wall,1,0,0,0,0.0,0.5
michael moore in trumpland,1,0,0,0,0.0,0.5
mickey and the bear,1,0,0,0,0.0,0.5
mickey blue eyes,1,0,0,0,0.0,0.5
mickey the story of a mouse,1,0,0,0,0.0,0.5
micki  maude,1,0,0,0,0.0,0.5
micmac  au four et au moulin,1,0,0,0,0.0,0.5
micmacs,1,0,0,0,0.0,0.5
microbe and gasoline,1,0,0,0,0.0,0.5
microcosmos,1,0,0,0,0.0,0.5
midaugust lunch,1,0,0,0,0.0,0.5
middle of nowhere,1,0,0,0,0.0,0.5
middle school the worst years of my life,1,0,0,0,0.0,0.5
midnight cowboy,1,0,0,0,0.0,0.5
midnight express,1,0,0,0,0.0,0.5
midnight in paris,3,3,0,0,1.0,0.8333333333333334
midnight in the garden of good and evil,1,0,0,0,0.0,0.5
midnight in the switchgrass,1,0,0,0,0.0,0.5
midnight mass,2,2,0,0,1.0,0.8
midnight run,1,0,0,0,0.0,0.5
midnight special,1,0,0,0,0.0,0.5
midnight traveler,1,0,0,0,0.0,0.5
midnighters,1,0,0,0,0.0,0.5
midnights children,1,0,0,0,0.0,0.5
midsommar,12,8,2,0,0.6666666666666666,0.8
midway,1,0,0,0,0.0,0.5
mifune the last samurai,1,0,0,0,0.0,0.5
mifunes last song,1,0,0,0,0.0,0.5
mighty aphrodite,1,0,0,0,0.0,0.5
mighty fine,1,0,0,0,0.0,0.5
mighty morphin power rangers the movie,1,0,0,0,0.0,0.5
mike and dave need wedding dates,1,0,0,0,0.0,0.5
mike wallace is here,1,0,0,0,0.0,0.5
mikey and nicky,1,0,0,0,0.0,0.5
milarepa,1,0,0,0,0.0,0.5
mildred pierce,1,0,0,0,0.0,0.5
miles ahead,1,0,0,0,0.0,0.5
miles davis birth of the cool,1,0,0,0,0.0,0.5
milford graves full mantis,1,0,0,0,0.0,0.5
milius,1,0,0,0,0.0,0.5
milk,1,0,0,0,0.0,0.5
millennium,1,0,0,0,0.0,0.5
millennium actress,1,0,0,0,0.0,0.5
millennium mambo,1,0,0,0,0.0,0.5
million dollar arm,1,0,0,0,0.0,0.5
million dollar baby,1,0,0,0,0.0,0.5
millions,1,0,0,0,0.0,0.5
milwaukee minnesota,1,0,0,0,0.0,0.5
mimic,1,0,0,0,0.0,0.5
mimosas,1,0,0,0,0.0,0.5
minamata,1,0,0,0,0.0,0.5
minari,6,6,0,0,1.0,0.9166666666666666
mind the gap,1,0,0,0,0.0,0.5
mindhorn,1,0,0,0,0.0,0.5
mindhunters,1,0,0,0,0.0,0.5
mine,1,0,0,0,0.0,0.5
mine 9,1,0,0,0,0.0,0.5
minions,1,0,0,1,0.0,0.2
minions the rise of gru,9,2,4,2,0.2222222222222222,0.6625
minnie and moskowitz,1,0,0,0,0.0,0.5
minority report,1,0,0,0,0.0,0.5
miracle,1,0,0,0,0.0,0.5
miracle at st anna,1,0,0,0,0.0,0.5
miracle in milan,1,0,0,0,0.0,0.5
miracle on 34th street,1,0,0,0,0.0,0.5
miracles from heaven,1,0,0,0,0.0,0.5
mirai,1,0,0,0,0.0,0.5
miral,1,0,0,0,0.0,0.5
mirror,1,0,0,0,0.0,0.5
mirror mirror,1,0,0,0,0.0,0.5
mirrormask,1,0,0,0,0.0,0.5
mirrors,1,0,0,0,0.0,0.5
misbehaviour,1,0,0,0,0.0,0.5
mischief,1,0,0,0,0.0,0.5
misconduct,1,0,0,0,0.0,0.5
misery,1,0,0,0,0.0,0.5
misha and the wolves,1,0,0,0,0.0,0.5
miss americana,1,1,0,0,1.0,1.0
miss bala,1,0,0,0,0.0,0.5
miss congeniality,1,0,1,0,0.0,0.7
miss congeniality 2 armed  fabulous,1,0,0,0,0.0,0.5
miss firecracker,1,0,0,0,0.0,0.5
miss hokusai,1,0,0,0,0.0,0.5
miss julie,2,0,0,0,0.0,0.5
miss juneteenth,1,0,0,0,0.0,0.5
miss lovely,1,0,0,0,0.0,0.5
miss march,1,0,0,0,0.0,0.5
miss meadows,1,0,0,0,0.0,0.5
miss minoes,1,0,0,0,0.0,0.5
miss peregrines home for peculiar children,1,0,0,0,0.0,0.5
miss pettigrew lives for a day,1,0,0,0,0.0,0.5
miss potter,1,0,0,0,0.0,0.5
miss sloane,1,0,0,0,0.0,0.5
miss stevens,1,0,0,0,0.0,0.5
miss you already,1,0,0,0,0.0,0.5
missing,4,2,2,0,0.5,0.75
missing in action,1,0,0,0,0.0,0.5
missing link,1,0,0,0,0.0,0.5
mission impossible  fallout,1,0,0,0,0.0,0.5
mission impossible  ghost protocol,1,1,0,0,1.0,0.8
mission impossible ii,1,0,0,0,0.0,0.5
mission impossible iii,1,0,0,0,0.0,0.5
mission to lars,1,0,0,0,0.0,0.5
mississippi burning,1,0,0,0,0.0,0.5
mississippi masala,1,0,0,0,0.0,0.5
mistaken for strangers,1,0,0,0,0.0,0.5
mister america,1,0,0,0,0.0,0.5
mister foe,1,0,0,0,0.0,0.5
mister lonely,1,0,0,0,0.0,0.5
mister roberts,1,0,0,0,0.0,0.5
mistress,1,0,0,0,0.0,0.5
mistress america,1,0,0,0,0.0,0.5
mixed nuts,1,0,0,0,0.0,0.5
mlkfbi,1,0,0,0,0.0,0.5
moana,1,0,0,0,0.0,0.5
mobile homes,1,0,0,0,0.0,0.5
modigliani,1,0,0,0,0.0,0.5
moebius,1,0,0,0,0.0,0.5
moffie,1,0,0,0,0.0,0.5
mogul mowgli,1,0,0,0,0.0,0.5
mohawk,1,0,0,0,0.0,0.5
mojados through the night,1,0,0,0,0.0,0.5
mojave,1,0,0,0,0.0,0.5
moka,1,0,0,0,0.0,0.5
molière,1,0,0,0,0.0,0.5
molly,1,0,0,0,0.0,0.5
mollys game,1,0,0,0,0.0,0.5
mollys theory of relativity,1,0,0,0,0.0,0.5
mom and dad,1,0,0,0,0.0,0.5
mommas man,1,0,0,0,0.0,0.5
mommie dearest,1,0,0,0,0.0,0.5
mommy,3,3,0,0,1.0,1.0
moms night out,1,0,0,0,0.0,0.5
mona lisa,1,0,0,0,0.0,0.5
mona lisa and the blood moon,1,0,0,0,0.0,0.5
mona lisa smile,1,0,0,0,0.0,0.5
mondays in the sun,1,0,0,0,0.0,0.5
mondovino,1,0,0,0,0.0,0.5
money buys happiness,1,0,0,0,0.0,0.5
money for nothing inside the federal reserve,1,0,0,0,0.0,0.5
money monster,1,0,0,0,0.0,0.5
moneyball,1,0,0,0,0.0,0.5
mongol the rise of genghis khan,1,0,0,0,0.0,0.5
mongolian ping pong,1,0,0,0,0.0,0.5
monkey business,1,0,0,0,0.0,0.5
monkey kingdom,1,0,0,0,0.0,0.5
monkey shines,1,0,0,0,0.0,0.5
monkeybone,1,0,0,0,0.0,0.5
monogamy,1,0,0,0,0.0,0.5
monrovia indiana,1,0,0,0,0.0,0.5
monsieur lazhar,1,0,0,0,0.0,0.5
monsieur n,1,0,0,0,0.0,0.5
monsoon,1,0,0,0,0.0,0.5
monsoon wedding,1,0,0,0,0.0,0.5
monster,1,0,0,0,0.0,0.5
monster house,1,0,0,0,0.0,0.5
monster hunt,1,0,0,0,0.0,0.5
monster hunter,1,0,0,0,0.0,0.5
monster trucks,1,0,0,0,0.0,0.5
monsterinlaw,1,0,0,0,0.0,0.5
monsters,1,0,0,0,0.0,0.5
monsters and men,1,0,0,0,0.0,0.5
monsters ball,1,0,0,0,0.0,0.5
monsters dark continent,1,0,0,0,0.0,0.5
monsters inc,1,1,0,0,1.0,0.9
monsters university,1,0,0,0,0.0,0.5
monsters vs aliens,1,0,0,0,0.0,0.5
monstrous,1,0,0,0,0.0,0.5
monte carlo,1,0,0,0,0.0,0.5
monty python and the holy grail,1,1,0,0,1.0,1.0
monument ave,1,0,0,0,0.0,0.5
monumental david browers fight for wild america,1,0,0,0,0.0,0.5
mood indigo,1,0,0,0,0.0,0.5
moolaadé,1,0,0,0,0.0,0.5
moon,1,0,0,0,0.0,0.5
moon knight,4,2,0,0,0.5,1.0
moonage daydream,1,0,0,0,0.0,0.5
moonfall,1,0,0,0,0.0,0.5
moonlight,3,3,0,0,1.0,0.9
moonlight mile,1,0,0,0,0.0,0.5
moonlight sonata deafness in three movements,1,0,0,0,0.0,0.5
moonraker,1,0,0,0,0.0,0.5
moonrise kingdom,3,2,1,0,0.6666666666666666,0.8666666666666666
moonshot,1,0,0,0,0.0,0.5
moonstruck,1,1,0,0,1.0,1.0
morbius,8,1,0,4,0.125,0.3
more american graffiti,1,0,0,0,0.0,0.5
more than a game,1,0,0,0,0.0,0.5
more than ever,1,0,0,0,0.0,0.5
more than honey,1,0,0,0,0.0,0.5
morgan,1,0,0,0,0.0,0.5
morlang,1,0,0,0,0.0,0.5
morning,1,0,0,0,0.0,0.5
morning glory,1,0,0,0,0.0,0.5
morning light,1,0,0,0,0.0,0.5
morning sun,1,0,0,0,0.0,0.5
morons from outer space,1,0,0,0,0.0,0.5
morris from america,1,0,0,0,0.0,0.5
mortal kombat,1,0,1,0,0.0,0.5
mortal kombat annihilation,1,0,0,0,0.0,0.5
mortal thoughts,1,0,0,0,0.0,0.5
mortdecai,1,0,0,0,0.0,0.5
morvern callar,1,0,0,0,0.0,0.5
moscow belgium,1,0,0,0,0.0,0.5
moscow never sleeps,1,0,0,0,0.0,0.5
mosquita y mari,1,0,0,0,0.0,0.5
mosquito state,1,0,0,0,0.0,0.5
most beautiful island,1,0,0,0,0.0,0.5
most wanted,1,0,0,0,0.0,0.5
mostly martha,1,0,0,0,0.0,0.5
motel hell,1,0,0,0,0.0,0.5
mother,8,2,3,1,0.25,0.6
mother of tears,1,0,0,0,0.0,0.5
mother schmuckers,1,0,0,0,0.0,0.5
motherandroid,1,0,0,0,0.0,0.5
motherhood,1,0,0,0,0.0,0.5
mothering sunday,1,0,0,0,0.0,0.5
motherless brooklyn,1,0,0,0,0.0,0.5
mothers and daughters,1,0,0,0,0.0,0.5
mothers day,2,0,0,0,0.0,0.5
moulin rouge,4,3,0,0,0.75,0.9666666666666666
mountain,1,0,0,0,0.0,0.5
mountain patrol,1,0,0,0,0.0,0.5
mousehunt,1,0,0,0,0.0,0.5
movie 43,1,0,0,0,0.0,0.5
moving,1,0,0,0,0.0,0.5
moving midway,1,0,0,0,0.0,0.5
moving on,1,0,0,0,0.0,0.5
mowgli legend of the jungle,1,0,0,0,0.0,0.5
moxie,3,1,2,0,0.3333333333333333,0.7
mr  mrs smith,1,1,0,0,1.0,0.8
mr 3000,1,0,0,0,0.0,0.5
mr bachmann and his class,1,0,0,0,0.0,0.5
mr beans vacation,1,0,0,0,0.0,0.5
mr brooks,1,0,0,0,0.0,0.5
mr church,1,0,0,0,0.0,0.5
mr death the rise and fall of fred a leuchter jr,1,0,0,0,0.0,0.5
mr deeds,1,0,0,0,0.0,0.5
mr destiny,1,0,0,0,0.0,0.5
mr gaga,1,0,0,0,0.0,0.5
mr harrigans phone,1,0,0,0,0.0,0.5
mr hollands opus,1,0,0,0,0.0,0.5
mr jealousy,1,0,0,0,0.0,0.5
mr jones,2,0,0,0,0.0,0.5
mr magoo,1,0,0,0,0.0,0.5
mr majestyk,1,0,0,0,0.0,0.5
mr malcolms list,1,0,0,0,0.0,0.5
mr mom,1,0,0,0,0.0,0.5
mr nanny,1,0,0,0,0.0,0.5
mr nice,1,0,0,0,0.0,0.5
mr nobody,1,0,0,0,0.0,0.5
mr peabody  sherman,1,0,0,0,0.0,0.5
mr poppers penguins,1,0,0,0,0.0,0.5
mr right,1,0,0,0,0.0,0.5
mr roosevelt,1,0,0,0,0.0,0.5
mr woodcock,1,0,0,0,0.0,0.5
mrs doubtfire,1,0,0,0,0.0,0.5
mrs harris goes to paris,1,0,0,0,0.0,0.5
mrs henderson presents,1,0,0,0,0.0,0.5
mrs hyde,1,0,0,0,0.0,0.5
mrs lowry  son,1,0,0,0,0.0,0.5
mrs palfrey at the claremont,1,0,0,0,0.0,0.5
mrs parker and the vicious circle,1,0,0,0,0.0,0.5
ms marvel,1,0,1,0,0.0,0.7
ms purple,1,0,0,0,0.0,0.5
much ado about nothing,1,0,0,0,0.0,0.5
much ado about something,1,0,0,0,0.0,0.5
mucho mucho amor,1,0,0,0,0.0,0.5
mud,1,0,0,0,0.0,0.5
mudbound,1,0,0,0,0.0,0.5
mulan,6,0,0,6,0.0,0.26666666666666666
mule skinner blues,1,0,0,0,0.0,0.5
mulholland dr,1,0,0,0,0.0,0.5
mulholland drive,5,5,0,0,1.0,0.9800000000000001
multiple sarcasms,1,0,0,0,0.0,0.5
multiplicity,1,0,0,0,0.0,0.5
mumford,1,0,0,0,0.0,0.5
munich,1,0,0,0,0.0,0.5
munich the edge of war,1,0,0,0,0.0,0.5
muppet treasure island,1,0,0,0,0.0,0.5
muppets from space,1,0,0,0,0.0,0.5
muppets most wanted,1,0,0,0,0.0,0.5
murder at 1600,1,0,0,0,0.0,0.5
murder by death,1,0,0,0,0.0,0.5
murder by numbers,1,0,0,0,0.0,0.5
murder mystery,1,0,0,0,0.0,0.5
murder of a cat,1,0,0,0,0.0,0.5
murder on the orient express,1,0,1,0,0.0,0.6
murderball,1,0,0,0,0.0,0.5
murderous maids,1,0,0,0,0.0,0.5
muriels wedding,1,0,0,0,0.0,0.5
murina,1,0,0,0,0.0,0.5
murph the protector,1,0,0,0,0.0,0.5
museo,1,0,0,0,0.0,0.5
music,2,0,0,2,0.0,0.1
music and lyrics,1,0,0,0,0.0,0.5
music from the inside out,1,0,0,0,0.0,0.5
music of the heart,1,0,0,0,0.0,0.5
music within,1,0,0,0,0.0,0.5
musical chairs,1,0,0,0,0.0,0.5
must love dogs,1,0,0,0,0.0,0.5
must read after my death,1,0,0,0,0.0,0.5
mutant aliens,1,0,0,0,0.0,0.5
mute,1,0,0,0,0.0,0.5
mutiny on the bounty,2,0,0,0,0.0,0.5
mutual appreciation,1,0,0,0,0.0,0.5
mvp most valuable primate,1,0,0,0,0.0,0.5
my all american,1,0,0,0,0.0,0.5
my amityville horror,1,0,0,0,0.0,0.5
my architect,1,0,0,0,0.0,0.5
my art,1,0,0,0,0.0,0.5
my babys daddy,1,0,0,0,0.0,0.5
my beautiful laundrette,1,0,0,0,0.0,0.5
my best enemy,1,0,0,0,0.0,0.5
my best friend,1,0,0,0,0.0,0.5
my best friends exorcism,1,0,0,0,0.0,0.5
my best friends girl,1,0,0,0,0.0,0.5
my best friends wedding,1,0,0,0,0.0,0.5
my best friendâs wedding,1,0,1,0,0.0,0.7
my big fat greek wedding,1,0,0,0,0.0,0.5
my big fat greek wedding 2,1,0,0,0,0.0,0.5
my big fat independent movie,1,0,0,0,0.0,0.5
my big night,1,0,0,0,0.0,0.5
my blind brother,1,0,0,0,0.0,0.5
my blue heaven,1,0,0,0,0.0,0.5
my blueberry nights,1,0,0,0,0.0,0.5
my bodyguard,1,0,0,0,0.0,0.5
my brilliant career,1,0,0,0,0.0,0.5
my brother is an only child,1,0,0,0,0.0,0.5
my brother the devil,1,0,0,0,0.0,0.5
my country my country,1,0,0,0,0.0,0.5
my cousin vinny,1,0,0,0,0.0,0.5
my darling vivian,1,0,0,0,0.0,0.5
my date with drew,1,0,0,0,0.0,0.5
my dinner with andre,1,0,0,0,0.0,0.5
my dog skip,1,0,0,0,0.0,0.5
my dog tulip,1,0,0,0,0.0,0.5
my donkey my lover  i,1,0,0,0,0.0,0.5
my entire high school sinking into the sea,1,0,0,0,0.0,0.5
my fair lady,1,0,0,0,0.0,0.5
my father and the man in black,1,0,0,0,0.0,0.5
my father die,1,0,0,0,0.0,0.5
my father the hero,1,0,0,0,0.0,0.5
my fathers dragon,1,0,0,0,0.0,0.5
my favorite blonde,1,0,0,0,0.0,0.5
my favorite martian,1,0,0,0,0.0,0.5
my favorite year,1,0,0,0,0.0,0.5
my fellow americans,1,0,0,0,0.0,0.5
my first mister,1,0,0,0,0.0,0.5
my flesh and blood,1,0,0,0,0.0,0.5
my friend dahmer,1,0,0,0,0.0,0.5
my girl,1,0,0,0,0.0,0.5
my golden days,1,0,0,0,0.0,0.5
my imaginary country,1,0,0,0,0.0,0.5
my joy,1,0,0,0,0.0,0.5
my kid could paint that,1,0,0,0,0.0,0.5
my king,1,0,0,0,0.0,0.5
my left foot,1,0,0,0,0.0,0.5
my life as a dog,1,0,0,0,0.0,0.5
my life as a zucchini,2,1,1,0,0.5,0.85
my life directed by nicolas winding refn,1,0,0,0,0.0,0.5
my life in ruins,1,0,0,0,0.0,0.5
my little pony the movie,1,0,0,0,0.0,0.5
my little sister,1,0,0,0,0.0,0.5
my love dont cross that river,1,0,0,0,0.0,0.5
my lucky star,1,0,0,0,0.0,0.5
my man godfrey,1,0,0,0,0.0,0.5
my mother,1,0,0,0,0.0,0.5
my mother likes women,1,0,0,0,0.0,0.5
my mothers smile,1,0,0,0,0.0,0.5
my name is albert ayler,1,0,0,0,0.0,0.5
my name is bruce,1,0,0,0,0.0,0.5
my name is hmmm,1,0,0,0,0.0,0.5
my name is khan,1,0,0,0,0.0,0.5
my name is pauli murray,1,0,0,0,0.0,0.5
my neighbor totoro,4,4,0,0,1.0,0.925
my octopus teacher,2,2,0,0,1.0,0.9
my old lady,1,0,0,0,0.0,0.5
my old school,1,0,0,0,0.0,0.5
my one and only,1,0,0,0,0.0,0.5
my own private idaho,5,4,1,0,0.8,0.9
my perestroika,1,0,0,0,0.0,0.5
my policeman,4,0,3,0,0.0,0.6
my psychedelic love story,1,0,0,0,0.0,0.5
my reincarnation,1,0,0,0,0.0,0.5
my rembrandt,1,0,0,0,0.0,0.5
my salinger year,1,0,0,0,0.0,0.5
my scientology movie,1,0,0,0,0.0,0.5
my sister maria,1,0,0,0,0.0,0.5
my son,1,0,0,0,0.0,0.5
my son my son what have ye done,1,0,0,0,0.0,0.5
my soul to take,1,0,0,0,0.0,0.5
my spy,1,0,0,0,0.0,0.5
my stepmother is an alien,1,0,0,0,0.0,0.5
my summer of love,1,0,0,0,0.0,0.5
my super exgirlfriend,1,0,0,0,0.0,0.5
my terrorist,1,0,0,0,0.0,0.5
my voyage to italy,1,0,0,0,0.0,0.5
my way,1,0,0,0,0.0,0.5
my wife is an actress,1,0,0,0,0.0,0.5
my winnipeg,1,0,0,0,0.0,0.5
my wonderful wanda,1,0,0,0,0.0,0.5
my worst nightmare,1,0,0,0,0.0,0.5
my zoe,1,0,0,0,0.0,0.5
mysteries of lisbon,1,0,0,0,0.0,0.5
mysterious object at noon,1,0,0,0,0.0,0.5
mysterious skin,4,4,0,0,1.0,1.0
mystery alaska,1,0,0,0,0.0,0.5
mystery science theater 3000 the movie,1,0,0,0,0.0,0.5
mystery train,1,0,0,0,0.0,0.5
mystic pizza,1,0,0,0,0.0,0.5
mystic river,1,0,0,0,0.0,0.5
mystify michael hutchence,1,0,0,0,0.0,0.5
nabbeun namja,1,0,0,0,0.0,0.5
nacho libre,1,0,0,0,0.0,0.5
nadja,1,0,0,0,0.0,0.5
naked,1,0,0,0,0.0,0.5
naked gun 33 13 the final insult,1,0,0,0,0.0,0.5
naked in ashes,1,0,0,0,0.0,0.5
naked singularity,1,0,0,0,0.0,0.5
nakom,1,0,0,0,0.0,0.5
nancy,1,0,0,0,0.0,0.5
nancy drew,1,0,0,0,0.0,0.5
nancy drew and the hidden staircase,1,0,0,0,0.0,0.5
nanking,1,0,0,0,0.0,0.5
nanny mcphee returns,1,0,0,0,0.0,0.5
napoleon dynamite,2,1,1,0,0.5,0.75
naqoyqatsi,1,0,0,0,0.0,0.5
narrow margin,1,0,0,0,0.0,0.5
nas time is illmatic,1,0,0,0,0.0,0.5
nascar the imax experience,1,0,0,0,0.0,0.5
nashville,1,0,0,0,0.0,0.5
nasty baby,1,0,0,0,0.0,0.5
nathalie,1,0,0,0,0.0,0.5
national champions,1,0,0,0,0.0,0.5
national gallery,1,0,0,0,0.0,0.5
national lampoons european vacation,1,0,0,0,0.0,0.5
national lampoons gold diggers,1,0,0,0,0.0,0.5
national security,1,0,0,0,0.0,0.5
national treasure,1,0,0,0,0.0,0.5
national treasure book of secrets,1,0,0,0,0.0,0.5
native son,1,0,0,0,0.0,0.5
natural born killers,1,0,0,0,0.0,0.5
natural light,1,0,0,0,0.0,0.5
natural selection,1,0,0,0,0.0,0.5
nature calls,1,0,0,0,0.0,0.5
nausicaä of the valley of the wind,1,0,0,0,0.0,0.5
navalny,1,0,0,0,0.0,0.5
navy seals,1,0,0,0,0.0,0.5
near dark,1,0,0,0,0.0,0.5
nearing grace,1,0,0,0,0.0,0.5
nebraska,1,0,0,0,0.0,0.5
necessary roughness,1,0,0,0,0.0,0.5
ned kelly,1,0,0,0,0.0,0.5
ned rifle,1,0,0,0,0.0,0.5
need for speed,1,0,0,0,0.0,0.5
needful things,1,0,0,0,0.0,0.5
needle in a timestack,1,0,0,0,0.0,0.5
neighbors,2,0,0,0,0.0,0.5
neighbors 2 sorority rising,1,0,0,0,0.0,0.5
neil young heart of gold,1,0,0,0,0.0,0.5
neil young journeys,1,0,0,0,0.0,0.5
neil young trunk show,1,0,0,0,0.0,0.5
neither heaven nor earth,1,0,0,0,0.0,0.5
nenette and boni,1,0,0,0,0.0,0.5
neon bull,1,0,0,0,0.0,0.5
neon genesis evangelion,2,1,0,0,0.5,0.8
neptune frost,1,0,0,0,0.0,0.5
neruda,1,0,0,0,0.0,0.5
nerve,1,0,1,0,0.0,0.7
neshoba,1,0,0,0,0.0,0.5
network,1,0,0,0,0.0,0.5
never again,1,0,0,0,0.0,0.5
never been kissed,1,0,0,0,0.0,0.5
never been thawed,1,0,0,0,0.0,0.5
never die alone,1,0,0,0,0.0,0.5
never goin back,1,0,0,0,0.0,0.5
never gonna snow again,1,0,0,0,0.0,0.5
never grow old,1,0,0,0,0.0,0.5
never here,1,0,0,0,0.0,0.5
never let me go,1,0,0,0,0.0,0.5
never look away,1,0,0,0,0.0,0.5
never rarely sometimes always,1,1,0,0,1.0,0.8
never say never again,1,0,0,0,0.0,0.5
never steady never still,1,0,0,0,0.0,0.5
new best friend,1,0,0,0,0.0,0.5
new in town,1,0,0,0,0.0,0.5
new jack city,1,0,0,0,0.0,0.5
new order,1,0,0,0,0.0,0.5
new rose hotel,1,0,0,0,0.0,0.5
new york doll,1,0,0,0,0.0,0.5
new york i love you,1,0,0,0,0.0,0.5
new york minute,1,0,0,0,0.0,0.5
new york new york,1,0,0,0,0.0,0.5
newlyweeds,1,0,0,0,0.0,0.5
newness,1,0,0,0,0.0,0.5
news of the world,1,0,0,0,0.0,0.5
newsies,1,0,0,0,0.0,0.5
newtown,1,0,0,0,0.0,0.5
next,1,0,0,0,0.0,0.5
next day air,1,0,0,0,0.0,0.5
next door,1,0,0,0,0.0,0.5
next exit,1,0,0,0,0.0,0.5
next friday,1,0,0,0,0.0,0.5
next of kin,1,0,0,0,0.0,0.5
next stop wonderland,1,0,0,0,0.0,0.5
nicholas and alexandra,1,0,0,0,0.0,0.5
nicholas nickleby,1,0,0,0,0.0,0.5
nick and norahs infinite playlist,1,0,0,0,0.0,0.5
nickelodeon,1,0,0,0,0.0,0.5
nickys family,1,0,0,0,0.0,0.5
nico 1988,1,0,0,0,0.0,0.5
nico and dani,1,0,0,0,0.0,0.5
nicotina,1,0,0,0,0.0,0.5
night across the street,1,0,0,0,0.0,0.5
night and the city,1,0,0,0,0.0,0.5
night at the golden eagle,1,0,0,0,0.0,0.5
night at the museum,1,0,0,0,0.0,0.5
night at the museum battle of the smithsonian,1,0,0,0,0.0,0.5
night at the museum secret of the tomb,1,0,0,0,0.0,0.5
night catches us,1,0,0,0,0.0,0.5
night comes on,1,0,0,0,0.0,0.5
night falls on manhattan,1,0,0,0,0.0,0.5
night hunter,1,0,0,0,0.0,0.5
night moves,2,0,0,0,0.0,0.5
night of the comet,1,0,0,0,0.0,0.5
night of the creeps,1,0,0,0,0.0,0.5
night of the kings,1,0,0,0,0.0,0.5
night of the living dead,1,0,0,0,0.0,0.5
night school,1,0,0,0,0.0,0.5
night shift,1,0,0,0,0.0,0.5
night teeth,1,0,0,0,0.0,0.5
night train to lisbon,1,0,0,0,0.0,0.5
night watch nochnoi dozor,1,0,0,0,0.0,0.5
night will fall,1,0,0,0,0.0,0.5
nightbreed,1,0,0,0,0.0,0.5
nightcrawler,7,7,0,0,1.0,0.9
nighthawks,1,0,0,0,0.0,0.5
nightmare alley,10,2,8,0,0.2,0.6599999999999999
nightmare cinema,1,0,0,0,0.0,0.5
nights in rodanthe,1,0,0,0,0.0,0.5
nightwatch,1,0,0,0,0.0,0.5
nijinsky the diaries of vaslav nijinsky,1,0,0,0,0.0,0.5
nil by mouth,1,0,0,0,0.0,0.5
nimic,1,0,0,0,0.0,0.5
nims island,1,0,0,0,0.0,0.5
nina,1,0,0,0,0.0,0.5
nina forever,1,0,0,0,0.0,0.5
nina wu,1,0,0,0,0.0,0.5
ninas heavenly delights,1,0,0,0,0.0,0.5
ninas tragedies,1,0,0,0,0.0,0.5
nine,1,0,0,0,0.0,0.5
nine 12 weeks,1,0,0,0,0.0,0.5
nine days,1,0,0,0,0.0,0.5
nine lives,1,0,0,0,0.0,0.5
nine months,1,0,0,0,0.0,0.5
nine queens,1,0,0,0,0.0,0.5
ninja assassin,1,0,0,0,0.0,0.5
ninja iii the domination,1,0,0,0,0.0,0.5
nitram,1,0,0,0,0.0,0.5
nitro circus the movie,1,0,0,0,0.0,0.5
no,1,0,0,0,0.0,0.5
no bears,1,0,0,0,0.0,0.5
no country for old men,3,1,2,0,0.3333333333333333,0.7
no date no signature,1,0,0,0,0.0,0.5
no end in sight,1,0,0,0,0.0,0.5
no escape,1,0,0,0,0.0,0.5
no exit,1,0,0,0,0.0,0.5
no god no master,1,0,0,0,0.0,0.5
no good deed,1,0,0,0,0.0,0.5
no home movie,1,0,0,0,0.0,0.5
no impact man the documentary,1,0,0,0,0.0,0.5
no man of god,1,0,0,0,0.0,0.5
no mans land,2,0,0,0,0.0,0.5
no mercy,1,0,0,0,0.0,0.5
no no a dockumentary,1,0,0,0,0.0,0.5
no one knows about persian cats,1,0,0,0,0.0,0.5
no one lives,1,0,0,0,0.0,0.5
no ordinary man,1,0,0,0,0.0,0.5
no place on earth,1,0,0,0,0.0,0.5
no reservations,1,0,0,0,0.0,0.5
no stone unturned,1,0,0,0,0.0,0.5
no stranger than love,1,0,0,0,0.0,0.5
no strings attached,1,0,0,0,0.0,0.5
no such thing,1,0,0,0,0.0,0.5
no sudden move,1,0,0,0,0.0,0.5
no time to die,4,1,3,0,0.25,0.675
noah,1,0,0,0,0.0,0.5
nobel son,1,0,0,0,0.0,0.5
noble,1,0,0,0,0.0,0.5
nobody,3,2,1,0,0.6666666666666666,0.7666666666666667
nobody else but you poupoupidou,1,0,0,0,0.0,0.5
nobody knows,1,0,0,0,0.0,0.5
nobody walks,1,0,0,0,0.0,0.5
nobodys fool,2,0,0,0,0.0,0.5
nobodys hero,1,0,0,0,0.0,0.5
nocturnal animals,3,3,0,0,1.0,0.9333333333333333
nocturne,1,0,0,0,0.0,0.5
noel,1,0,0,0,0.0,0.5
noelle,1,0,0,0,0.0,0.5
noi the albino,1,0,0,0,0.0,0.5
nola,1,0,0,0,0.0,0.5
noma my perfect storm,1,0,0,0,0.0,0.5
nomad,1,0,0,0,0.0,0.5
nomad in the footsteps of bruce chatwin,1,0,0,0,0.0,0.5
nomadland,4,1,2,0,0.25,0.7
nonfiction,1,0,0,0,0.0,0.5
nonstop,1,0,0,0,0.0,0.5
nope,13,9,3,1,0.6923076923076923,0.8
norbit,1,0,0,0,0.0,0.5
norikos dinner table,1,0,0,0,0.0,0.5
norm of the north,1,0,0,0,0.0,0.5
norma rae,1,0,0,0,0.0,0.5
normal people,8,7,0,0,0.875,0.9571428571428571
norman,1,0,0,0,0.0,0.5
norman lear just another version of you,1,0,0,0,0.0,0.5
norman the moderate rise and tragic fall of a new york fixer,1,0,0,0,0.0,0.5
norte the end of history,1,0,0,0,0.0,0.5
north by northwest,1,0,0,0,0.0,0.5
north country,1,0,0,0,0.0,0.5
north dallas forty,1,0,0,0,0.0,0.5
north sea texas,1,0,0,0,0.0,0.5
north shore,1,0,0,0,0.0,0.5
northern soul,1,0,0,0,0.0,0.5
northfork,1,0,0,0,0.0,0.5
norwegian wood,1,0,0,0,0.0,0.5
nosferatu,1,1,0,0,1.0,0.9
nosferatu the vampyre,1,0,0,0,0.0,0.5
nostalgia,1,0,0,0,0.0,0.5
nostalgia for the light,1,0,0,0,0.0,0.5
not another teen movie,1,0,0,0,0.0,0.5
not easily broken,1,0,0,0,0.0,0.5
not forgotten,1,0,0,0,0.0,0.5
not going quietly,1,0,0,0,0.0,0.5
not okay,9,3,5,1,0.3333333333333333,0.7
not one less,1,0,0,0,0.0,0.5
not quite hollywood the wild untold story of ozploitation,1,0,0,0,0.0,0.5
not without my daughter,1,0,0,0,0.0,0.5
notes on a scandal,1,0,0,0,0.0,0.5
nothing bad can happen,1,0,0,0,0.0,0.5
nothing but trouble,1,0,0,0,0.0,0.5
nothing compares,1,0,0,0,0.0,0.5
nothing in common,1,0,0,0,0.0,0.5
nothing left to fear,1,0,0,0,0.0,0.5
nothing like the holidays,1,0,0,0,0.0,0.5
nothing sacred,1,0,0,0,0.0,0.5
notorious,1,0,0,0,0.0,0.5
notorious cho,1,0,0,0,0.0,0.5
notting hill,6,4,2,0,0.6666666666666666,0.75
november,2,0,0,0,0.0,0.5
novitiate,1,0,0,0,0.0,0.5
novocaine,1,0,0,0,0.0,0.5
now and then,1,0,0,0,0.0,0.5
now in the wings on a world stage,1,0,0,0,0.0,0.5
now voyager,1,0,0,0,0.0,0.5
now you see me 2,1,0,0,0,0.0,0.5
nowhere,1,0,0,0,0.0,0.5
nowhere boy,1,0,0,0,0.0,0.5
nowhere in africa,1,0,0,0,0.0,0.5
nowhere to hide,1,0,0,0,0.0,0.5
nowhere to run,1,0,0,0,0.0,0.5
nuclear nation,1,0,0,0,0.0,0.5
nuit 1,1,0,0,0,0.0,0.5
nurse 3d,1,0,0,0,0.0,0.5
nurse betty,1,0,0,0,0.0,0.5
nuts,1,0,0,0,0.0,0.5
nutty professor ii the klumps,1,0,0,0,0.0,0.5
nymphomaniac volume i,1,0,0,0,0.0,0.5
nymphomaniac volume ii,1,0,0,0,0.0,0.5
nénette,1,0,0,0,0.0,0.5
o,1,0,0,0,0.0,0.5
o brother where art thou,1,0,0,0,0.0,0.5
o jerusalem,1,0,0,0,0.0,0.5
oasis,1,0,0,0,0.0,0.5
oasis knebworth 1996,1,0,0,0,0.0,0.5
oasis supersonic,1,0,0,0,0.0,0.5
obit,1,0,0,0,0.0,0.5
obiwan kenobi,1,0,0,1,0.0,0.2
objective burma,1,0,0,0,0.0,0.5
oblivion,1,0,0,0,0.0,0.5
obscene,1,0,0,0,0.0,0.5
observe and report,1,0,0,0,0.0,0.5
obsessed,1,0,0,0,0.0,0.5
obsession,1,0,0,0,0.0,0.5
obvious child,1,0,0,0,0.0,0.5
oc87 the obsessive compulsive major depression bipolar aspergers movie,1,0,0,0,0.0,0.5
occupation dreamland,1,0,0,0,0.0,0.5
ocean waves,1,0,1,0,0.0,0.6
oceans 11,1,0,0,0,0.0,0.5
oceans 8,1,0,0,0,0.0,0.5
oceans eleven,1,0,0,0,0.0,0.5
oceans thirteen,1,0,0,0,0.0,0.5
oceans twelve,1,0,0,0,0.0,0.5
oceanâs eight,1,0,0,1,0.0,0.4
oceanâs eleven,3,3,0,0,1.0,0.9333333333333333
october baby,1,0,0,0,0.0,0.5
october country,1,0,0,0,0.0,0.5
october gale,1,0,0,0,0.0,0.5
october sky,1,0,0,0,0.0,0.5
odd thomas,1,0,0,0,0.0,0.5
ode to joy,1,0,0,0,0.0,0.5
odessa odessa,1,0,0,0,0.0,0.5
of an age,1,0,0,0,0.0,0.5
of gods and men,1,0,0,0,0.0,0.5
of men and war,1,0,0,0,0.0,0.5
of mice and men,1,0,0,0,0.0,0.5
of time and the city,1,0,0,0,0.0,0.5
off label,1,0,0,0,0.0,0.5
off the hook,1,0,0,0,0.0,0.5
off the map,1,0,0,0,0.0,0.5
off the rails,1,0,0,0,0.0,0.5
office,1,0,0,0,0.0,0.5
office christmas party,1,0,0,0,0.0,0.5
office space,1,0,0,0,0.0,0.5
official competition,1,0,0,0,0.0,0.5
official secrets,1,0,0,0,0.0,0.5
offseason,1,0,0,0,0.0,0.5
offside,1,0,0,0,0.0,0.5
oh god you devil,1,0,0,0,0.0,0.5
oh lucy,1,0,0,0,0.0,0.5
oh mercy,1,0,0,0,0.0,0.5
oh my god,1,0,0,0,0.0,0.5
ohorten,1,0,0,0,0.0,0.5
oka,1,0,0,0,0.0,0.5
okja,1,1,0,0,1.0,0.9
oklahoma,1,0,0,0,0.0,0.5
oklahoma city,1,0,0,0,0.0,0.5
old,7,2,0,4,0.2857142857142857,0.4833333333333333
old dogs,1,0,0,0,0.0,0.5
old fashioned,1,0,0,0,0.0,0.5
old joy,1,0,0,0,0.0,0.5
old man,1,0,0,0,0.0,0.5
old school,1,0,0,0,0.0,0.5
oldboy,2,2,0,0,1.0,1.0
oleanna,1,0,0,0,0.0,0.5
oliver,1,0,0,0,0.0,0.5
oliver  company,1,0,0,0,0.0,0.5
oliver twist,1,0,0,0,0.0,0.5
olympic dreams,1,0,0,0,0.0,0.5
olympus has fallen,1,0,0,0,0.0,0.5
on a clear day,1,0,0,0,0.0,0.5
on any sunday the next chapter,1,0,0,0,0.0,0.5
on chesil beach,1,0,0,0,0.0,0.5
on dangerous ground,1,0,0,0,0.0,0.5
on golden pond,1,0,0,0,0.0,0.5
on her majestys secret service,1,0,0,0,0.0,0.5
on moonlight bay,1,0,0,0,0.0,0.5
on the basis of sex,1,0,0,0,0.0,0.5
on the beach,1,0,0,0,0.0,0.5
on the come up,1,0,0,0,0.0,0.5
on the count of three,1,0,0,0,0.0,0.5
on the ice,1,0,0,0,0.0,0.5
on the job,1,0,0,0,0.0,0.5
on the line,1,0,0,0,0.0,0.5
on the outs,1,0,0,0,0.0,0.5
on the record,1,0,0,0,0.0,0.5
on the road,1,0,0,0,0.0,0.5
on the rocks,1,0,0,0,0.0,0.5
on the ropes,1,0,0,0,0.0,0.5
on the run,1,0,0,0,0.0,0.5
on the town,1,0,0,0,0.0,0.5
on the waterfront,1,0,0,0,0.0,0.5
on_line,1,0,0,0,0.0,0.5
once upon a crime,1,0,0,0,0.0,0.5
once upon a deadpool,1,0,0,0,0.0,0.5
once upon a time  in hollywood,1,0,0,0,0.0,0.5
once upon a time in anatolia,1,0,0,0,0.0,0.5
once upon a time in mexico,1,0,0,0,0.0,0.5
once upon a time in the midlands,1,0,0,0,0.0,0.5
once upon a time in the west rerelease,1,0,0,0,0.0,0.5
once upon a time in venice,1,0,0,0,0.0,0.5
once upon a timeâ in hollywood,6,3,0,2,0.5,0.7
once were brothers robbie robertson and the band,1,0,0,0,0.0,0.5
ondine,1,0,0,0,0.0,0.5
one,1,0,0,0,0.0,0.5
one  two,1,0,0,0,0.0,0.5
one bright shining moment,1,0,0,0,0.0,0.5
one child nation,1,0,0,0,0.0,0.5
one crazy summer,1,0,0,0,0.0,0.5
one cut of the dead,1,0,0,0,0.0,0.5
one day,1,0,0,0,0.0,0.5
one day in september,1,0,0,0,0.0,0.5
one eight seven,1,0,0,0,0.0,0.5
one false move,1,0,0,0,0.0,0.5
one fine day,1,0,0,0,0.0,0.5
one fine morning,1,0,0,0,0.0,0.5
one flew over the cuckoos nest,1,0,0,0,0.0,0.5
one flew over the cuckooâs nest,1,1,0,0,1.0,0.9
one for the money,1,0,0,0,0.0,0.5
one hour photo,1,0,0,0,0.0,0.5
one last thing,1,0,0,0,0.0,0.5
one life,1,0,0,0,0.0,0.5
one lucky elephant,1,0,0,0,0.0,0.5
one million years bc,1,0,0,0,0.0,0.5
one missed call,1,0,0,0,0.0,0.5
one more time,1,0,0,0,0.0,0.5
one more time with feeling,1,0,0,0,0.0,0.5
one night at mccools,1,0,0,0,0.0,0.5
one night in miami,1,0,0,0,0.0,0.5
one night in miamiâ,1,0,0,0,0.0,0.5
one night with the king,1,0,0,0,0.0,0.5
one of us,1,0,0,0,0.0,0.5
one piece film red,1,0,0,0,0.0,0.5
one track heart the story of krishna das,1,0,0,0,0.0,0.5
one true thing,1,0,0,0,0.0,0.5
one two three,1,0,0,0,0.0,0.5
ong bak 2,1,0,0,0,0.0,0.5
only angels have wings,1,0,0,0,0.0,0.5
only god forgives,1,0,0,0,0.0,0.5
only human,1,0,0,0,0.0,0.5
only lovers left alive,1,0,0,0,0.0,0.5
only the lonely,1,0,0,0,0.0,0.5
only the strong survive,1,0,0,0,0.0,0.5
only the young,1,0,0,0,0.0,0.5
only you,1,0,0,0,0.0,0.5
onmyoji the yin yang master,1,0,0,0,0.0,0.5
onoda 10000 nights in the jungle,1,0,0,0,0.0,0.5
onward,1,1,0,0,1.0,0.8
opal dream,1,0,0,0,0.0,0.5
open range,1,0,0,0,0.0,0.5
open season,1,0,0,0,0.0,0.5
open water,1,0,0,0,0.0,0.5
open windows,1,0,0,0,0.0,0.5
opening night,1,0,0,0,0.0,0.5
operation avalanche,1,0,0,0,0.0,0.5
operation chromite,1,0,0,0,0.0,0.5
operation dumbo drop,1,0,0,0,0.0,0.5
operation filmmaker,1,0,0,0,0.0,0.5
operation finale,1,0,0,0,0.0,0.5
operation fortune ruse de guerre,1,0,0,0,0.0,0.5
operation varsity blues the college admissions scandal,1,0,0,0,0.0,0.5
ophelia,1,0,0,0,0.0,0.5
orange county,1,0,0,0,0.0,0.5
oranges and sunshine,1,0,0,0,0.0,0.5
orchestra of exiles,1,0,0,0,0.0,0.5
ordinary people,1,0,0,0,0.0,0.5
ordinary sinner,1,0,0,0,0.0,0.5
orfeu,1,0,0,0,0.0,0.5
orgasm inc,1,0,0,0,0.0,0.5
orgazmo,1,0,0,0,0.0,0.5
original sin,1,0,0,0,0.0,0.5
orlando,1,0,0,0,0.0,0.5
ornette made in america,1,0,0,0,0.0,0.5
orphan,2,0,2,0,0.0,0.7
orphan first kill,3,0,3,0,0.0,0.6333333333333333
orwell rolls in his grave,1,0,0,0,0.0,0.5
osama,1,0,0,0,0.0,0.5
oslo august 31st,1,0,0,0,0.0,0.5
osmosis jones,1,0,0,0,0.0,0.5
oss 117  lost in rio,1,0,0,0,0.0,0.5
oss 117 cairo nest of spies,1,0,0,0,0.0,0.5
oswalds ghost,1,0,0,0,0.0,0.5
ot our town,1,0,0,0,0.0,0.5
otelo burning,1,0,0,0,0.0,0.5
other peoples children,1,0,0,0,0.0,0.5
otomo,1,0,0,0,0.0,0.5
ottolenghi and the cakes of versailles,1,0,0,0,0.0,0.5
ouija,1,0,0,0,0.0,0.5
ouija origin of evil,1,0,0,0,0.0,0.5
our beloved month of august,1,0,0,0,0.0,0.5
our brand is crisis,2,0,0,0,0.0,0.5
our children,1,0,0,0,0.0,0.5
our daily bread,1,0,0,0,0.0,0.5
our father,2,0,0,0,0.0,0.5
our friend,1,0,0,0,0.0,0.5
our idiot brother,1,0,0,0,0.0,0.5
our kind of traitor,1,0,0,0,0.0,0.5
our lady of the assassins,1,0,0,0,0.0,0.5
our little sister,1,0,0,0,0.0,0.5
our mothers,1,0,0,0,0.0,0.5
our souls at night,1,0,0,0,0.0,0.5
our time,1,0,0,0,0.0,0.5
our time machine,1,0,0,0,0.0,0.5
our time will come,1,0,0,0,0.0,0.5
out for justice,1,0,0,0,0.0,0.5
out in the dark,1,0,0,0,0.0,0.5
out of africa,1,0,0,0,0.0,0.5
out of bounds,1,0,0,0,0.0,0.5
out of season,1,0,0,0,0.0,0.5
out of sight,1,0,0,0,0.0,0.5
out of the blue,3,0,0,0,0.0,0.5
out of the dark,1,0,0,0,0.0,0.5
out of the furnace,1,0,0,0,0.0,0.5
out of the past,1,0,0,0,0.0,0.5
out of time,1,0,0,0,0.0,0.5
out stealing horses,1,0,0,0,0.0,0.5
out to sea,1,0,0,0,0.0,0.5
outbreak,1,0,0,0,0.0,0.5
outcast,1,0,0,0,0.0,0.5
outfoxed rupert murdochs war on journalism,1,0,0,0,0.0,0.5
outland,1,0,0,0,0.0,0.5
outlander,1,0,0,0,0.0,0.5
outlaw king,1,0,0,0,0.0,0.5
outrage,2,0,0,0,0.0,0.5
outside in,1,0,0,0,0.0,0.5
outside providence,1,0,0,0,0.0,0.5
outside the law,1,0,0,0,0.0,0.5
outside the wire,1,0,0,0,0.0,0.5
outsourced,1,0,0,0,0.0,0.5
over her dead body,1,0,0,0,0.0,0.5
over the edge,1,0,0,0,0.0,0.5
over the garden wall,2,2,0,0,1.0,0.9
over the hedge,1,0,0,0,0.0,0.5
over the moon,1,0,0,0,0.0,0.5
over the top,1,0,0,0,0.0,0.5
overboard,2,0,0,0,0.0,0.5
overlord,1,0,0,0,0.0,0.5
overnight,1,0,0,0,0.0,0.5
owning mahowny,1,0,0,0,0.0,0.5
oxford blues,1,0,0,0,0.0,0.5
oxygen,1,0,0,0,0.0,0.5
oxygono,1,0,0,0,0.0,0.5
oyster farmer,1,0,0,0,0.0,0.5
p2,1,0,0,0,0.0,0.5
pacific heights,1,0,0,0,0.0,0.5
pacific rim,1,0,0,1,0.0,0.4
pacific rim uprising,1,0,0,0,0.0,0.5
pacifiction,1,0,0,0,0.0,0.5
paddington,1,1,0,0,1.0,0.8
paddington 2,5,5,0,0,1.0,0.9400000000000001
paddleton,1,0,0,0,0.0,0.5
paid in full,1,0,0,0,0.0,0.5
pain  gain,1,0,0,0,0.0,0.5
pain and glory,1,0,0,0,0.0,0.5
paint it black,1,0,0,0,0.0,0.5
paint your wagon,1,0,0,0,0.0,0.5
painted fire,1,0,0,0,0.0,0.5
pale rider,1,0,0,0,0.0,0.5
palindromes,1,0,0,0,0.0,0.5
palm springs,3,3,0,0,1.0,0.8
palm trees and power lines,1,0,0,0,0.0,0.5
palmer,1,0,0,0,0.0,0.5
palmetto,1,0,0,0,0.0,0.5
palo alto,1,0,0,0,0.0,0.5
pamela a love story,1,0,0,0,0.0,0.5
pan,1,0,0,0,0.0,0.5
pandaemonium,1,0,0,0,0.0,0.5
pandoras promise,1,0,0,0,0.0,0.5
pandorum,1,0,0,0,0.0,0.5
panic room,2,2,0,0,1.0,0.9
pans labyrinth,1,0,0,0,0.0,0.5
panâs labyrinth,3,3,0,0,1.0,0.9
papa hemingway in cuba,1,0,0,0,0.0,0.5
paparazzi,1,0,0,0,0.0,0.5
paper clips,1,0,0,0,0.0,0.5
paper heart,1,0,0,0,0.0,0.5
paper man,1,0,0,0,0.0,0.5
paper spiders,1,0,0,0,0.0,0.5
paper towns,1,0,0,0,0.0,0.5
papi chulo,1,0,0,0,0.0,0.5
papillon,1,0,0,0,0.0,0.5
paprika,2,2,0,0,1.0,0.85
paradise,2,0,0,0,0.0,0.5
paradise alley,1,0,0,0,0.0,0.5
paradise faith,1,0,0,0,0.0,0.5
paradise hills,1,0,0,0,0.0,0.5
paradise hope,1,0,0,0,0.0,0.5
paradise love,1,0,0,0,0.0,0.5
paradise now,1,0,0,0,0.0,0.5
parallel mothers,1,0,1,0,0.0,0.7
paranoia,1,0,0,0,0.0,0.5
paranoid park,1,0,0,0,0.0,0.5
paranormal activity,1,0,0,0,0.0,0.5
paranormal activity 2,1,0,0,0,0.0,0.5
paranormal activity 3,1,0,0,0,0.0,0.5
paranormal activity 4,1,0,0,0,0.0,0.5
paranormal activity next of kin,1,0,0,0,0.0,0.5
paranormal activity the marked ones,1,0,0,0,0.0,0.5
parasite,12,10,1,0,0.8333333333333334,0.9272727272727274
parched,1,0,0,0,0.0,0.5
parental guidance,1,0,0,0,0.0,0.5
parenthood,1,0,0,0,0.0,0.5
parents,1,0,0,0,0.0,0.5
pariah,1,0,0,0,0.0,0.5
paris,1,0,0,0,0.0,0.5
paris 0559 théo  hugo,1,0,0,0,0.0,0.5
paris 13th district,1,0,0,0,0.0,0.5
paris 36,1,0,0,0,0.0,0.5
paris can wait,1,0,0,0,0.0,0.5
paris countdown,1,0,0,0,0.0,0.5
paris is burning,1,0,0,0,0.0,0.5
paris je taime,1,0,0,0,0.0,0.5
paris texas,1,1,0,0,1.0,1.0
parked,1,0,0,0,0.0,0.5
parker,1,0,0,0,0.0,0.5
particle fever,1,0,0,0,0.0,0.5
partisan,1,0,0,0,0.0,0.5
party girl,1,0,0,0,0.0,0.5
party monster,1,0,0,0,0.0,0.5
pasolini,1,0,0,0,0.0,0.5
pass over,1,0,0,0,0.0,0.5
passages,1,0,0,0,0.0,0.5
passenger 57,1,0,0,0,0.0,0.5
passengers,2,0,0,2,0.0,0.3
passing,1,0,0,0,0.0,0.5
passion,1,0,0,0,0.0,0.5
passion of mind,1,0,0,0,0.0,0.5
passionada,1,0,0,0,0.0,0.5
passione,1,0,0,0,0.0,0.5
past lives,1,0,0,0,0.0,0.5
pat and mike,1,0,0,0,0.0,0.5
pat garrett  billy the kid,1,0,0,0,0.0,0.5
patch adams,1,0,0,0,0.0,0.5
patema inverted,1,0,0,0,0.0,0.5
paternity,1,0,0,0,0.0,0.5
paterson,2,2,0,0,1.0,0.9
path of blood,1,0,0,0,0.0,0.5
pathaan,1,0,0,0,0.0,0.5
pathfinder,1,0,0,0,0.0,0.5
pathology,1,0,0,0,0.0,0.5
paths of glory,1,0,0,0,0.0,0.5
paths of the soul,1,0,0,0,0.0,0.5
patience after sebald,1,0,0,0,0.0,0.5
patrick,1,0,0,0,0.0,0.5
patriot games,1,0,0,0,0.0,0.5
patriots day,1,0,0,0,0.0,0.5
patti smith dream of life,1,0,0,0,0.0,0.5
patton,1,0,0,0,0.0,0.5
patty hearst,1,0,0,0,0.0,0.5
paul,1,0,0,0,0.0,0.5
paul apostle of christ,1,0,0,0,0.0,0.5
paul blart mall cop 2,1,0,0,0,0.0,0.5
paul goodman changed my life,1,0,0,0,0.0,0.5
paul verhoevens tricked,1,0,0,0,0.0,0.5
pauline and paulette,1,0,0,0,0.0,0.5
paulo coelhos best story,1,0,0,0,0.0,0.5
pavarotti,1,0,0,0,0.0,0.5
pavilion,1,0,0,0,0.0,0.5
paw patrol the movie,1,0,0,0,0.0,0.5
pawn shop chronicles,1,0,0,0,0.0,0.5
paws of fury the legend of hank,1,0,0,0,0.0,0.5
pay it forward,1,0,0,0,0.0,0.5
pay the ghost,1,0,0,0,0.0,0.5
payback,2,0,0,0,0.0,0.5
paycheck,1,0,0,0,0.0,0.5
pcu,1,0,0,0,0.0,0.5
peace officer,1,0,0,0,0.0,0.5
peaceful warrior,1,0,0,0,0.0,0.5
pearl,16,8,6,0,0.5,0.7857142857142857
pearl harbor,1,0,0,0,0.0,0.5
pearl jam twenty,1,0,0,0,0.0,0.5
peau dhomme coeur de bête,1,0,0,0,0.0,0.5
pecker,1,0,0,0,0.0,0.5
peep world,1,0,0,0,0.0,0.5
peepli live,1,0,0,0,0.0,0.5
peewees big adventure,1,0,0,0,0.0,0.5
peewees big holiday,1,0,0,0,0.0,0.5
peggy guggenheim art addict,1,0,0,0,0.0,0.5
peggy sue got married,1,0,0,0,0.0,0.5
pelican dreams,1,0,0,0,0.0,0.5
pellet,1,0,0,0,0.0,0.5
pelé birth of a legend,1,0,0,0,0.0,0.5
penance,1,0,0,0,0.0,0.5
penguins,1,0,0,0,0.0,0.5
penguins of madagascar,1,0,0,0,0.0,0.5
pennies from heaven,1,0,0,0,0.0,0.5
pent,1,0,0,0,0.0,0.5
people i know,1,0,0,0,0.0,0.5
people like us,1,0,0,0,0.0,0.5
people places things,1,0,0,0,0.0,0.5
people say im crazy,1,0,0,0,0.0,0.5
peoples republic of desire,1,0,0,0,0.0,0.5
peppermint,1,0,0,0,0.0,0.5
percy jackson  the olympians the lightning thief,2,0,2,0,0.0,0.55
percy jackson sea of monsters,1,0,0,0,0.0,0.5
percy vs goliath,1,0,0,0,0.0,0.5
perfect,1,0,0,0,0.0,0.5
perfect blue,6,5,0,0,0.8333333333333334,0.9400000000000001
perfect sense,1,0,0,0,0.0,0.5
perfect sisters,1,0,0,0,0.0,0.5
perfect stranger,1,0,0,0,0.0,0.5
perfect strangers perfectos desconocidos,1,0,0,0,0.0,0.5
perfume the story of a murderer,1,0,0,0,0.0,0.5
perlasca the courage of a just man,1,0,0,0,0.0,0.5
permanent midnight,1,0,0,0,0.0,0.5
perriers bounty,1,0,0,0,0.0,0.5
persecuted,1,0,0,0,0.0,0.5
person to person,1,0,0,0,0.0,0.5
persona,3,3,0,0,1.0,0.9333333333333333
personal best,1,0,0,0,0.0,0.5
personal velocity three portraits,1,0,0,0,0.0,0.5
persons of interest,1,0,0,0,0.0,0.5
persuasion,5,0,1,4,0.0,0.33999999999999997
pet,1,0,0,0,0.0,0.5
pet sematary,1,0,0,0,0.0,0.5
pete seeger the power of song,1,0,0,0,0.0,0.5
peter and the farm,1,0,0,0,0.0,0.5
peter and vandy,1,0,0,0,0.0,0.5
peter pan,1,0,0,0,0.0,0.5
peter rabbit,1,0,0,0,0.0,0.5
peter von kant,1,0,0,0,0.0,0.5
petes dragon,1,0,0,0,0.0,0.5
petite maman,3,3,0,0,1.0,0.9333333333333333
petrovs flu,1,0,0,0,0.0,0.5
phantasm,1,0,0,0,0.0,0.5
phantasm ravager,1,0,0,0,0.0,0.5
phantom,1,0,0,0,0.0,0.5
phantom boy,1,0,0,0,0.0,0.5
phantom halo,1,0,0,0,0.0,0.5
phantom of the opera,1,0,0,0,0.0,0.5
phantom of the paradise,1,0,0,0,0.0,0.5
phantom thread,6,6,0,0,1.0,0.9333333333333333
phantoms,1,0,0,0,0.0,0.5
phase iv,1,0,0,0,0.0,0.5
phat girlz,1,0,0,0,0.0,0.5
phenomenon,1,0,0,0,0.0,0.5
phil,1,0,0,0,0.0,0.5
phil ochs there but for fortune,1,0,0,0,0.0,0.5
philadelphia,1,0,0,0,0.0,0.5
philip roth unmasked,1,0,0,0,0.0,0.5
phoebe in wonderland,1,0,0,0,0.0,0.5
phoenix,1,0,0,0,0.0,0.5
phoenix oregon,1,0,0,0,0.0,0.5
phone booth,1,0,0,0,0.0,0.5
photograph,1,0,0,0,0.0,0.5
photographic memory,1,0,0,0,0.0,0.5
phyllis and harold,1,0,0,0,0.0,0.5
pi,1,0,0,0,0.0,0.5
pianomania,1,0,0,0,0.0,0.5
picasso and braque go to the movies,1,0,0,0,0.0,0.5
pick of the litter,1,0,0,0,0.0,0.5
picnic at hanging rock,1,0,0,0,0.0,0.5
pieces of a woman,2,1,1,0,0.5,0.75
pieces of april,1,0,0,0,0.0,0.5
piercing,1,0,0,0,0.0,0.5
pierrepoint,1,0,0,0,0.0,0.5
pieta,1,0,0,0,0.0,0.5
pig,2,2,0,0,1.0,0.85
piggy,1,0,0,0,0.0,0.5
piglets big movie,1,0,0,0,0.0,0.5
pilgrimage,1,0,0,0,0.0,0.5
pillow talk,1,0,0,0,0.0,0.5
pin cushion,1,0,0,0,0.0,0.5
pina,1,0,0,0,0.0,0.5
pineapple express,1,0,0,0,0.0,0.5
ping pong,1,0,0,0,0.0,0.5
ping pong playa,1,0,0,0,0.0,0.5
ping pong summer,1,0,0,0,0.0,0.5
pink cadillac,1,0,0,0,0.0,0.5
pink flamingos,2,0,1,0,0.0,0.7
pink floyd the wall,1,0,0,0,0.0,0.5
pink ribbons inc,1,0,0,0,0.0,0.5
pink wall,1,0,0,0,0.0,0.5
pinocchio,12,0,0,12,0.0,0.225
pioneer,1,0,0,0,0.0,0.5
pipe dream,1,0,0,0,0.0,0.5
piranha,1,0,0,0,0.0,0.5
piranha 3d,1,0,0,0,0.0,0.5
piranha 3dd,1,0,0,0,0.0,0.5
piranhas,1,0,0,0,0.0,0.5
pirate radio,1,0,0,0,0.0,0.5
pirates,2,0,0,0,0.0,0.5
pirates of the caribbean at worlds end,1,0,0,0,0.0,0.5
pirates of the caribbean dead mans chest,1,0,0,0,0.0,0.5
pirates of the caribbean dead men tell no tales,1,0,0,0,0.0,0.5
pirates of the caribbean on stranger tides,1,0,0,0,0.0,0.5
pistol opera,1,0,0,0,0.0,0.5
pit and the pendulum,1,0,0,0,0.0,0.5
pitch black,1,0,0,0,0.0,0.5
pitch perfect,2,1,1,0,0.5,0.8
pitch perfect 2,1,0,0,0,0.0,0.5
pitch perfect 3,1,0,0,0,0.0,0.5
pixels,1,0,0,0,0.0,0.5
pixie,1,0,0,0,0.0,0.5
pizza,1,0,0,0,0.0,0.5
piñero,1,0,0,0,0.0,0.5
place vendôme,1,0,0,0,0.0,0.5
places in the heart,1,0,0,0,0.0,0.5
plagues and pleasures on the salton sea,1,0,0,0,0.0,0.5
plan 9 from outer space,1,0,0,0,0.0,0.5
plan b,1,0,0,0,0.0,0.5
plane,1,0,0,0,0.0,0.5
planes,1,0,0,0,0.0,0.5
planes fire  rescue,1,0,0,0,0.0,0.5
planes trains  automobiles,1,0,0,0,0.0,0.5
planet 51,1,0,0,0,0.0,0.5
planet bboy,1,0,0,0,0.0,0.5
planet earth dreams,1,0,0,0,0.0,0.5
planet of snail,1,0,0,0,0.0,0.5
planet of the apes,2,0,0,0,0.0,0.5
plastic,1,0,0,0,0.0,0.5
platoon,1,0,0,0,0.0,0.5
play it again sam,1,0,0,0,0.0,0.5
play misty for me,1,0,0,0,0.0,0.5
play the game,1,0,0,0,0.0,0.5
playground,1,0,0,0,0.0,0.5
playing by heart,1,0,0,0,0.0,0.5
playing for keeps,1,0,0,0,0.0,0.5
playing it cool,1,0,0,0,0.0,0.5
playing with fire,1,0,0,0,0.0,0.5
playing with sharks,1,0,0,0,0.0,0.5
plaza suite,1,0,0,0,0.0,0.5
pleasantville,1,0,0,0,0.0,0.5
please baby please,1,0,0,0,0.0,0.5
please give,1,0,0,0,0.0,0.5
please stand by,1,0,0,0,0.0,0.5
pleasure,1,0,0,0,0.0,0.5
pledge,1,0,0,0,0.0,0.5
plimpton starring george plimpton as himself,1,0,0,0,0.0,0.5
plot for peace,1,0,0,0,0.0,0.5
plunkett  macleane,1,0,0,0,0.0,0.5
plus one,1,0,0,0,0.0,0.5
pocahontas,1,0,0,0,0.0,0.5
pocket money,1,0,0,0,0.0,0.5
poetic justice,1,0,0,0,0.0,0.5
poetry,1,0,0,0,0.0,0.5
point and shoot,1,0,0,0,0.0,0.5
point blank,3,0,0,0,0.0,0.5
point break,4,4,0,0,1.0,0.95
point of no return,1,0,0,0,0.0,0.5
poison,1,0,0,0,0.0,0.5
poison ivy,1,0,0,0,0.0,0.5
pokémon 3 the movie,1,0,0,0,0.0,0.5
pokémon 4 the movie,1,0,0,0,0.0,0.5
pokémon detective pikachu,1,0,0,0,0.0,0.5
pokémon heroes,1,0,0,0,0.0,0.5
pokémon the first movie  mewtwo strikes back,1,0,0,0,0.0,0.5
pokémon the movie 2000,1,0,0,0,0.0,0.5
pola x,1,0,0,0,0.0,0.5
polar,1,0,0,0,0.0,0.5
police academy 2 their first assignment,1,0,0,0,0.0,0.5
police academy 4 citizens on patrol,1,0,0,0,0.0,0.5
police academy 5 assignment miami beach,1,0,0,0,0.0,0.5
police academy 6 city under siege,1,0,0,0,0.0,0.5
police adjective,1,0,0,0,0.0,0.5
police beat,1,0,0,0,0.0,0.5
policeman,1,0,0,0,0.0,0.5
polina,1,0,0,0,0.0,0.5
polisse,1,0,0,0,0.0,0.5
polite society,1,0,0,0,0.0,0.5
poltergeist,2,0,0,0,0.0,0.5
poltergeist ii the other side,1,0,0,0,0.0,0.5
poltergeist iii,1,0,0,0,0.0,0.5
poly styrene i am a cliché,1,0,0,0,0.0,0.5
polyester,1,0,0,0,0.0,0.5
pom poko,1,0,0,0,0.0,0.5
pompeii,1,0,0,0,0.0,0.5
poms,1,0,0,0,0.0,0.5
pontypool,1,0,0,0,0.0,0.5
ponyo,5,3,2,0,0.6,0.8
poohs heffalump movie,1,0,0,0,0.0,0.5
poolhall junkies,1,0,0,0,0.0,0.5
pootie tang,1,0,0,0,0.0,0.5
pop  me,1,0,0,0,0.0,0.5
pop aye,1,0,0,0,0.0,0.5
popcorn,1,0,0,0,0.0,0.5
pope francis  a man of his word,1,0,0,0,0.0,0.5
popstar never stop never stopping,3,3,0,0,1.0,1.0
porco rosso,2,2,0,0,1.0,0.9
porkys,1,0,0,0,0.0,0.5
porkys ii the next day,1,0,0,0,0.0,0.5
porn theater,1,0,0,0,0.0,0.5
porno,1,0,0,0,0.0,0.5
port authority,1,0,0,0,0.0,0.5
portrait of a lady on fire,20,19,1,0,0.95,0.9550000000000001
portrait of wally,1,0,0,0,0.0,0.5
portraits chinois,1,0,0,0,0.0,0.5
poser,1,0,0,0,0.0,0.5
posse,1,0,0,0,0.0,0.5
possession,10,8,2,0,0.8,0.8400000000000001
possessor,1,0,0,0,0.0,0.5
possessor uncut,1,0,0,0,0.0,0.5
post grad,1,0,0,0,0.0,0.5
post mortem,1,0,0,0,0.0,0.5
post tenebras lux,1,0,0,0,0.0,0.5
postcards from london,1,0,0,0,0.0,0.5
postcards from the edge,1,0,0,0,0.0,0.5
postman pat the movie,1,0,0,0,0.0,0.5
postmen in the mountains,1,0,0,0,0.0,0.5
potiche,1,0,0,0,0.0,0.5
power,1,0,0,0,0.0,0.5
power trip,1,0,0,0,0.0,0.5
pray away,1,0,0,0,0.0,0.5
pray the devil back to hell,1,0,0,0,0.0,0.5
praying with lior,1,0,0,0,0.0,0.5
predator,1,1,0,0,1.0,0.9
predators,1,0,0,0,0.0,0.5
predestination,1,0,0,0,0.0,0.5
prefontaine,1,0,0,0,0.0,0.5
premature,2,0,0,0,0.0,0.5
premonition,1,0,0,0,0.0,0.5
preparations to be together for an unknown period of time,1,0,0,0,0.0,0.5
presenting princess shaw,1,0,0,0,0.0,0.5
preservation,1,0,0,0,0.0,0.5
pressure cooker,1,0,0,0,0.0,0.5
presumed innocent,1,0,0,0,0.0,0.5
pretty baby,1,0,0,0,0.0,0.5
pretty in pink,1,0,0,0,0.0,0.5
pretty persuasion,1,0,0,0,0.0,0.5
pretty woman,1,0,1,0,0.0,0.6
prevenge,1,0,0,0,0.0,0.5
prey,2,1,1,0,0.5,0.75
prey for rock  roll,1,0,0,0,0.0,0.5
price check,1,0,0,0,0.0,0.5
price of glory,1,0,0,0,0.0,0.5
priceless,1,0,0,0,0.0,0.5
prick up your ears,1,0,0,0,0.0,0.5
pride,1,1,0,0,1.0,0.9
pride  prejudice,15,15,0,0,1.0,0.9800000000000001
pride and glory,1,0,0,0,0.0,0.5
pride and prejudice,1,1,0,0,1.0,0.9
pride and prejudice and zombies,1,0,0,0,0.0,0.5
priest,1,0,0,0,0.0,0.5
primal fear,1,1,0,0,1.0,0.8
primary colors,1,0,0,0,0.0,0.5
prime,1,0,0,0,0.0,0.5
primer,1,0,0,0,0.0,0.5
primeval,1,0,0,0,0.0,0.5
primo levis journey,1,0,0,0,0.0,0.5
prince,1,0,0,0,0.0,0.5
prince avalanche,1,0,0,0,0.0,0.5
prince of broadway,1,0,0,0,0.0,0.5
prince of darkness,1,0,0,0,0.0,0.5
prince of persia the sands of time,1,0,0,0,0.0,0.5
prince of the city,1,0,0,0,0.0,0.5
princesa,1,0,0,0,0.0,0.5
princesas,1,0,0,0,0.0,0.5
princess cyd,1,0,0,0,0.0,0.5
princess kaiulani,1,0,0,0,0.0,0.5
princess mononoke,3,3,0,0,1.0,0.9333333333333333
prisoner of paradise,1,0,0,0,0.0,0.5
prisoners,10,10,0,0,1.0,0.95
prisoners of the ghostland,1,0,0,0,0.0,0.5
private,1,0,0,0,0.0,0.5
private benjamin,1,0,0,0,0.0,0.5
private fears in public places,1,0,0,0,0.0,0.5
private life,1,0,0,0,0.0,0.5
private parts,1,0,0,0,0.0,0.5
private property,1,0,0,0,0.0,0.5
prizzis honor,1,0,0,0,0.0,0.5
problem child,1,0,0,0,0.0,0.5
procession,1,0,0,0,0.0,0.5
prodigal sons,1,0,0,0,0.0,0.5
professor marston  the wonder women,1,0,0,0,0.0,0.5
profile,1,0,0,0,0.0,0.5
programming the nation,1,0,0,0,0.0,0.5
project almanac,1,0,0,0,0.0,0.5
project nim,1,0,0,0,0.0,0.5
project power,1,0,0,0,0.0,0.5
project x,2,0,0,0,0.0,0.5
prom,1,0,0,0,0.0,0.5
prom night,2,0,0,0,0.0,0.5
promare,1,0,0,0,0.0,0.5
prometheus,1,0,0,0,0.0,0.5
promises,1,0,0,0,0.0,0.5
promising young woman,1,0,1,0,0.0,0.7
proof,1,0,0,0,0.0,0.5
proof of life,1,0,0,0,0.0,0.5
prospect,1,0,0,0,0.0,0.5
protagonist,1,0,0,0,0.0,0.5
protektor,1,0,0,0,0.0,0.5
proteus,1,0,0,0,0.0,0.5
protocol,1,0,0,0,0.0,0.5
protocols of zion,1,0,0,0,0.0,0.5
proud mary,1,0,0,0,0.0,0.5
provoked a true story,1,0,0,0,0.0,0.5
proxy,1,0,0,0,0.0,0.5
ps,1,0,0,0,0.0,0.5
ps i love you,1,0,0,0,0.0,0.5
ps your cat is dead,1,0,0,0,0.0,0.5
psycho,8,8,0,0,1.0,0.85
psycho beach party,1,0,0,0,0.0,0.5
psycho ii,1,0,0,0,0.0,0.5
psycho iii,1,0,0,0,0.0,0.5
psychopathia sexualis,1,0,0,0,0.0,0.5
psychopaths,1,0,0,0,0.0,0.5
public enemies,1,0,0,0,0.0,0.5
puccini for beginners,1,0,0,0,0.0,0.5
puerto ricans in paris,1,0,0,0,0.0,0.5
pulling strings,1,0,0,0,0.0,0.5
pulp fiction,5,3,2,0,0.6,0.78
pulse,2,0,0,0,0.0,0.5
pump,1,0,0,0,0.0,0.5
pump up the volume,1,0,0,0,0.0,0.5
pumping iron,1,0,0,0,0.0,0.5
pumpkin,1,0,0,0,0.0,0.5
pumpkinhead,1,0,0,0,0.0,0.5
punchdrunk love,3,2,1,0,0.6666666666666666,0.9
punching the clown,1,0,0,0,0.0,0.5
punchline,1,0,0,0,0.0,0.5
puncture,1,0,0,0,0.0,0.5
punisher war zone,1,0,0,0,0.0,0.5
punks,1,0,0,0,0.0,0.5
puppet master the littlest reich,1,0,0,0,0.0,0.5
pure,1,0,0,0,0.0,0.5
pure luck,1,0,0,0,0.0,0.5
purple hearts,3,0,0,3,0.0,0.2
purple rain,1,0,0,0,0.0,0.5
push,1,0,0,0,0.0,0.5
pusher,1,0,0,0,0.0,0.5
pusher ii with blood on my hands,1,0,0,0,0.0,0.5
pusher iii im the angel of death,1,0,0,0,0.0,0.5
pushing tin,1,0,0,0,0.0,0.5
puss in boots,1,0,0,0,0.0,0.5
puss in boots the last wish,18,16,1,1,0.8888888888888888,0.8833333333333334
pussy riot a punk prayer,1,0,0,0,0.0,0.5
putins kiss,1,0,0,0,0.0,0.5
putty hill,1,0,0,0,0.0,0.5
puzzle,2,0,0,0,0.0,0.5
pvt chat,1,0,0,0,0.0,0.5
q  a,1,0,0,0,0.0,0.5
quality of life,1,0,0,0,0.0,0.5
quantum of solace,1,0,0,0,0.0,0.5
quarantine,1,0,0,0,0.0,0.5
quartet,2,0,0,0,0.0,0.5
queen  slim,1,0,0,0,0.0,0.5
queen and country,1,0,0,0,0.0,0.5
queen bees,1,0,0,0,0.0,0.5
queen of hearts,1,0,0,0,0.0,0.5
queen of katwe,1,0,0,0,0.0,0.5
queen of the damned,1,0,0,0,0.0,0.5
queen of the desert,1,0,0,0,0.0,0.5
queen of the lot,1,0,0,0,0.0,0.5
queen of the sun what are the bees telling us,1,0,0,0,0.0,0.5
queen to play,1,0,0,0,0.0,0.5
queenpins,1,0,0,0,0.0,0.5
queens,1,0,0,0,0.0,0.5
queer japan,1,0,0,0,0.0,0.5
quest,1,0,0,0,0.0,0.5
quest for camelot,1,0,0,0,0.0,0.5
quest for fire,1,0,0,0,0.0,0.5
quicksilver,1,0,0,0,0.0,0.5
quid pro quo,1,0,0,0,0.0,0.5
quiet chaos,1,0,0,0,0.0,0.5
quill the life of a guide dog,1,0,0,0,0.0,0.5
quills,1,0,0,0,0.0,0.5
quince tree of the sun,1,0,0,0,0.0,0.5
quincy,1,0,0,0,0.0,0.5
quitting,1,0,0,0,0.0,0.5
quiz show,1,0,0,0,0.0,0.5
quo vadis aida,1,0,0,0,0.0,0.5
r xmas,1,0,0,0,0.0,0.5
r100,1,0,0,0,0.0,0.5
ra one,1,0,0,0,0.0,0.5
rabbit hole,1,0,0,0,0.0,0.5
rabbitproof fence,1,0,0,0,0.0,0.5
rabid,2,0,0,0,0.0,0.5
rabin the last day,1,0,0,0,0.0,0.5
race,1,0,0,0,0.0,0.5
race to witch mountain,1,0,0,0,0.0,0.5
race with the devil,1,0,0,0,0.0,0.5
race you to the bottom,1,0,0,0,0.0,0.5
racer and the jailbird,1,0,0,0,0.0,0.5
rachel getting married,1,0,0,0,0.0,0.5
racing dreams,1,0,0,0,0.0,0.5
racing stripes,1,0,0,0,0.0,0.5
racing with the moon,1,0,0,0,0.0,0.5
radio,1,0,0,0,0.0,0.5
radio days,1,0,0,0,0.0,0.5
radio unnameable,1,0,0,0,0.0,0.5
radioactive,1,0,0,0,0.0,0.5
rafiki,1,0,0,0,0.0,0.5
rage,1,0,0,0,0.0,0.5
raggedy man,1,0,0,0,0.0,0.5
raging bull,1,0,0,0,0.0,0.5
ragtime,1,0,0,0,0.0,0.5
raiders of the lost ark,1,1,0,0,1.0,0.9
raiders the story of the greatest fan film ever made,1,0,0,0,0.0,0.5
rails  ties,1,0,0,0,0.0,0.5
railway children,1,0,0,0,0.0,0.5
rain,1,0,0,0,0.0,0.5
rain man,1,0,0,0,0.0,0.5
rainbow time,1,0,0,0,0.0,0.5
raise hell the life  times of molly ivins,1,0,0,0,0.0,0.5
raise your voice,1,0,0,0,0.0,0.5
raising arizona,1,0,0,0,0.0,0.5
raising bertie,1,0,0,0,0.0,0.5
raising cain,1,0,0,0,0.0,0.5
raising helen,1,0,0,0,0.0,0.5
raising victor vargas,1,0,0,0,0.0,0.5
raja,1,0,0,0,0.0,0.5
rambo,1,0,0,0,0.0,0.5
rambo iii,1,0,0,0,0.0,0.5
ramen heads,1,0,0,0,0.0,0.5
ramen shop,1,0,0,0,0.0,0.5
ramona and beezus,1,0,0,0,0.0,0.5
rampage,1,0,0,0,0.0,0.5
rampart,1,0,0,0,0.0,0.5
rams,2,0,0,0,0.0,0.5
ran,1,0,0,0,0.0,0.5
ranas wedding,1,0,0,0,0.0,0.5
random acts of violence,1,0,0,0,0.0,0.5
random harvest,1,0,0,0,0.0,0.5
random hearts,1,0,0,0,0.0,0.5
rango,1,0,0,0,0.0,0.5
ransom,1,0,0,0,0.0,0.5
rape me,1,0,0,0,0.0,0.5
rapt,1,0,0,0,0.0,0.5
rapturepalooza,1,0,0,0,0.0,0.5
rare exports a christmas tale,1,0,0,0,0.0,0.5
rashomon,1,0,0,0,0.0,0.5
rat film,1,0,0,0,0.0,0.5
rat race,1,0,0,0,0.0,0.5
ratatoing,1,0,0,1,0.0,0.3
ratatouille,8,8,0,0,1.0,0.95
ratatouille the tiktok musical,1,0,0,0,0.0,0.5
ratcatcher,1,0,0,0,0.0,0.5
ratchet  clank,1,0,0,0,0.0,0.5
ravenous,1,0,0,0,0.0,0.5
raw,6,5,1,0,0.8333333333333334,0.8166666666666667
raw deal,1,0,0,0,0.0,0.5
ray  liz,1,0,0,0,0.0,0.5
raya and the last dragon,1,0,1,0,0.0,0.6
raze,1,0,0,0,0.0,0.5
rbg,1,0,0,0,0.0,0.5
reach me,1,0,0,0,0.0,0.5
reaching for the moon,1,0,0,0,0.0,0.5
read my lips,1,0,0,0,0.0,0.5
ready or not,10,6,4,0,0.6,0.76
ready player one,1,0,1,0,0.0,0.6
ready to rumble,1,0,0,0,0.0,0.5
ready to wear prêtàporter,1,0,0,0,0.0,0.5
real genius,1,0,0,0,0.0,0.5
real steel,1,0,0,0,0.0,0.5
real women have curves,1,0,0,0,0.0,0.5
reality,3,0,0,0,0.0,0.5
reality bites,1,0,0,0,0.0,0.5
realive,1,0,0,0,0.0,0.5
reanimator,1,0,0,0,0.0,0.5
rear window,3,3,0,0,1.0,0.9
rebecca,2,0,0,2,0.0,0.2
rebel in the rye,1,0,0,0,0.0,0.5
rebel without a cause,1,0,0,0,0.0,0.5
rebels with a cause,1,0,0,0,0.0,0.5
rebirth,1,0,0,0,0.0,0.5
rebuilding paradise,1,0,0,0,0.0,0.5
rec,1,0,0,0,0.0,0.5
rec 2,1,0,0,0,0.0,0.5
rec 3 genesis,1,0,0,0,0.0,0.5
recess schools out,1,0,0,0,0.0,0.5
reckless,1,0,0,0,0.0,0.5
reclaim,1,0,0,0,0.0,0.5
reconstruction,1,0,0,0,0.0,0.5
recorder the marion stokes project,1,0,0,0,0.0,0.5
red,2,0,0,0,0.0,0.5
red army,1,0,0,0,0.0,0.5
red beard,1,0,0,0,0.0,0.5
red cliff,1,0,0,0,0.0,0.5
red dawn,2,0,0,0,0.0,0.5
red doors,1,0,0,0,0.0,0.5
red dragon,1,0,0,0,0.0,0.5
red dust,1,0,0,0,0.0,0.5
red eye,1,0,1,0,0.0,0.7
red flag,1,0,0,0,0.0,0.5
red hill,1,0,0,0,0.0,0.5
red hook summer,1,0,0,0,0.0,0.5
red joan,1,0,0,0,0.0,0.5
red knot,1,0,0,0,0.0,0.5
red lights,1,0,0,0,0.0,0.5
red notice,4,0,1,3,0.0,0.325
red obsession,1,0,0,0,0.0,0.5
red penguins,1,0,0,0,0.0,0.5
red riding hood,1,0,0,0,0.0,0.5
red river,1,0,0,0,0.0,0.5
red road,1,0,0,0,0.0,0.5
red rock west,1,0,0,0,0.0,0.5
red rocket,4,4,0,0,1.0,0.85
red roses and petrol,1,0,0,0,0.0,0.5
red satin,1,0,0,0,0.0,0.5
red sparrow,1,0,0,0,0.0,0.5
red state,1,0,0,0,0.0,0.5
red tails,1,0,0,0,0.0,0.5
redacted,1,0,0,0,0.0,0.5
redbelt,1,0,0,0,0.0,0.5
redemption,1,0,0,0,0.0,0.5
redline,1,0,0,0,0.0,0.5
reds,1,0,0,0,0.0,0.5
reel injun,1,0,0,0,0.0,0.5
reel paradise,1,0,0,0,0.0,0.5
reflections in a golden eye,1,0,0,0,0.0,0.5
regression,1,0,0,0,0.0,0.5
regular lovers,1,0,0,0,0.0,0.5
reign of fire,1,0,0,0,0.0,0.5
reign over me,1,0,0,0,0.0,0.5
reincarnated,1,0,0,0,0.0,0.5
reindeer games,1,0,0,0,0.0,0.5
rejoice and shout,1,0,0,0,0.0,0.5
relaxer,1,0,0,0,0.0,0.5
relic,1,0,0,0,0.0,0.5
religulous,1,0,0,0,0.0,0.5
remember,1,0,0,0,0.0,0.5
remember me,1,0,1,0,0.0,0.6
remember me my love,1,0,0,0,0.0,0.5
remember the night,1,0,0,0,0.0,0.5
remember the titans,1,0,0,0,0.0,0.5
rememory,1,0,0,0,0.0,0.5
remo williams the adventure begins,1,0,0,0,0.0,0.5
renaissance,1,0,0,0,0.0,0.5
renaissance man,1,0,0,0,0.0,0.5
renegades,1,0,0,0,0.0,0.5
reno 911 miami,1,0,0,0,0.0,0.5
reno rebel without a pause,1,0,0,0,0.0,0.5
renoir,1,0,0,0,0.0,0.5
rent,1,0,0,0,0.0,0.5
rentapal,1,0,0,0,0.0,0.5
repo man,1,0,0,0,0.0,0.5
repo men,1,0,0,0,0.0,0.5
repo the genetic opera,1,0,0,0,0.0,0.5
repossessed,1,0,0,0,0.0,0.5
reprisal,1,0,0,0,0.0,0.5
reprise,1,0,0,0,0.0,0.5
requiem,1,0,0,0,0.0,0.5
requiem for a dream,8,8,0,0,1.0,0.9
reservation road,1,0,0,0,0.0,0.5
reservoir dogs,6,6,0,0,1.0,0.9166666666666666
reset,1,0,0,0,0.0,0.5
resident evil,1,0,0,0,0.0,0.5
resident evil afterlife,1,0,0,0,0.0,0.5
resident evil apocalypse,1,0,0,0,0.0,0.5
resident evil extinction,1,0,0,0,0.0,0.5
resident evil retribution,1,0,0,0,0.0,0.5
resident evil the final chapter,1,0,0,0,0.0,0.5
resident evil welcome to raccoon city,1,0,0,0,0.0,0.5
residue,1,0,0,0,0.0,0.5
resistance,1,0,0,0,0.0,0.5
respect,1,0,0,0,0.0,0.5
restaurant,1,0,0,0,0.0,0.5
restless,2,0,0,0,0.0,0.5
restless city,1,0,0,0,0.0,0.5
restless creature wendy whelan,1,0,0,0,0.0,0.5
restrepo,1,0,0,0,0.0,0.5
results,1,0,0,0,0.0,0.5
resurrect dead the mystery of the toynbee tiles,1,0,0,0,0.0,0.5
resurrection,1,0,0,0,0.0,0.5
retrograde,1,0,0,0,0.0,0.5
return,1,0,0,0,0.0,0.5
return of the jedi,3,2,1,0,0.6666666666666666,0.8333333333333334
return to me,1,0,0,0,0.0,0.5
return to never land,1,0,0,0,0.0,0.5
return to nuke em high volume 1,1,0,0,0,0.0,0.5
return to oz,1,0,0,0,0.0,0.5
return to paradise,1,0,0,0,0.0,0.5
return to sender,1,0,0,0,0.0,0.5
return to seoul,1,0,0,0,0.0,0.5
return to space,1,0,0,0,0.0,0.5
returner,1,0,0,0,0.0,0.5
returning mickey stern,1,0,0,0,0.0,0.5
reuniting the rubins,1,0,0,0,0.0,0.5
revanche,1,0,0,0,0.0,0.5
revenge,1,0,0,0,0.0,0.5
revenge of the electric car,1,0,0,0,0.0,0.5
revenge of the green dragons,1,0,0,0,0.0,0.5
revenge of the mekons,1,0,0,0,0.0,0.5
revenge of the nerds ii nerds in paradise,1,0,0,0,0.0,0.5
revenge of the pink panther,1,0,0,0,0.0,0.5
reversal of fortune,1,0,0,0,0.0,0.5
revoloution,1,0,0,0,0.0,0.5
revolution,1,0,0,0,0.0,0.5
revolution 9,1,0,0,0,0.0,0.5
revolution os,1,0,0,0,0.0,0.5
revolutionary road,1,0,0,0,0.0,0.5
revolver,1,0,0,0,0.0,0.5
rewind,1,0,0,0,0.0,0.5
reykjavík,1,0,0,0,0.0,0.5
rhinestone,1,0,0,0,0.0,0.5
rhinoceros eyes,1,0,0,0,0.0,0.5
rich and famous,1,0,0,0,0.0,0.5
rich hill,1,0,0,0,0.0,0.5
richard garriott man on a mission,1,0,0,0,0.0,0.5
richard iii,2,0,0,0,0.0,0.5
richard jewell,1,0,0,0,0.0,0.5
richard linklater dream is destiny,1,0,0,0,0.0,0.5
richie rich,1,0,0,0,0.0,0.5
rick,1,0,0,0,0.0,0.5
ricki and the flash,1,0,0,0,0.0,0.5
ricky,1,0,0,0,0.0,0.5
ricochet,1,0,0,0,0.0,0.5
rid of me,1,0,0,0,0.0,0.5
ride,1,0,0,0,0.0,0.5
ride along,1,0,0,0,0.0,0.5
ride the eagle,1,0,0,0,0.0,0.5
ride the high country,1,0,0,0,0.0,0.5
ride with the devil,1,0,0,0,0.0,0.5
riders of justice,1,0,0,0,0.0,0.5
ridicule,1,0,0,0,0.0,0.5
riding alone for thousands of miles,1,0,0,0,0.0,0.5
riding giants,1,0,0,0,0.0,0.5
riding in cars with boys,1,0,0,0,0.0,0.5
riding the bullet,1,0,0,0,0.0,0.5
rifkins festival,1,0,0,0,0.0,0.5
right at your door,1,0,0,0,0.0,0.5
right now wrong then,1,0,0,0,0.0,0.5
righteous kill,1,0,0,0,0.0,0.5
rigor mortis,1,0,0,0,0.0,0.5
rimini,1,0,0,0,0.0,0.5
rings,1,0,0,0,0.0,0.5
rio,1,0,0,0,0.0,0.5
rio bravo,1,0,0,0,0.0,0.5
rio i love you,1,0,0,0,0.0,0.5
riotsville usa,1,0,0,0,0.0,0.5
ripd,1,0,0,0,0.0,0.5
rise of the guardians,1,0,0,0,0.0,0.5
rise of the planet of the apes,1,0,0,0,0.0,0.5
risen,1,0,0,0,0.0,0.5
rising from ashes,1,0,0,0,0.0,0.5
rising sun,1,0,0,0,0.0,0.5
risk,1,0,0,0,0.0,0.5
riskreward,1,0,0,0,0.0,0.5
risky business,1,0,0,0,0.0,0.5
rita moreno just a girl who decided to go for it,1,0,0,0,0.0,0.5
rita sue and bob too,1,0,0,0,0.0,0.5
river of grass,1,0,0,0,0.0,0.5
rivers and tides andy goldsworthy working with time,1,0,0,0,0.0,0.5
rivers edge,1,0,0,0,0.0,0.5
rize,1,0,0,0,0.0,0.5
rmn,1,0,0,0,0.0,0.5
road hard,1,0,0,0,0.0,0.5
road house,1,0,0,0,0.0,0.5
road to morocco,1,0,0,0,0.0,0.5
road to nowhere,1,0,0,0,0.0,0.5
road to paloma,1,0,0,0,0.0,0.5
road to perdition,1,0,0,0,0.0,0.5
road to utopia,1,0,0,0,0.0,0.5
road trip,1,0,0,0,0.0,0.5
roadie,1,0,0,0,0.0,0.5
roadrunner a film about anthony bourdain,1,0,0,0,0.0,0.5
roald dahls matilda the musical,1,0,0,0,0.0,0.5
roald dahlâs matilda the musical,3,1,2,0,0.3333333333333333,0.8
rob roy,1,0,0,0,0.0,0.5
roberta,1,0,0,0,0.0,0.5
robin hood,3,0,0,0,0.0,0.5
robin hood men in tights,1,0,0,0,0.0,0.5
robin hood prince of thieves,1,0,0,0,0.0,0.5
robin williams come inside my mind,1,0,0,0,0.0,0.5
robins wish,1,0,0,0,0.0,0.5
robocop 2,1,0,0,0,0.0,0.5
robot and frank,1,0,0,0,0.0,0.5
robot overlords,1,0,0,0,0.0,0.5
robot stories,1,0,0,0,0.0,0.5
robots,1,0,0,0,0.0,0.5
rocco and his brothers rerelease,1,0,0,0,0.0,0.5
rock dog,1,0,0,0,0.0,0.5
rock of ages,1,0,0,0,0.0,0.5
rock school,1,0,0,0,0.0,0.5
rock the bells,1,0,0,0,0.0,0.5
rock the kasbah,1,0,0,0,0.0,0.5
rocketman,2,0,2,0,0.0,0.65
rocknrolla,1,0,0,0,0.0,0.5
rocks,1,0,0,0,0.0,0.5
rocks in my pockets,1,0,0,0,0.0,0.5
rocky,1,1,0,0,1.0,0.8
rocky ii,1,0,0,0,0.0,0.5
rocky iii,1,0,0,0,0.0,0.5
rocky v,1,0,0,0,0.0,0.5
rodeo,1,0,0,0,0.0,0.5
rodin,1,0,0,0,0.0,0.5
roger  me,1,0,0,0,0.0,0.5
roger dodger,1,0,0,0,0.0,0.5
rogue agent,1,0,0,0,0.0,0.5
rogue one a star wars story,1,0,0,0,0.0,0.5
rojo,1,0,0,0,0.0,0.5
role models,1,0,0,0,0.0,0.5
roll bounce,1,0,0,0,0.0,0.5
roll red roll,1,0,0,0,0.0,0.5
rollerball,2,0,0,0,0.0,0.5
rolling papers,1,0,0,0,0.0,0.5
rolling thunder,1,0,0,0,0.0,0.5
rolling thunder revue a bob dylan story by martin scorsese,1,0,0,0,0.0,0.5
rollover,1,0,0,0,0.0,0.5
roma,1,1,0,0,1.0,0.9
roman de gare,1,0,0,0,0.0,0.5
roman holiday,1,0,0,0,0.0,0.5
roman j israel esq,1,0,0,0,0.0,0.5
roman polanski wanted and desired,1,0,0,0,0.0,0.5
romance,1,0,0,0,0.0,0.5
romance  cigarettes,1,0,0,0,0.0,0.5
romancing the stone,1,0,0,0,0.0,0.5
romantics anonymous,1,0,0,0,0.0,0.5
romeo  juliet,5,3,0,0,0.6,0.9
romeo and juliet,1,0,0,0,0.0,0.5
romeo is bleeding,1,0,0,0,0.0,0.5
romeo must die,1,0,0,0,0.0,0.5
ronin,1,0,0,0,0.0,0.5
rookie of the year,1,0,0,0,0.0,0.5
room,4,4,0,0,1.0,0.9
room 237,1,0,0,0,0.0,0.5
rope,2,2,0,0,1.0,0.8
rory oshea was here,1,0,0,0,0.0,0.5
rosaline,1,0,0,0,0.0,0.5
rose plays julie,1,0,0,0,0.0,0.5
rosemarys baby,1,0,0,0,0.0,0.5
rosemaryâs baby,2,2,0,0,1.0,0.95
rosenwald,1,0,0,0,0.0,0.5
rosetta,1,0,0,0,0.0,0.5
rosewater,1,0,0,0,0.0,0.5
rosewood,1,0,0,0,0.0,0.5
rosie,1,0,0,0,0.0,0.5
rough cut,1,0,0,0,0.0,0.5
rough night,1,0,0,0,0.0,0.5
rounders,1,0,0,0,0.0,0.5
roving mars,1,0,0,0,0.0,0.5
roxanne,1,0,0,0,0.0,0.5
roxanne roxanne,1,0,0,0,0.0,0.5
rrr,7,7,0,0,1.0,0.9428571428571428
rubber,1,0,0,0,0.0,0.5
rubberneck,1,0,0,0,0.0,0.5
rubble kings,1,0,0,0,0.0,0.5
ruben brandt collector,1,0,0,0,0.0,0.5
ruby in paradise,1,0,0,0,0.0,0.5
ruby sparks,1,1,0,0,1.0,0.9
rudderless,1,0,0,0,0.0,0.5
rudo y cursi,1,0,0,0,0.0,0.5
rudy,1,0,0,0,0.0,0.5
rugrats go wild,1,0,0,0,0.0,0.5
rugrats in paris the movie  rugrats ii,1,0,0,0,0.0,0.5
rules dont apply,1,0,0,0,0.0,0.5
rules of engagement,1,0,0,0,0.0,0.5
rumble fish,1,0,0,0,0.0,0.5
rumble in the bronx,1,0,0,0,0.0,0.5
rumble the indians who rocked the world,1,0,0,0,0.0,0.5
rumor has it,1,0,0,0,0.0,0.5
run,1,0,1,0,0.0,0.7
run  jump,1,0,0,0,0.0,0.5
run all night,1,0,0,0,0.0,0.5
run fatboy run,1,0,0,0,0.0,0.5
run rabbit run,1,0,0,0,0.0,0.5
run silent run deep,1,0,0,0,0.0,0.5
run sweetheart run,1,0,0,0,0.0,0.5
runaway bride,1,0,0,0,0.0,0.5
runaway train,1,0,0,0,0.0,0.5
running free,1,0,0,0,0.0,0.5
running from crazy,1,0,0,0,0.0,0.5
running on empty,1,0,0,0,0.0,0.5
running scared,2,0,0,0,0.0,0.5
running with scissors,1,0,0,0,0.0,0.5
running with the devil,1,0,0,0,0.0,0.5
runoff,1,0,0,0,0.0,0.5
rupture,1,0,0,0,0.0,0.5
rush,2,0,0,0,0.0,0.5
rush hour 2,1,0,0,0,0.0,0.5
rushmore,3,1,2,0,0.3333333333333333,0.8
russian ark,1,0,0,0,0.0,0.5
russian doll,1,0,0,0,0.0,0.5
russian dolls,1,0,0,0,0.0,0.5
russkies,1,0,0,0,0.0,0.5
rust and bone,1,0,0,0,0.0,0.5
rust creek,1,0,0,0,0.0,0.5
ruthless people,1,0,0,0,0.0,0.5
rv,1,0,0,0,0.0,0.5
rye lane,1,0,0,0,0.0,0.5
ryuichi sakamoto coda,1,0,0,0,0.0,0.5
s1m0ne,1,0,0,0,0.0,0.5
s21 the khmer rouge death machine,1,0,0,0,0.0,0.5
sabaya,1,0,0,0,0.0,0.5
sabotage,2,0,0,0,0.0,0.5
saboteur,1,0,0,0,0.0,0.5
sabrina,1,0,0,0,0.0,0.5
sacred planet,1,0,0,0,0.0,0.5
sacrifice,1,0,0,0,0.0,0.5
sade,1,0,0,0,0.0,0.5
sadie,1,0,0,0,0.0,0.5
safe,2,0,0,0,0.0,0.5
safe conduct,1,0,0,0,0.0,0.5
safe haven,1,0,0,0,0.0,0.5
safelight,1,0,0,0,0.0,0.5
safety,1,0,0,0,0.0,0.5
safety not guaranteed,1,0,0,0,0.0,0.5
saint frances,1,0,0,0,0.0,0.5
saint jack,1,0,0,0,0.0,0.5
saint john of las vegas,1,0,0,0,0.0,0.5
saint judy,1,0,0,0,0.0,0.5
saint laurent,1,0,0,0,0.0,0.5
saint maud,2,1,1,0,0.5,0.75
saint of 911,1,0,0,0,0.0,0.5
saint omer,1,0,0,0,0.0,0.5
saint ralph,1,0,0,0,0.0,0.5
saints and soldiers,1,0,0,0,0.0,0.5
sal,1,0,0,0,0.0,0.5
salesman,1,0,0,0,0.0,0.5
salinger,1,0,0,0,0.0,0.5
saloum,1,0,0,0,0.0,0.5
salt and fire,1,0,0,0,0.0,0.5
salt of the earth,1,0,0,0,0.0,0.5
salt of this sea,1,0,0,0,0.0,0.5
salvador,1,0,0,0,0.0,0.5
salvation boulevard,1,0,0,0,0.0,0.5
salvo,1,0,0,0,0.0,0.5
salã² or the 120 days of sodom,3,1,1,0,0.3333333333333333,0.7
samaritan,1,0,0,0,0.0,0.5
samba,1,0,0,0,0.0,0.5
same kind of different as me,1,0,0,0,0.0,0.5
sammy and rosie get laid,1,0,0,0,0.0,0.5
sample this,1,0,0,0,0.0,0.5
samsara,1,0,0,0,0.0,0.5
samson and delilah,1,0,0,0,0.0,0.5
samurai rebellion,1,0,0,0,0.0,0.5
sanctum,1,0,0,0,0.0,0.5
sand castle,1,0,0,0,0.0,0.5
sand storm,1,0,0,0,0.0,0.5
sands of iwo jima,1,0,0,0,0.0,0.5
sandy wexler,1,0,0,0,0.0,0.5
sangre de mi sangre,1,0,0,0,0.0,0.5
sankofa,1,0,0,0,0.0,0.5
sansho the bailiff,1,0,0,0,0.0,0.5
santa vs the snowman,1,0,0,0,0.0,0.5
santitos,1,0,0,0,0.0,0.5
santoalla,1,0,0,0,0.0,0.5
sarah palin you betcha,1,0,0,0,0.0,0.5
sarahs key,1,0,0,0,0.0,0.5
sasayaki,1,0,0,0,0.0,0.5
satan  adam,1,0,0,0,0.0,0.5
satanic panic,1,0,0,0,0.0,0.5
satisfaction,1,0,0,0,0.0,0.5
sator,1,0,0,0,0.0,0.5
saturday church,1,0,0,0,0.0,0.5
saturday fiction,1,0,0,0,0.0,0.5
saturday night fever,1,0,0,0,0.0,0.5
saturn 3,1,0,0,0,0.0,0.5
saudate for the future,1,0,0,0,0.0,0.5
sausage party,1,0,0,0,0.0,0.5
sauvage  wild,1,0,0,0,0.0,0.5
savages,1,0,0,0,0.0,0.5
savannah,1,0,0,0,0.0,0.5
save me,1,0,0,0,0.0,0.5
save ralph,1,0,1,0,0.0,0.7
save the date,1,0,0,0,0.0,0.5
save the green planet,1,0,0,0,0.0,0.5
save the last dance,1,0,0,0,0.0,0.5
save yourselves,1,0,0,0,0.0,0.5
saved,1,0,0,0,0.0,0.5
saving face,1,0,0,0,0.0,0.5
saving grace,1,0,0,0,0.0,0.5
saving lincoln,1,0,0,0,0.0,0.5
saving private ryan,1,0,0,0,0.0,0.5
saving shiloh,1,0,0,0,0.0,0.5
saving silverman,1,0,0,0,0.0,0.5
saw,2,1,1,0,0.5,0.85
saw 3d,1,0,0,0,0.0,0.5
saw ii,2,1,1,0,0.5,0.75
saw iii,1,0,0,0,0.0,0.5
saw iv,1,0,1,0,0.0,0.6
saw v,1,0,0,0,0.0,0.5
saw vi,1,0,0,0,0.0,0.5
say anything,1,0,0,0,0.0,0.5
say it isnt so,1,0,0,0,0.0,0.5
scales,1,0,0,0,0.0,0.5
scare me,1,0,0,0,0.0,0.5
scarecrow,1,0,0,0,0.0,0.5
scarface,3,3,0,0,1.0,0.8
scarlet,1,0,0,0,0.0,0.5
scarlet diva,1,0,0,0,0.0,0.5
scarred hearts,1,0,0,0,0.0,0.5
scary movie,1,0,0,0,0.0,0.5
scary movie 2,1,0,0,0,0.0,0.5
scary movie 4,1,0,0,0,0.0,0.5
scary movie 5,1,0,0,0,0.0,0.5
scary stories to tell in the dark,1,0,0,0,0.0,0.5
scatter my ashes at bergdorfs,1,0,0,0,0.0,0.5
scenes from a marriage,1,0,0,0,0.0,0.5
scenic route,1,0,0,0,0.0,0.5
scent of a woman,1,0,0,0,0.0,0.5
schindlers list,1,0,0,0,0.0,0.5
schizopolis,1,0,0,0,0.0,0.5
school daze,1,0,0,0,0.0,0.5
school for scoundrels,1,0,0,0,0.0,0.5
school life,1,0,0,0,0.0,0.5
school of rock,2,2,0,0,1.0,0.95
school ties,1,0,0,0,0.0,0.5
schultze gets the blues,1,0,0,0,0.0,0.5
science fair,1,0,0,0,0.0,0.5
scoob,1,0,0,1,0.0,0.3
scooby doo 2 monsters unleashed,1,0,0,0,0.0,0.5
scoobydoo,3,2,1,0,0.6666666666666666,0.8333333333333334
scoobydoo 2 monsters unleashed,2,2,0,0,1.0,1.0
scoop,1,0,0,0,0.0,0.5
score a film music documentary,1,0,0,0,0.0,0.5
scotland pa,1,0,0,0,0.0,0.5
scott pilgrim vs the world,8,8,0,0,1.0,0.9875
scottsboro an american tragedy,1,0,0,0,0.0,0.5
scotty and the secret history of hollywood,1,0,0,0,0.0,0.5
scouts guide to the zombie apocalypse,1,0,0,0,0.0,0.5
scrapper,1,0,0,0,0.0,0.5
scratch,1,0,0,0,0.0,0.5
scream,42,34,6,0,0.8095238095238095,0.835
scream 2,3,3,0,0,1.0,0.8666666666666666
scream 2 199 6,1,0,1,0,0.0,0.6
scream 3,3,0,3,0,0.0,0.6333333333333333
scream 4,1,0,0,0,0.0,0.5
scream vi,10,7,2,0,0.7,0.8
screamers,1,0,0,0,0.0,0.5
screwed,1,0,0,0,0.0,0.5
scrooge a christmas carol,1,0,0,0,0.0,0.5
scrooged,1,0,0,0,0.0,0.5
scum,1,0,0,0,0.0,0.5
scumrock,1,0,0,0,0.0,0.5
se 6  en,7,7,0,0,1.0,0.9428571428571428
sea fever,1,0,0,0,0.0,0.5
sea of love,1,0,0,0,0.0,0.5
sea of shadows,1,0,0,0,0.0,0.5
seabiscuit,1,0,0,0,0.0,0.5
seance,1,0,0,0,0.0,0.5
search party,1,0,0,0,0.0,0.5
searching,1,1,0,0,1.0,0.8
searching for ingmar bergman,1,0,0,0,0.0,0.5
searching for sugar man,1,0,0,0,0.0,0.5
searching for the wrongeyed jesus,1,0,0,0,0.0,0.5
season of the witch,1,0,0,0,0.0,0.5
seasons,1,0,0,0,0.0,0.5
seberg,1,0,0,0,0.0,0.5
second best,1,0,0,0,0.0,0.5
secondhand lions,1,0,0,0,0.0,0.5
seconds,1,0,0,0,0.0,0.5
secret ballot,1,0,0,0,0.0,0.5
secret in their eyes,1,0,0,0,0.0,0.5
secret lives hidden children and their rescuers during wwii,1,0,0,0,0.0,0.5
secret society of second born royals,1,0,0,0,0.0,0.5
secret things,1,0,0,0,0.0,0.5
secret window,1,0,0,0,0.0,0.5
secretary,1,0,0,0,0.0,0.5
secrets  lies,1,0,0,0,0.0,0.5
secuestro express,1,0,0,0,0.0,0.5
seducing doctor lewis,1,0,0,0,0.0,0.5
see for me,1,0,0,0,0.0,0.5
see how they run,4,2,2,0,0.5,0.75
see no evil,1,0,0,0,0.0,0.5
see no evil hear no evil,1,0,0,0,0.0,0.5
see spot run,1,0,0,0,0.0,0.5
see you yesterday,1,0,0,0,0.0,0.5
seed of chucky,1,0,0,0,0.0,0.5
seeing other people,1,0,0,0,0.0,0.5
seeking a friend for the end of the world,1,0,0,0,0.0,0.5
seeking justice,1,0,0,0,0.0,0.5
segunda piel,1,0,0,0,0.0,0.5
selah and the spades,1,0,0,0,0.0,0.5
selena,1,0,0,0,0.0,0.5
selena gomez my mind  me,1,0,0,0,0.0,0.5
self medicated,1,0,0,0,0.0,0.5
selma,1,0,0,0,0.0,0.5
semipro,1,0,0,0,0.0,0.5
semitough,1,0,0,0,0.0,0.5
senior year,2,0,0,2,0.0,0.4
senna,1,0,0,0,0.0,0.5
sense and sensibility,1,0,0,0,0.0,0.5
senseless,1,0,0,0,0.0,0.5
seoul searching,1,0,0,0,0.0,0.5
separate lies,1,0,0,0,0.0,0.5
september tapes,1,0,0,0,0.0,0.5
septic man,1,0,0,0,0.0,0.5
septien,1,0,0,0,0.0,0.5
seraphim falls,1,0,0,0,0.0,0.5
serena,1,0,0,0,0.0,0.5
serendipity,1,0,0,0,0.0,0.5
serenity,1,0,0,0,0.0,0.5
sergio,1,0,0,0,0.0,0.5
serial mom,1,0,0,0,0.0,0.5
series 7 the contenders,1,0,0,0,0.0,0.5
serious moonlight,1,0,0,0,0.0,0.5
seriously red,1,0,0,0,0.0,0.5
serpico,1,0,0,0,0.0,0.5
servants,1,0,0,0,0.0,0.5
service serbis,1,0,0,0,0.0,0.5
serving sara,1,0,0,0,0.0,0.5
set it off,1,0,0,0,0.0,0.5
set it up,2,0,2,0,0.0,0.65
set me free,1,0,0,0,0.0,0.5
settlers,1,0,0,0,0.0,0.5
seven,1,0,0,0,0.0,0.5
seven pounds,1,0,0,0,0.0,0.5
seven psychopaths,1,0,0,0,0.0,0.5
seven samurai,1,1,0,0,1.0,1.0
seven years in tibet,1,0,0,0,0.0,0.5
seventh son,1,0,0,0,0.0,0.5
severance,1,0,0,0,0.0,0.5
severe clear,1,0,0,0,0.0,0.5
sex and death 101,1,0,0,0,0.0,0.5
sex and zen,1,0,0,0,0.0,0.5
sex drive,1,0,0,0,0.0,0.5
sex is comedy,1,0,0,0,0.0,0.5
sex lies and videotape,1,0,0,0,0.0,0.5
sex tape,1,0,0,0,0.0,0.5
sex the annabel chong story,1,0,0,0,0.0,0.5
sex with strangers,1,0,0,0,0.0,0.5
sexual dependency,1,0,0,0,0.0,0.5
seymour an introduction,1,0,0,0,0.0,0.5
sgt bilko,1,0,0,0,0.0,0.5
sgt peppers lonely hearts club band,1,0,0,0,0.0,0.5
sgt stubby an american hero,1,0,0,0,0.0,0.5
shadow,1,0,0,0,0.0,0.5
shadow hours,1,0,0,0,0.0,0.5
shadow in the cloud,1,0,0,0,0.0,0.5
shadow magic,1,0,0,0,0.0,0.5
shadow of the thin man,1,0,0,0,0.0,0.5
shadow of the vampire,1,0,0,0,0.0,0.5
shadowboxer,1,0,0,0,0.0,0.5
shadows,1,0,0,0,0.0,0.5
shaft,2,0,0,0,0.0,0.5
shag,1,0,0,0,0.0,0.5
shake hands with the devil,1,0,0,0,0.0,0.5
shake hands with the devil the journey of roméo dallaire,1,0,0,0,0.0,0.5
shakespeare behind bars,1,0,0,0,0.0,0.5
shakespeare high,1,0,0,0,0.0,0.5
shakespeare in love,1,0,0,0,0.0,0.5
shall we dance,2,0,0,0,0.0,0.5
shall we kiss,1,0,0,0,0.0,0.5
shallow grave,1,0,0,0,0.0,0.5
shallow hal,1,0,0,0,0.0,0.5
shame,1,1,0,0,1.0,0.8
shampoo,1,0,0,0,0.0,0.5
shane,1,0,0,0,0.0,0.5
shangchi and the legend of the ten rings,12,3,9,0,0.25,0.675
shanghai,1,0,0,0,0.0,0.5
shanghai calling,1,0,0,0,0.0,0.5
shanghai express,1,0,0,0,0.0,0.5
shanghai ghetto,1,0,0,0,0.0,0.5
shanghai noon,1,0,0,0,0.0,0.5
shanghai surprise,1,0,0,0,0.0,0.5
shaolin,1,0,0,0,0.0,0.5
shaolin soccer,1,0,0,0,0.0,0.5
share,1,0,0,0,0.0,0.5
shark tale,2,1,0,1,0.5,0.7
sharkwater,1,0,0,0,0.0,0.5
sharkwater extinction,1,0,0,0,0.0,0.5
sharkys machine,1,0,0,0,0.0,0.5
sharp stick,1,0,0,0,0.0,0.5
sharper,1,0,0,0,0.0,0.5
shattered glass,1,0,0,0,0.0,0.5
shaun of the dead,2,2,0,0,1.0,0.95
shaun the sheep movie,1,1,0,0,1.0,1.0
shazam,1,1,0,0,1.0,1.0
shazam fury of the gods,1,0,0,0,0.0,0.5
she came to me,1,0,0,0,0.0,0.5
she dies tomorrow,1,0,0,0,0.0,0.5
she said,1,0,0,0,0.0,0.5
she will,1,0,0,0,0.0,0.5
she wore a yellow ribbon,1,0,0,0,0.0,0.5
sheena queen of the jungle,1,0,0,0,0.0,0.5
shehulk attorney at law,2,0,0,1,0.0,0.2
shelter,2,0,0,0,0.0,0.5
shepard  dark,1,0,0,0,0.0,0.5
sheriff,1,0,0,0,0.0,0.5
sherlock gnomes,1,0,0,0,0.0,0.5
sherlock holmes,1,0,0,0,0.0,0.5
sherlock holmes a game of shadows,1,0,0,0,0.0,0.5
shermans way,1,0,0,0,0.0,0.5
sherpa,1,0,0,0,0.0,0.5
sherrybaby,1,0,0,0,0.0,0.5
shes all that,1,0,0,0,0.0,0.5
shes beautiful when shes angry,1,0,0,0,0.0,0.5
shes funny that way,1,0,0,0,0.0,0.5
shes gotta have it,1,0,0,0,0.0,0.5
shes having a baby,1,0,0,0,0.0,0.5
shes lost control,1,0,0,0,0.0,0.5
shes one of us,1,0,0,0,0.0,0.5
shes out of control,1,0,0,0,0.0,0.5
shes the man,1,0,0,0,0.0,0.5
shes the one,1,0,0,0,0.0,0.5
sheâs all that,1,0,0,1,0.0,0.4
sheâs the man,1,0,1,0,0.0,0.5
shin godzilla godzilla resurgence,1,0,0,0,0.0,0.5
shine,1,0,0,0,0.0,0.5
shine a light,1,0,0,0,0.0,0.5
shirin in love,1,0,0,0,0.0,0.5
shirkers,1,0,0,0,0.0,0.5
shirley,1,0,0,0,0.0,0.5
shirley valentine,1,0,0,0,0.0,0.5
shithouse,1,0,0,0,0.0,0.5
shiva baby,12,10,2,0,0.8333333333333334,0.8833333333333334
shivers,1,0,0,0,0.0,0.5
shoah four sisters,1,0,0,0,0.0,0.5
shock treatment,1,0,0,0,0.0,0.5
shoot em up,1,0,0,0,0.0,0.5
shoot the moon,1,0,0,0,0.0,0.5
shoot to kill,1,0,0,0,0.0,0.5
shooter,1,0,0,0,0.0,0.5
shooting fish,1,0,0,0,0.0,0.5
shopgirl,1,0,0,0,0.0,0.5
shoplifters,1,1,0,0,1.0,0.9
shoplifters of the world,1,0,0,0,0.0,0.5
short circuit,1,0,0,0,0.0,0.5
short cut to nirvana kumbh mela,1,0,0,0,0.0,0.5
short cuts,1,0,0,0,0.0,0.5
short term 12,1,1,0,0,1.0,1.0
shortbus,1,0,0,0,0.0,0.5
shortcomings,1,0,0,0,0.0,0.5
shorts,1,0,0,0,0.0,0.5
shot caller,1,0,0,0,0.0,0.5
shot in the heart,1,0,0,0,0.0,0.5
shot the psychospiritual mantra of rock,1,0,0,0,0.0,0.5
shotgun stories,1,0,0,0,0.0,0.5
shotgun wedding,1,0,0,0,0.0,0.5
shottas,1,0,0,0,0.0,0.5
show boat,1,0,0,0,0.0,0.5
show dogs,1,0,0,0,0.0,0.5
show me love,1,0,0,0,0.0,0.5
showboy,1,0,0,0,0.0,0.5
showbusiness the road to broadway,1,0,0,0,0.0,0.5
shower,1,0,0,0,0.0,0.5
showgirls,1,1,0,0,1.0,1.0
showing up,1,0,0,0,0.0,0.5
showtime,1,0,0,0,0.0,0.5
shrek,2,1,0,0,0.5,0.8
shrek 2,3,3,0,0,1.0,0.9666666666666666
shrek forever after,1,0,0,0,0.0,0.5
shrek the third,1,0,0,0,0.0,0.5
shrink,1,0,0,0,0.0,0.5
shuang long hui,1,0,0,0,0.0,0.5
shut in,1,0,0,0,0.0,0.5
shut up and play the hits,1,0,0,0,0.0,0.5
shut up little man an audio misadventure,1,0,0,0,0.0,0.5
shutter,1,0,0,0,0.0,0.5
shutter island,4,4,0,0,1.0,0.9
siberia,2,0,0,0,0.0,0.5
sibyl,1,0,0,0,0.0,0.5
sicario,1,1,0,0,1.0,1.0
sicilian ghost story,1,0,0,0,0.0,0.5
sick,1,0,0,0,0.0,0.5
sicko,1,0,0,0,0.0,0.5
sid and nancy,1,0,0,0,0.0,0.5
siddharth,1,0,0,0,0.0,0.5
siddhartha rerelease,1,0,0,0,0.0,0.5
side by side,1,0,0,0,0.0,0.5
sidewalk stories,1,0,0,0,0.0,0.5
sidewalks of new york,1,0,0,0,0.0,0.5
sidney,1,0,0,0,0.0,0.5
sieranevada,1,0,0,0,0.0,0.5
sierra burgess is a loser,1,0,0,0,0.0,0.5
signs,1,1,0,0,1.0,0.8
signs  wonders,1,0,0,0,0.0,0.5
silence,1,0,0,0,0.0,0.5
silent hill,1,0,0,0,0.0,0.5
silent hill revelation 3d,1,0,0,0,0.0,0.5
silent house,1,0,0,0,0.0,0.5
silent light,1,0,0,0,0.0,0.5
silent movie,1,0,0,0,0.0,0.5
silent night,1,0,0,0,0.0,0.5
silent running,1,0,0,0,0.0,0.5
silent water,1,0,0,0,0.0,0.5
silk,1,0,0,0,0.0,0.5
silkwood,1,0,0,0,0.0,0.5
silo,1,0,0,0,0.0,0.5
silver bullet,1,0,0,0,0.0,0.5
silver city,1,0,0,0,0.0,0.5
silver linings playbook,1,0,0,0,0.0,0.5
silver streak,1,0,0,0,0.0,0.5
silverado,1,0,0,0,0.0,0.5
simon  the oaks,1,0,0,0,0.0,0.5
simon birch,1,0,0,0,0.0,0.5
simon killer,1,0,0,0,0.0,0.5
simon magus,1,0,0,0,0.0,0.5
simon sez,1,0,0,0,0.0,0.5
simpatico,1,0,0,0,0.0,0.5
simple passion,1,0,0,0,0.0,0.5
simply irresistible,1,0,0,0,0.0,0.5
sin city,1,0,0,0,0.0,0.5
sin nombre,1,0,0,0,0.0,0.5
sinbad legend of the seven seas,1,0,0,0,0.0,0.5
sing,1,0,0,0,0.0,0.5
sing 2,3,2,1,0,0.6666666666666666,0.9
sing street,1,1,0,0,1.0,0.9
sing your song,1,0,0,0,0.0,0.5
singinâ in the rain,2,2,0,0,1.0,0.85
single white female,1,0,0,0,0.0,0.5
singles,1,0,0,0,0.0,0.5
sinister,1,0,0,0,0.0,0.5
sinister 2,1,0,0,0,0.0,0.5
sir no sir,1,0,0,0,0.0,0.5
siren,1,0,0,0,0.0,0.5
sissy,1,0,0,0,0.0,0.5
sister,1,0,0,0,0.0,0.5
sister act,1,0,0,0,0.0,0.5
sister act 2 back in the habit,1,0,0,0,0.0,0.5
sister helen,1,0,0,0,0.0,0.5
sisters,2,0,0,0,0.0,0.5
sisters in law,1,0,0,0,0.0,0.5
sisters on track,1,0,0,0,0.0,0.5
sisters with transistors,1,0,0,0,0.0,0.5
sita sings the blues,1,0,0,0,0.0,0.5
six dance lessons in six weeks,1,0,0,0,0.0,0.5
six days seven nights,1,0,0,0,0.0,0.5
six degrees of separation,1,0,0,0,0.0,0.5
six minutes to midnight,1,0,0,0,0.0,0.5
sixteen candles,1,0,0,0,0.0,0.5
sixty six,1,0,0,0,0.0,0.5
skate kitchen,1,0,0,0,0.0,0.5
skateland,1,0,0,0,0.0,0.5
sketches of frank gehry,1,0,0,0,0.0,0.5
ski patrol,1,0,0,0,0.0,0.5
skid row marathon,1,0,0,0,0.0,0.5
skills like this,1,0,0,0,0.0,0.5
skin,2,0,0,0,0.0,0.5
skin a history of nudity in the movies,1,0,0,0,0.0,0.5
skin deep,1,0,0,0,0.0,0.5
skin trade,1,0,0,0,0.0,0.5
skinamarink,3,1,2,0,0.3333333333333333,0.7333333333333333
skins,1,0,0,0,0.0,0.5
skinwalkers,1,0,0,0,0.0,0.5
sky captain and the world of tomorrow,1,0,0,0,0.0,0.5
sky high,1,0,0,0,0.0,0.5
sky ladder the art of cai guoqiang,1,0,0,0,0.0,0.5
skyfall,1,1,0,0,1.0,1.0
skyscraper,1,0,0,0,0.0,0.5
slack bay,1,0,0,0,0.0,0.5
slacker,1,0,0,0,0.0,0.5
slackers,1,0,0,0,0.0,0.5
slam,1,0,0,0,0.0,0.5
slam dance,1,0,0,0,0.0,0.5
slap shot,1,0,0,0,0.0,0.5
slash,1,0,0,0,0.0,0.5
slashback,1,0,0,0,0.0,0.5
slay the dragon,1,0,0,0,0.0,0.5
slc punk,1,0,0,0,0.0,0.5
sleep furiously,1,0,0,0,0.0,0.5
sleeping beauty,2,0,0,0,0.0,0.5
sleeping with other people,1,0,0,0,0.0,0.5
sleeping with the enemy,1,0,0,0,0.0,0.5
sleepless,1,0,0,0,0.0,0.5
sleepless in seattle,1,0,0,0,0.0,0.5
sleepless night,1,0,0,0,0.0,0.5
sleepover,1,0,0,0,0.0,0.5
sleepwalk with me,1,0,0,0,0.0,0.5
sleepwalkers,1,0,0,0,0.0,0.5
sleepwalking,1,0,0,0,0.0,0.5
sleight,1,0,0,0,0.0,0.5
slender man,1,0,0,0,0.0,0.5
sleuth,1,0,0,0,0.0,0.5
slice,1,0,0,0,0.0,0.5
sling blade,1,0,0,0,0.0,0.5
slipstream,1,0,0,0,0.0,0.5
sliver,1,0,0,0,0.0,0.5
slow burn,1,0,0,0,0.0,0.5
slow west,1,0,0,0,0.0,0.5
slumberland,1,0,0,0,0.0,0.5
slumdog millionaire,1,0,0,0,0.0,0.5
slums of beverly hills,1,0,0,0,0.0,0.5
slut in a good way,1,0,0,0,0.0,0.5
small axe alex wheatle,1,0,0,0,0.0,0.5
small axe education,1,0,0,0,0.0,0.5
small axe lovers rock,1,0,0,0,0.0,0.5
small axe mangrove,1,0,0,0,0.0,0.5
small axe red white and blue,1,0,0,0,0.0,0.5
small beautifully moving parts,1,0,0,0,0.0,0.5
small engine repair,1,0,0,0,0.0,0.5
small time,1,0,0,0,0.0,0.5
small time crooks,1,0,0,0,0.0,0.5
small town crime,1,0,0,0,0.0,0.5
small town murder songs,1,0,0,0,0.0,0.5
small voices,1,0,0,0,0.0,0.5
smart people,1,0,0,0,0.0,0.5
smash  grab the story of the pink panthers,1,0,0,0,0.0,0.5
smash his camera,1,0,0,0,0.0,0.5
smashed,1,0,0,0,0.0,0.5
smile,20,0,16,2,0.0,0.5888888888888889
smiley,1,0,0,0,0.0,0.5
smiley face,1,0,0,0,0.0,0.5
smiling fish  goat on fire,1,0,0,0,0.0,0.5
smillas sense of snow,1,0,0,0,0.0,0.5
smithereens,1,0,0,0,0.0,0.5
smoke,1,0,0,0,0.0,0.5
smoke signals,1,0,0,0,0.0,0.5
smokers only,1,0,0,0,0.0,0.5
smokey and the bandit ii,1,0,0,0,0.0,0.5
smokin aces,1,0,0,0,0.0,0.5
smooth talk,1,0,0,0,0.0,0.5
smurfs the lost village,1,0,0,0,0.0,0.5
snake eyes,1,0,0,0,0.0,0.5
snake eyes gi joe origins,1,0,0,0,0.0,0.5
snakes on a plane,1,0,0,0,0.0,0.5
snatch,1,0,0,0,0.0,0.5
sniper,1,0,0,0,0.0,0.5
snipes,1,0,0,0,0.0,0.5
snitch,1,0,0,0,0.0,0.5
snow cake,1,0,0,0,0.0,0.5
snow day,1,0,0,0,0.0,0.5
snow dogs,1,0,0,0,0.0,0.5
snow falling on cedars,1,0,0,0,0.0,0.5
snow flower and the secret fan,1,0,0,0,0.0,0.5
snow white and the huntsman,1,0,0,0,0.0,0.5
snow white and the seven dwarfs,1,0,1,0,0.0,0.7
snowpiercer,2,2,0,0,1.0,0.85
snowtime,1,0,0,0,0.0,0.5
so close,1,0,0,0,0.0,0.5
so goes the nation,1,0,0,0,0.0,0.5
so i married an axe murderer,1,0,0,0,0.0,0.5
so long my son,1,0,0,0,0.0,0.5
so much so fast,1,0,0,0,0.0,0.5
soaked in bleach,1,0,0,0,0.0,0.5
soapdish,1,0,0,0,0.0,0.5
sob,1,0,0,0,0.0,0.5
sobibór 14 octobre 1943 16 heures,1,0,0,0,0.0,0.5
sobreviviré,1,0,0,0,0.0,0.5
society,1,0,0,0,0.0,0.5
socrates,1,0,0,0,0.0,0.5
soft  quiet,1,0,0,0,0.0,0.5
soft fruit,1,0,0,0,0.0,0.5
solace,1,0,0,0,0.0,0.5
solas,1,0,0,0,0.0,0.5
sold,1,0,0,0,0.0,0.5
solitary man,1,0,0,0,0.0,0.5
sollers point,1,0,0,0,0.0,0.5
solo a star wars story,1,0,0,0,0.0,0.5
solomon  gaenor,1,0,0,0,0.0,0.5
solomon kane,1,0,0,0,0.0,0.5
some body,1,0,0,0,0.0,0.5
some girls,1,0,0,0,0.0,0.5
some kind of beautiful,1,0,0,0,0.0,0.5
some kind of heaven,1,0,0,0,0.0,0.5
some like it hot,1,1,0,0,1.0,1.0
some velvet morning,1,0,0,0,0.0,0.5
somebody i used to know,1,0,0,0,0.0,0.5
somebody up there likes me,1,0,0,0,0.0,0.5
someone great,1,0,0,0,0.0,0.5
someone like you,1,0,0,0,0.0,0.5
someone to watch over me,1,0,0,0,0.0,0.5
somers town,1,0,0,0,0.0,0.5
somersault,1,0,0,0,0.0,0.5
something borrowed,1,0,0,0,0.0,0.5
something from tiffanys,1,0,0,0,0.0,0.5
something in the air,1,0,0,0,0.0,0.5
something new,1,0,0,0,0.0,0.5
something to cheer about,1,0,0,0,0.0,0.5
something wild,1,0,0,0,0.0,0.5
somethings gotta give,1,0,0,0,0.0,0.5
sometimes always never,1,0,0,0,0.0,0.5
somewhere,1,0,0,0,0.0,0.5
somewhere between,1,0,0,0,0.0,0.5
somewhere in time,1,0,0,0,0.0,0.5
somm,1,0,0,0,0.0,0.5
son frère,1,0,0,0,0.0,0.5
son in law,1,0,0,0,0.0,0.5
son of a gun,1,0,0,0,0.0,0.5
son of god,1,0,0,0,0.0,0.5
son of monarchs,1,0,0,0,0.0,0.5
son of rambow,1,0,0,0,0.0,0.5
son of the bride,1,0,0,0,0.0,0.5
son of the mask,1,0,0,0,0.0,0.5
son of the pink panther,1,0,0,0,0.0,0.5
sonatine,1,0,0,0,0.0,0.5
songbird,1,0,0,0,0.0,0.5
songcatcher,1,0,0,0,0.0,0.5
songs from the second floor,1,0,0,0,0.0,0.5
sonic the hedgehog,1,0,0,1,0.0,0.4
sonic the hedgehog 2,2,0,1,0,0.0,0.7
sonny,1,0,0,0,0.0,0.5
sophie jones,1,0,0,0,0.0,0.5
sophie scholl the final days,1,0,0,0,0.0,0.5
sophies choice,1,0,0,0,0.0,0.5
sorcerer,1,0,0,0,0.0,0.5
sordid lives,1,0,0,0,0.0,0.5
sorority boys,1,0,0,0,0.0,0.5
sorority row,1,0,0,0,0.0,0.5
sorry angel,1,0,0,0,0.0,0.5
sorry haters,1,0,0,0,0.0,0.5
sorry to bother you,3,3,0,0,1.0,0.8333333333333334
sorry we missed you,1,0,0,0,0.0,0.5
soul,4,3,1,0,0.75,0.8
soul boys of the western world,1,0,0,0,0.0,0.5
soul food,1,0,0,0,0.0,0.5
soul kitchen,1,0,0,0,0.0,0.5
soul man,1,0,0,0,0.0,0.5
soul men,1,0,0,0,0.0,0.5
soul plane,1,0,0,0,0.0,0.5
soul power,1,0,0,0,0.0,0.5
soul surfer,1,0,0,0,0.0,0.5
soul survivors,1,0,0,0,0.0,0.5
sound of metal,4,3,0,0,0.75,0.9
sound of my voice,1,0,0,0,0.0,0.5
sound of noise,1,0,0,0,0.0,0.5
soundtrack for a revolution,1,0,0,0,0.0,0.5
source code,1,0,0,0,0.0,0.5
south central,1,0,0,0,0.0,0.5
south of the border,1,0,0,0,0.0,0.5
south park bigger longer  uncut,1,0,0,0,0.0,0.5
southbound,1,0,0,0,0.0,0.5
southern comfort,2,0,0,0,0.0,0.5
southland tales,1,0,0,0,0.0,0.5
southpaw,2,0,0,0,0.0,0.5
southside with you,1,0,0,0,0.0,0.5
southwest of salem the story of the san antonio four,1,0,0,0,0.0,0.5
soylent green,1,0,0,0,0.0,0.5
spa night,1,0,0,0,0.0,0.5
space chimps,1,0,0,0,0.0,0.5
space cowboys,1,0,0,0,0.0,0.5
space dogs,1,0,0,0,0.0,0.5
space jam,1,1,0,0,1.0,1.0
space jam a new legacy,1,0,0,1,0.0,0.2
space station 3d,1,0,0,0,0.0,0.5
space station 76,1,0,0,0,0.0,0.5
spaceballs,1,0,0,0,0.0,0.5
spaceship earth,1,0,0,0,0.0,0.5
spanglish,1,0,0,0,0.0,0.5
spanking the monkey,1,0,0,0,0.0,0.5
spare parts,1,0,0,0,0.0,0.5
spark a burning man story,1,0,0,0,0.0,0.5
sparkle,1,0,0,0,0.0,0.5
spartacus,1,0,0,0,0.0,0.5
spartan,1,0,0,0,0.0,0.5
speak no evil,1,0,0,0,0.0,0.5
speaking in strings,1,0,0,0,0.0,0.5
special,1,0,0,0,0.0,0.5
special correspondents,1,0,0,0,0.0,0.5
special treatment,1,0,0,0,0.0,0.5
species,1,0,0,0,0.0,0.5
species ii,1,0,0,0,0.0,0.5
spectre,1,0,0,0,0.0,0.5
speed,1,0,0,0,0.0,0.5
speed 2 cruise control,1,0,0,0,0.0,0.5
speed racer,1,1,0,0,1.0,0.8
spellbound,2,0,0,0,0.0,0.5
spelling the dream,1,0,0,0,0.0,0.5
spencer,12,10,2,0,0.8333333333333334,0.875
spenser confidential,1,0,0,0,0.0,0.5
spettacolo,1,0,0,0,0.0,0.5
sphere,1,0,0,0,0.0,0.5
spice world,1,0,0,0,0.0,0.5
spider,1,0,0,0,0.0,0.5
spider baby or the maddest story ever told,1,0,0,0,0.0,0.5
spiderhead,1,0,1,0,0.0,0.5
spiderman,4,3,1,0,0.75,0.775
spiderman 2,3,3,0,0,1.0,0.9333333333333333
spiderman 3,2,2,0,0,1.0,0.95
spiderman far from home,1,0,1,0,0.0,0.6
spiderman homecoming,1,0,0,1,0.0,0.4
spiderman into the spiderverse,9,9,0,0,1.0,0.9444444444444444
spiderman no way home,10,6,1,2,0.6,0.8
spies in disguise,1,0,0,0,0.0,0.5
spies like us,1,0,0,0,0.0,0.5
spin me round,1,0,0,0,0.0,0.5
spinning into butter,1,0,0,0,0.0,0.5
spinning plates,1,0,0,0,0.0,0.5
spinster,1,0,0,0,0.0,0.5
spiral,1,0,0,0,0.0,0.5
spiral from the book of saw,1,0,0,0,0.0,0.5
spirit halloween the movie,1,0,0,0,0.0,0.5
spirit stallion of the cimarron,1,0,0,0,0.0,0.5
spirited,1,0,0,0,0.0,0.5
spirited away,5,5,0,0,1.0,0.9800000000000001
splendor,1,0,0,0,0.0,0.5
splendor in the grass,1,0,0,0,0.0,0.5
splice,1,0,0,0,0.0,0.5
splinter,1,0,0,0,0.0,0.5
splinterheads,1,0,0,0,0.0,0.5
splinters,1,0,0,0,0.0,0.5
split,2,1,0,1,0.5,0.65
split second,1,0,0,0,0.0,0.5
spoiler alert,1,0,0,0,0.0,0.5
spoken word,1,0,0,0,0.0,0.5
spontaneous,1,0,0,0,0.0,0.5
spoor,1,0,0,0,0.0,0.5
spotlight,1,0,0,0,0.0,0.5
spread,1,0,0,0,0.0,0.5
spree,9,5,4,0,0.5555555555555556,0.788888888888889
spring,1,0,0,0,0.0,0.5
spring blossom,1,0,0,0,0.0,0.5
spring breakers,1,1,0,0,1.0,0.8
spring fever,1,0,0,0,0.0,0.5
spring forward,1,0,0,0,0.0,0.5
spring summer fall winter and spring,1,0,0,0,0.0,0.5
springtime in a small town,1,0,0,0,0.0,0.5
spun,1,0,0,0,0.0,0.5
sputnik,1,0,0,0,0.0,0.5
spy,1,0,0,0,0.0,0.5
spy game,1,0,0,0,0.0,0.5
spy hard,1,0,0,0,0.0,0.5
spy kids,1,0,0,0,0.0,0.5
spy kids 2 island of lost dreams,1,0,0,0,0.0,0.5
spy kids 3d game over,1,0,0,0,0.0,0.5
spy kids all the time in the world,1,0,0,0,0.0,0.5
square grouper,1,0,0,0,0.0,0.5
squid game,10,5,4,0,0.5,0.7666666666666667
sr,1,0,0,0,0.0,0.5
st elmos fire,1,0,0,0,0.0,0.5
st trinians,1,0,0,0,0.0,0.5
st vincent,1,0,0,0,0.0,0.5
stage beauty,1,0,0,0,0.0,0.5
stage fright,1,0,0,0,0.0,0.5
stage mother,1,0,0,0,0.0,0.5
stagecoach,1,0,0,0,0.0,0.5
stagedoor,1,0,0,0,0.0,0.5
stalag 17,1,0,0,0,0.0,0.5
stalingrad,1,0,0,0,0.0,0.5
stalins wife,1,0,0,0,0.0,0.5
stan  ollie,1,0,0,0,0.0,0.5
stand by me,4,4,0,0,1.0,0.9
stand clear of the closing doors,1,0,0,0,0.0,0.5
stand up guys,1,0,0,0,0.0,0.5
standard operating procedure,1,0,0,0,0.0,0.5
stander,1,0,0,0,0.0,0.5
standing by yourself,1,0,0,0,0.0,0.5
standing in the shadows of motown,1,0,0,0,0.0,0.5
standing still,1,0,0,0,0.0,0.5
standing tall,1,0,0,0,0.0,0.5
standing up falling down,1,0,0,0,0.0,0.5
stanleyville,1,0,0,0,0.0,0.5
star maps,1,0,0,0,0.0,0.5
star trek,1,0,0,0,0.0,0.5
star trek beyond,1,0,0,0,0.0,0.5
star trek generations,1,0,0,0,0.0,0.5
star trek ii the wrath of khan,1,0,0,0,0.0,0.5
star trek iii the search for spock,1,0,0,0,0.0,0.5
star trek insurrection,1,0,0,0,0.0,0.5
star trek into darkness,1,0,0,0,0.0,0.5
star trek iv the voyage home,1,0,0,0,0.0,0.5
star trek nemesis,1,0,0,0,0.0,0.5
star trek the motion picture,1,0,0,0,0.0,0.5
star wars,4,4,0,0,1.0,0.95
star wars episode i  the phantom menace,1,0,0,1,0.0,0.4
star wars episode ii  attack of the clones,1,0,0,0,0.0,0.5
star wars episode ii â attack of the clones,3,0,2,1,0.0,0.5333333333333333
star wars episode iii  revenge of the sith,1,0,0,0,0.0,0.5
star wars episode iii â revenge of the sith,4,3,1,0,0.75,0.8
star wars episode v  the empire strikes back,1,0,0,0,0.0,0.5
star wars episode vi  return of the jedi,1,0,0,0,0.0,0.5
star wars episode vii  the force awakens,1,0,0,0,0.0,0.5
star wars episode viii  the last jedi,1,0,0,0,0.0,0.5
star wars the clone wars,1,0,0,0,0.0,0.5
star wars the last jedi,4,4,0,0,1.0,0.95
star wars the rise of skywalker,4,0,1,3,0.0,0.35
starbuck,1,0,0,0,0.0,0.5
stardom,1,0,0,0,0.0,0.5
stardust,1,1,0,0,1.0,0.9
stargate,1,0,0,0,0.0,0.5
stargirl,1,0,0,0,0.0,0.5
starless dreams,1,0,0,0,0.0,0.5
starman,1,0,0,0,0.0,0.5
starred up,1,0,0,0,0.0,0.5
stars at noon,1,0,0,0,0.0,0.5
stars in shorts,1,0,0,0,0.0,0.5
starship troopers,1,0,0,0,0.0,0.5
starsky  hutch,1,0,0,0,0.0,0.5
starter for 10,1,0,0,0,0.0,0.5
starting out in the evening,1,0,0,0,0.0,0.5
startupcom,1,0,0,0,0.0,0.5
starving the beast,1,0,0,0,0.0,0.5
state and main,1,0,0,0,0.0,0.5
state funeral,1,0,0,0,0.0,0.5
state like sleep,1,0,0,0,0.0,0.5
state of grace,1,0,0,0,0.0,0.5
state of play,1,0,0,0,0.0,0.5
state property,1,0,0,0,0.0,0.5
state property 2,1,0,0,0,0.0,0.5
staten island summer,1,0,0,0,0.0,0.5
states of control,1,0,0,0,0.0,0.5
stateside,1,0,0,0,0.0,0.5
stations of the cross,1,0,0,0,0.0,0.5
stay,2,0,0,0,0.0,0.5
stay alive,1,0,0,0,0.0,0.5
stay hungry,1,0,0,0,0.0,0.5
stay tuned,1,0,0,0,0.0,0.5
staying alive,1,0,0,0,0.0,0.5
staying vertical,1,0,0,0,0.0,0.5
steal this movie,1,0,0,0,0.0,0.5
stealing beauty,1,0,0,0,0.0,0.5
stealing harvard,1,0,0,0,0.0,0.5
stealing the fire,1,0,0,0,0.0,0.5
stealth,1,0,0,0,0.0,0.5
steamboy,1,0,0,0,0.0,0.5
steel,1,0,0,0,0.0,0.5
steel city,1,0,0,0,0.0,0.5
steep,1,0,0,0,0.0,0.5
stefan zweig farewell to europe,1,0,0,0,0.0,0.5
stella,1,0,0,0,0.0,0.5
stella street,1,0,0,0,0.0,0.5
step,1,0,0,0,0.0,0.5
step up 2 the streets,1,0,0,0,0.0,0.5
step up 3d,1,0,0,0,0.0,0.5
step up all in,1,0,0,0,0.0,0.5
step up to the plate,1,0,0,0,0.0,0.5
stephanie daley,1,0,0,0,0.0,0.5
stepmom,1,0,0,0,0.0,0.5
steve  sky,1,0,0,0,0.0,0.5
steve jobs,1,0,0,0,0.0,0.5
steve jobs man in the machine,1,0,0,0,0.0,0.5
steve mcqueen the man  le mans,1,0,0,0,0.0,0.5
stevie,1,0,0,0,0.0,0.5
stick,1,0,0,0,0.0,0.5
still alice,1,0,0,0,0.0,0.5
still life,2,0,0,0,0.0,0.5
still of the night,1,0,0,0,0.0,0.5
still the water,1,0,0,0,0.0,0.5
still walking,1,0,0,0,0.0,0.5
stillwater,1,0,0,0,0.0,0.5
stinking heaven,1,0,0,0,0.0,0.5
stir of echoes,1,0,0,0,0.0,0.5
stockholm,1,0,0,0,0.0,0.5
stoker,2,1,0,0,0.5,0.9
stolen,1,0,0,0,0.0,0.5
stolen childhoods,1,0,0,0,0.0,0.5
stolen seas,1,0,0,0,0.0,0.5
stolen summer,1,0,0,0,0.0,0.5
stomp the yard,1,0,0,0,0.0,0.5
stone cold,1,0,0,0,0.0,0.5
stoned,1,0,0,0,0.0,0.5
stonehearst asylum,1,0,0,0,0.0,0.5
stonewall,1,0,0,0,0.0,0.5
stonewall uprising,1,0,0,0,0.0,0.5
stonewalling,1,0,0,0,0.0,0.5
stop making sense,1,1,0,0,1.0,1.0
stoploss,1,0,0,0,0.0,0.5
stories we tell,1,0,0,0,0.0,0.5
storm boy,1,0,0,0,0.0,0.5
storm surfers 3d,1,0,0,0,0.0,0.5
storytelling,1,0,0,0,0.0,0.5
stowaway,1,0,0,0,0.0,0.5
straight outta compton,1,0,0,0,0.0,0.5
straight time,1,0,0,0,0.0,0.5
straight up,1,0,0,0,0.0,0.5
stranded,1,0,0,0,0.0,0.5
stranded ive come from a plane that crashed on the mountains,1,0,0,0,0.0,0.5
strange but true,1,0,0,0,0.0,0.5
strange culture,1,0,0,0,0.0,0.5
strange days,1,0,0,0,0.0,0.5
strange fits of passion,1,0,0,0,0.0,0.5
strange fruit,1,0,0,0,0.0,0.5
strange magic,1,0,0,0,0.0,0.5
strange powers stephin merritt and the magnetic fields,1,0,0,0,0.0,0.5
strange weather,1,0,0,0,0.0,0.5
strange wilderness,1,0,0,0,0.0,0.5
strange world,1,0,0,0,0.0,0.5
stranger than fiction,1,0,0,0,0.0,0.5
stranger than paradise,1,0,0,0,0.0,0.5
strangers on a train,1,0,0,0,0.0,0.5
strangers with candy,1,0,0,0,0.0,0.5
stratton,1,0,0,0,0.0,0.5
straw dogs,2,0,0,0,0.0,0.5
strawberry mansion,1,0,0,0,0.0,0.5
stray,1,0,0,0,0.0,0.5
stray dog,1,0,0,0,0.0,0.5
stray dogs,1,0,0,0,0.0,0.5
stray dolls,1,0,0,0,0.0,0.5
strayed,1,0,0,0,0.0,0.5
street fight,1,0,0,0,0.0,0.5
street fighter,1,0,0,0,0.0,0.5
street fighter the legend of chunli,1,0,0,0,0.0,0.5
street gang how we got to sesame street,1,0,0,0,0.0,0.5
street kings,1,0,0,0,0.0,0.5
streets of fire,1,0,0,0,0.0,0.5
strictly ballroom,1,0,0,0,0.0,0.5
strike,1,0,0,0,0.0,0.5
strike a pose,1,0,0,0,0.0,0.5
striking distance,1,0,0,0,0.0,0.5
stripes,1,0,0,0,0.0,0.5
strippers,1,0,0,0,0.0,0.5
striptease,1,0,0,0,0.0,0.5
strong island,1,0,0,0,0.0,0.5
stronger,1,0,0,0,0.0,0.5
strongman,1,0,0,0,0.0,0.5
struck by lightning,1,0,0,0,0.0,0.5
stuart little,1,0,0,1,0.0,0.2
stuart saves his family,1,0,0,0,0.0,0.5
stuber,1,0,0,0,0.0,0.5
stuck,1,0,0,0,0.0,0.5
studio 54,1,0,0,0,0.0,0.5
studio 666,1,0,0,0,0.0,0.5
stung,1,0,0,0,0.0,0.5
stupid boy,1,0,0,0,0.0,0.5
styx,1,0,0,0,0.0,0.5
sublet,1,0,0,0,0.0,0.5
submarine,2,2,0,0,1.0,0.8
submission,1,0,0,0,0.0,0.5
suburban birds,1,0,0,0,0.0,0.5
suburbia,1,0,0,0,0.0,0.5
suburbicon,1,0,0,0,0.0,0.5
such a long journey,1,0,0,0,0.0,0.5
suddenly,1,0,0,0,0.0,0.5
suffragette,1,0,0,0,0.0,0.5
sugar,1,0,0,0,0.0,0.5
sugar  spice,1,0,0,0,0.0,0.5
sugar hill,1,0,0,0,0.0,0.5
sugar town,1,0,0,0,0.0,0.5
suicide kings,1,0,0,0,0.0,0.5
suicide squad,1,0,0,1,0.0,0.2
suite française,1,0,0,0,0.0,0.5
sukiyaki western django,1,0,0,0,0.0,0.5
summer 1993,1,0,0,0,0.0,0.5
summer catch,1,0,0,0,0.0,0.5
summer hours,1,0,0,0,0.0,0.5
summer night,1,0,0,0,0.0,0.5
summer of 42,1,0,0,0,0.0,0.5
summer of 84,1,0,0,0,0.0,0.5
summer of 85,1,0,0,0,0.0,0.5
summer of sam,1,0,0,0,0.0,0.5
summer of soul or when the revolution could not be televised,1,0,0,0,0.0,0.5
summer palace,1,0,0,0,0.0,0.5
summer rental,1,0,0,0,0.0,0.5
summer school,1,0,0,0,0.0,0.5
summer storm,1,0,0,0,0.0,0.5
summer wars,1,0,0,0,0.0,0.5
summering,1,0,0,0,0.0,0.5
summertime,2,0,0,0,0.0,0.5
sun children,1,0,0,0,0.0,0.5
sun choke,1,0,0,0,0.0,0.5
sun dont shine,1,0,0,0,0.0,0.5
sunlight jr,1,0,0,0,0.0,0.5
sunrise,1,0,0,0,0.0,0.5
sunset boulevard,1,0,0,0,0.0,0.5
sunset edge,1,0,0,0,0.0,0.5
sunset song,1,0,0,0,0.0,0.5
sunset story,1,0,0,0,0.0,0.5
sunset strip,1,0,0,0,0.0,0.5
sunshine,2,0,0,0,0.0,0.5
sunshine cleaning,1,0,0,0,0.0,0.5
sunshine on leith,1,0,0,0,0.0,0.5
sunshine state,1,0,0,0,0.0,0.5
sunshine superman,1,0,0,0,0.0,0.5
suntan,1,0,0,0,0.0,0.5
super,1,0,0,0,0.0,0.5
super 8,1,0,0,0,0.0,0.5
super dark times,1,0,0,0,0.0,0.5
super mario bros,1,0,0,0,0.0,0.5
super size me,1,0,0,0,0.0,0.5
super size me 2 holy chicken,1,0,0,0,0.0,0.5
super troopers,1,0,0,0,0.0,0.5
super troopers 2,1,0,0,0,0.0,0.5
superbabies baby geniuses 2,1,0,0,0,0.0,0.5
superbad,6,4,2,0,0.6666666666666666,0.8666666666666666
supercapitalist,1,0,0,0,0.0,0.5
supercross,1,0,0,0,0.0,0.5
superfly,1,0,0,0,0.0,0.5
supergirl,1,0,0,0,0.0,0.5
superhero movie,1,0,0,0,0.0,0.5
superior,1,0,0,0,0.0,0.5
superman,1,0,0,0,0.0,0.5
superman ii,1,0,0,0,0.0,0.5
superman iii,1,0,0,0,0.0,0.5
superman iv the quest for peace,1,0,0,0,0.0,0.5
superman returns,1,0,0,0,0.0,0.5
supermensch the legend of shep gordon,1,0,0,0,0.0,0.5
supernova,2,0,0,0,0.0,0.5
superpower,1,0,0,0,0.0,0.5
superstar,1,0,0,0,0.0,0.5
superstar in a housedress,1,0,0,0,0.0,0.5
supporting characters,1,0,0,0,0.0,0.5
surf nazis must die,1,0,0,0,0.0,0.5
surfs up,1,0,0,0,0.0,0.5
surfwise,1,0,0,0,0.0,0.5
surfâs up,1,1,0,0,1.0,0.9
surrogates,1,0,0,0,0.0,0.5
surviving christmas,1,0,0,0,0.0,0.5
surviving eden,1,0,0,0,0.0,0.5
surviving picasso,1,0,0,0,0.0,0.5
surviving progress,1,0,0,0,0.0,0.5
surviving the game,1,0,0,0,0.0,0.5
survivor,1,0,0,0,0.0,0.5
sushi the global catch,1,0,0,0,0.0,0.5
suspect,1,0,0,0,0.0,0.5
suspect zero,1,0,0,0,0.0,0.5
suspended animation,1,0,0,0,0.0,0.5
suspiria,14,10,2,0,0.7142857142857143,0.8666666666666666
suspiria 19 6   6,1,1,0,0,1.0,1.0
swallow,1,0,0,0,0.0,0.5
swallows and amazons,1,0,0,0,0.0,0.5
swan song,1,0,0,0,0.0,0.5
swat,1,0,0,0,0.0,0.5
sweat,1,0,0,0,0.0,0.5
sweeney todd the demon barber of fleet street,1,0,0,0,0.0,0.5
sweet and lowdown,1,0,0,0,0.0,0.5
sweet bird of youth,1,0,0,0,0.0,0.5
sweet girl,1,0,0,0,0.0,0.5
sweet home alabama,1,0,0,0,0.0,0.5
sweet november,1,0,0,0,0.0,0.5
sweet sixteen,1,0,0,0,0.0,0.5
sweet sweetbacks baadasssss song,1,0,0,0,0.0,0.5
sweet thing,1,0,0,0,0.0,0.5
sweetgrass,1,0,0,0,0.0,0.5
sweetheart,1,0,0,0,0.0,0.5
sweetie,1,0,0,0,0.0,0.5
swept away,1,0,0,0,0.0,0.5
swerve,1,0,0,0,0.0,0.5
swimfan,1,0,0,0,0.0,0.5
swimming,1,0,0,0,0.0,0.5
swimming out till the sea turns blue,1,0,0,0,0.0,0.5
swimming to cambodia,1,0,0,0,0.0,0.5
swimming upstream,1,0,0,0,0.0,0.5
swimming with men,1,0,0,0,0.0,0.5
swing,1,0,0,0,0.0,0.5
swing kids,1,0,0,0,0.0,0.5
swing shift,1,0,0,0,0.0,0.5
swing time,1,0,0,0,0.0,0.5
swing vote,1,0,0,0,0.0,0.5
swingers,1,0,0,0,0.0,0.5
swiri,1,0,0,0,0.0,0.5
swiss army man,3,2,1,0,0.6666666666666666,0.8333333333333334
switch,1,0,0,0,0.0,0.5
sword of trust,1,0,0,0,0.0,0.5
swordfish,1,0,0,0,0.0,0.5
sworn virgin,1,0,0,0,0.0,0.5
sx acts,1,0,0,0,0.0,0.5
sydney white,1,0,0,0,0.0,0.5
sylvia,1,0,0,0,0.0,0.5
sylvies love,1,0,0,0,0.0,0.5
sylvio,1,0,0,0,0.0,0.5
sympathy for delicious,1,0,0,0,0.0,0.5
sympathy for mr vengeance,1,0,0,0,0.0,0.5
synchronic,1,0,0,0,0.0,0.5
synecdoche new york,1,1,0,0,1.0,1.0
séraphine,1,0,0,0,0.0,0.5
sólo con tu pareja,1,0,0,0,0.0,0.5
t2 trainspotting,1,0,0,0,0.0,0.5
tab hunter confidential,1,0,0,0,0.0,0.5
table 19,1,0,0,0,0.0,0.5
tabloid,1,0,0,0,0.0,0.5
taboo,1,0,0,0,0.0,0.5
tabu,1,0,0,0,0.0,0.5
tadpole,1,0,0,0,0.0,0.5
tai chi zero,1,0,0,0,0.0,0.5
take,1,0,0,0,0.0,0.5
take care,1,0,0,0,0.0,0.5
take me,1,0,0,0,0.0,0.5
take me home tonight,1,0,0,0,0.0,0.5
take me out to the ball game,1,0,0,0,0.0,0.5
take me somewhere nice,1,0,0,0,0.0,0.5
take me to the river,2,0,0,0,0.0,0.5
take my eyes,1,0,0,0,0.0,0.5
take shelter,1,0,0,0,0.0,0.5
take the lead,1,0,0,0,0.0,0.5
take this waltz,1,0,0,0,0.0,0.5
taken 2,1,0,0,0,0.0,0.5
taken 3,1,0,0,0,0.0,0.5
takers,1,0,0,0,0.0,0.5
taking care of business,1,0,0,0,0.0,0.5
taking sides,1,0,0,0,0.0,0.5
taking woodstock,1,0,0,0,0.0,0.5
tale of tales,1,0,0,0,0.0,0.5
tales from earthsea,1,0,0,0,0.0,0.5
tales from the crypt demon knight,1,0,0,0,0.0,0.5
tales from the crypt presents bordello of blood,1,0,0,0,0.0,0.5
tales from the gimli hospital,1,0,0,0,0.0,0.5
tales from the golden age,1,0,0,0,0.0,0.5
tales of the grim sleeper,1,0,0,0,0.0,0.5
tales of the night,1,0,0,0,0.0,0.5
tales of the rat fink,1,0,0,0,0.0,0.5
talk radio,1,0,0,0,0.0,0.5
talk to her,1,0,0,0,0.0,0.5
talk to me,2,0,0,0,0.0,0.5
tall girl,3,0,0,2,0.0,0.15
talladega nights the ballad of ricky bobby,1,0,0,0,0.0,0.5
tamala 2010 a punk cat in space,1,0,0,0,0.0,0.5
tamara,1,0,0,0,0.0,0.5
tamara drewe,1,0,0,0,0.0,0.5
tammy,1,0,0,0,0.0,0.5
tampopo,1,0,0,0,0.0,0.5
tangerines,1,0,0,0,0.0,0.5
tangled,3,2,1,0,0.6666666666666666,0.9
tango  cash,1,0,0,0,0.0,0.5
tank,1,0,0,0,0.0,0.5
tank 432,1,0,0,0,0.0,0.5
tank girl,1,0,0,0,0.0,0.5
tanna,1,0,0,0,0.0,0.5
tanner hall,1,0,0,0,0.0,0.5
tantura,1,0,0,0,0.0,0.5
tape,2,0,0,0,0.0,0.5
target,1,0,0,0,0.0,0.5
tarnation,1,0,0,0,0.0,0.5
tarzan,1,0,0,0,0.0,0.5
tarzan the ape man,1,0,0,0,0.0,0.5
taste of cherry,1,0,0,0,0.0,0.5
tasting menu,1,0,0,0,0.0,0.5
tattoo,1,0,0,0,0.0,0.5
taurus,1,0,0,0,0.0,0.5
taxi,1,0,0,0,0.0,0.5
taxi driver,7,6,1,0,0.8571428571428571,0.9
taxi to the dark side,1,0,0,0,0.0,0.5
taxidermia,1,0,0,0,0.0,0.5
tchaikovskys wife,1,0,0,0,0.0,0.5
tchoupitoulas,1,0,0,0,0.0,0.5
te ata,1,0,0,0,0.0,0.5
tea with mussolini,1,0,0,0,0.0,0.5
tea with the dames,1,0,0,0,0.0,0.5
teachers,1,0,0,0,0.0,0.5
teachers pet,1,0,0,0,0.0,0.5
teaching mrs tingle,1,0,0,0,0.0,0.5
team america world police,1,0,0,0,0.0,0.5
tears of the black tiger,1,0,0,0,0.0,0.5
ted,1,0,0,0,0.0,0.5
ted 2,1,0,0,0,0.0,0.5
ted bundy,1,0,0,0,0.0,0.5
ted k,1,0,0,0,0.0,0.5
teddy bear,1,0,0,0,0.0,0.5
teddy bears picnic,1,0,0,0,0.0,0.5
teen spirit,1,0,0,0,0.0,0.5
teen titans go to the movies,1,0,0,0,0.0,0.5
teen wolf the movie,1,0,0,0,0.0,0.5
teenage,1,0,0,0,0.0,0.5
teenage mutant ninja turtles,2,0,0,0,0.0,0.5
teenage mutant ninja turtles ii the secret of the ooze,1,0,0,0,0.0,0.5
teenage mutant ninja turtles iii,1,0,0,0,0.0,0.5
teenage mutant ninja turtles out of the shadows,1,0,0,0,0.0,0.5
teeth,1,0,0,0,0.0,0.5
teknolust,1,0,0,0,0.0,0.5
tel aviv on fire,1,0,0,0,0.0,0.5
tell it to the bees,1,0,0,0,0.0,0.5
tell me something,1,0,0,0,0.0,0.5
tell no one,1,0,0,0,0.0,0.5
tell them who you are,1,0,0,0,0.0,0.5
telling lies in america,1,0,0,0,0.0,0.5
tempestad,1,0,0,0,0.0,0.5
ten thousand saints,1,0,0,0,0.0,0.5
tenacious d in the pick of destiny,1,0,0,0,0.0,0.5
tender mercies,1,0,0,0,0.0,0.5
tenebrae,1,0,0,0,0.0,0.5
tenet,11,0,8,3,0.0,0.509090909090909
tennessee,1,0,0,0,0.0,0.5
tequila sunrise,1,0,0,0,0.0,0.5
terminal,1,0,0,0,0.0,0.5
terminator 2 judgment day,1,0,0,0,0.0,0.5
terminator 3 rise of the machines,1,0,0,0,0.0,0.5
terminator genisys,1,0,0,0,0.0,0.5
terminator salvation,1,0,0,0,0.0,0.5
terms and conditions may apply,1,0,0,0,0.0,0.5
terms of endearment,1,0,0,0,0.0,0.5
terraferma,1,0,0,0,0.0,0.5
terri,1,0,0,0,0.0,0.5
terribly happy,1,0,0,0,0.0,0.5
terrifier 2,1,0,0,1,0.0,0.4
terror,1,0,0,0,0.0,0.5
terror train,1,0,0,0,0.0,0.5
tesla,1,0,0,0,0.0,0.5
tesnota closeness,1,0,0,0,0.0,0.5
tess,1,0,0,0,0.0,0.5
test,1,0,0,0,0.0,0.5
testament,1,0,0,0,0.0,0.5
testament of orpheus,1,0,0,0,0.0,0.5
testament of youth,1,0,0,0,0.0,0.5
testosterone,1,0,0,0,0.0,0.5
tetris,1,0,0,0,0.0,0.5
tetro,1,0,0,0,0.0,0.5
tex,1,0,0,0,0.0,0.5
texas chainsaw 3d,1,0,0,0,0.0,0.5
texas chainsaw massacre,2,0,0,2,0.0,0.25
texas chainsaw massacre the next generation,1,0,0,0,0.0,0.5
texas killing fields,1,0,0,0,0.0,0.5
texas rangers,1,0,0,0,0.0,0.5
thank you for smoking,1,0,0,0,0.0,0.5
that awkward moment,1,0,0,0,0.0,0.5
that darn cat,1,0,0,0,0.0,0.5
that demon within,1,0,0,0,0.0,0.5
that man peter berlin,1,0,0,0,0.0,0.5
that summer,1,0,0,0,0.0,0.5
that thing you do,1,0,0,0,0.0,0.5
thats entertainment,1,0,0,0,0.0,0.5
thats entertainment iii,1,0,0,0,0.0,0.5
thats entertainment part ii,1,0,0,0,0.0,0.5
thats my boy,1,0,0,0,0.0,0.5
thats the way i like it,1,0,0,0,0.0,0.5
thats what i am,1,0,0,0,0.0,0.5
thats what she said,1,0,0,0,0.0,0.5
the 100yearold man who climbed out the window and disappeared,1,0,0,0,0.0,0.5
the 11th hour,2,0,0,0,0.0,0.5
the 12th man,1,0,0,0,0.0,0.5
the 13th warrior,1,0,0,0,0.0,0.5
the 1517 to paris,1,0,0,0,0.0,0.5
the 24th,1,0,0,0,0.0,0.5
the 33,1,0,0,0,0.0,0.5
the 39 steps,1,0,0,0,0.0,0.5
the 40 year old virgin,1,0,0,0,0.0,0.5
the 5th wave,1,0,0,0,0.0,0.5
the 6th day,1,0,0,0,0.0,0.5
the 9th life of louis drax,1,0,0,0,0.0,0.5
the abandoned,1,0,0,0,0.0,0.5
the abcs of death,1,0,0,0,0.0,0.5
the abyss,1,0,0,0,0.0,0.5
the accountant,1,0,0,0,0.0,0.5
the accused,1,0,0,0,0.0,0.5
the acid house,1,0,0,0,0.0,0.5
the act of killing,1,0,0,0,0.0,0.5
the adam project,3,0,2,1,0.0,0.4666666666666667
the addams family,2,0,2,0,0.0,0.7
the addams family 2,1,0,0,0,0.0,0.5
the adderall diaries,1,0,0,0,0.0,0.5
the adjustment bureau,1,0,0,0,0.0,0.5
the adventurer the curse of the midas box,1,0,0,0,0.0,0.5
the adventures of baron munchausen,1,0,0,0,0.0,0.5
the adventures of elmo in grouchland,1,0,0,0,0.0,0.5
the adventures of felix,1,0,0,0,0.0,0.5
the adventures of milo and otis,1,0,0,0,0.0,0.5
the adventures of pluto nash,1,0,0,0,0.0,0.5
the adventures of priscilla queen of the desert,1,0,0,0,0.0,0.5
the adventures of rocky  bullwinkle,1,0,0,0,0.0,0.5
the adventures of sharkboy and lavagirl,1,1,0,0,1.0,1.0
the adventures of sharkboy and lavagirl 3d,1,0,0,0,0.0,0.5
the adventures of tintin,1,0,0,0,0.0,0.5
the aeronauts,1,0,0,0,0.0,0.5
the affair,1,0,0,0,0.0,0.5
the affair of the necklace,1,0,0,0,0.0,0.5
the african desperate,1,0,0,0,0.0,0.5
the age of adaline,1,0,0,0,0.0,0.5
the age of shadows,1,0,0,0,0.0,0.5
the aggressives,1,0,0,0,0.0,0.5
the agony and the ecstasy of phil spector,1,0,0,0,0.0,0.5
the agronomist,1,0,0,0,0.0,0.5
the air i breathe,1,0,0,0,0.0,0.5
the alamo,1,0,0,0,0.0,0.5
the alpinist,1,0,0,0,0.0,0.5
the amati girls,1,0,0,0,0.0,0.5
the amazing johnathan documentary,1,0,0,0,0.0,0.5
the amazing maurice,1,0,0,0,0.0,0.5
the amazing spiderman,3,1,2,0,0.3333333333333333,0.6333333333333333
the amazing spiderman 2,1,0,0,0,0.0,0.5
the amazing truth about queen raquela,1,0,0,0,0.0,0.5
the ambassador,1,0,0,0,0.0,0.5
the american,1,0,0,0,0.0,0.5
the american astronaut,1,0,0,0,0.0,0.5
the american friend,1,0,0,0,0.0,0.5
the american meme,1,0,0,0,0.0,0.5
the americanization of emily,1,0,0,0,0.0,0.5
the amityville horror,2,0,0,0,0.0,0.5
the amusement park,1,0,0,0,0.0,0.5
the anarchist cookbook,1,0,0,0,0.0,0.5
the anderson tapes,1,0,0,0,0.0,0.5
the andromeda strain,1,0,0,0,0.0,0.5
the angels share,1,0,0,0,0.0,0.5
the angriest man in brooklyn,1,0,0,0,0.0,0.5
the angry birds movie,1,0,0,0,0.0,0.5
the animal,1,0,0,0,0.0,0.5
the animation show 2005,1,0,0,0,0.0,0.5
the anniversary party,1,0,0,0,0.0,0.5
the anomaly,1,0,0,0,0.0,0.5
the answer man,1,0,0,0,0.0,0.5
the apartment,1,1,0,0,1.0,1.0
the apology,1,0,0,0,0.0,0.5
the apostate,1,0,0,0,0.0,0.5
the apostle,1,0,0,0,0.0,0.5
the apparition,1,0,0,0,0.0,0.5
the arbor,1,0,0,0,0.0,0.5
the architect,1,0,0,0,0.0,0.5
the ardennes,1,0,0,0,0.0,0.5
the aristocats,1,0,0,0,0.0,0.5
the aristocrats,1,0,0,0,0.0,0.5
the armor of light,1,0,0,0,0.0,0.5
the armstrong lie,1,0,0,0,0.0,0.5
the army of crime,1,0,0,0,0.0,0.5
the arrival,1,0,0,0,0.0,0.5
the art of getting by,1,0,0,0,0.0,0.5
the art of racing in the rain,1,0,0,0,0.0,0.5
the art of selfdefense,1,0,0,0,0.0,0.5
the art of the steal,1,0,0,0,0.0,0.5
the art of war,1,0,0,0,0.0,0.5
the artist,1,0,0,0,0.0,0.5
the artist and the model,1,0,0,0,0.0,0.5
the artists wife,1,0,0,0,0.0,0.5
the aryan couple,1,0,0,0,0.0,0.5
the aspern papers,1,0,0,0,0.0,0.5
the asphalt jungle,1,0,0,0,0.0,0.5
the assassin,1,0,0,0,0.0,0.5
the assassination of jesse james by the coward robert ford,1,0,0,0,0.0,0.5
the assassination of richard nixon,1,0,0,0,0.0,0.5
the assault,1,0,0,0,0.0,0.5
the assistant,1,0,0,0,0.0,0.5
the astronaut farmer,1,0,0,0,0.0,0.5
the astronauts wife,1,0,0,0,0.0,0.5
the ateam,1,0,0,0,0.0,0.5
the attack,1,0,0,0,0.0,0.5
the audition,1,0,0,0,0.0,0.5
the aura,1,0,0,0,0.0,0.5
the autobiography of miss jane pittman,1,0,0,0,0.0,0.5
the autobiography of nicolae ceausescu,1,0,0,0,0.0,0.5
the automat,1,0,0,0,0.0,0.5
the autopsy of jane doe,1,0,0,0,0.0,0.5
the avengers,1,0,0,0,0.0,0.5
the awful truth,1,0,0,0,0.0,0.5
the baader meinhof complex,1,0,0,0,0.0,0.5
the babadook,1,0,0,0,0.0,0.5
the babymakers,1,0,0,0,0.0,0.5
the babysitters,1,0,0,0,0.0,0.5
the babysitters club,1,0,0,0,0.0,0.5
the bachelor,1,0,0,0,0.0,0.5
the backyard,1,0,0,0,0.0,0.5
the bad and the beautiful,1,0,0,0,0.0,0.5
the bad batch,1,0,0,0,0.0,0.5
the bad guys,2,1,1,0,0.5,0.8
the bad kids,1,0,0,0,0.0,0.5
the bad news bears,1,0,0,0,0.0,0.5
the bad seed,1,0,0,0,0.0,0.5
the bag man,1,0,0,0,0.0,0.5
the ballad of bering strait,1,0,0,0,0.0,0.5
the ballad of buster scruggs,1,0,0,0,0.0,0.5
the ballad of genesis and lady jaye,1,0,0,0,0.0,0.5
the ballad of jack and rose,1,0,0,0,0.0,0.5
the ballad of lefty brown,1,0,0,0,0.0,0.5
the ballad of ramblin jack,1,0,0,0,0.0,0.5
the band wagon,1,0,0,0,0.0,0.5
the bands visit,1,0,0,0,0.0,0.5
the bang bang club,1,0,0,0,0.0,0.5
the banger sisters,1,0,0,0,0.0,0.5
the banishing,1,0,0,0,0.0,0.5
the banishment,1,0,0,0,0.0,0.5
the bank,1,0,0,0,0.0,0.5
the bank job,1,0,0,0,0.0,0.5
the banker,1,0,0,0,0.0,0.5
the banshees of inisherin,20,17,1,2,0.85,0.8150000000000001
the barbarian invasions,1,0,0,0,0.0,0.5
the barber,1,0,0,0,0.0,0.5
the barefoot contessa,1,0,0,0,0.0,0.5
the basketball diaries,1,0,0,0,0.0,0.5
the batman,22,18,3,0,0.8181818181818182,0.8380952380952381
the battle of shaker heights,1,0,0,0,0.0,0.5
the baxter,1,0,0,0,0.0,0.5
the bay,1,0,0,0,0.0,0.5
the beach,1,0,0,0,0.0,0.5
the beach bum,1,0,0,0,0.0,0.5
the beach house,1,0,0,0,0.0,0.5
the beaches of agnès,1,0,0,0,0.0,0.5
the bear,1,0,0,0,0.0,0.5
the beat that my heart skipped,1,0,0,0,0.0,0.5
the beatles eight days a week  the touring years,1,0,0,0,0.0,0.5
the beatles get back,1,0,0,0,0.0,0.5
the beautiful city,1,0,0,0,0.0,0.5
the beauty academy of kabul,1,0,0,0,0.0,0.5
the beaver,1,0,0,0,0.0,0.5
the bedroom window,1,0,0,0,0.0,0.5
the bee gees how can you mend a broken heart,1,0,0,0,0.0,0.5
the beguiled,1,0,0,0,0.0,0.5
the believer,1,0,0,0,0.0,0.5
the believers,1,0,0,0,0.0,0.5
the belko experiment,1,0,0,0,0.0,0.5
the bellboy,1,0,0,0,0.0,0.5
the berlin file,1,0,0,0,0.0,0.5
the best and the brightest,1,0,0,0,0.0,0.5
the best exotic marigold hotel,1,0,0,0,0.0,0.5
the best little whorehouse in texas,1,0,0,0,0.0,0.5
the best man,1,0,0,0,0.0,0.5
the best man holiday,1,0,0,0,0.0,0.5
the best of enemies,1,0,0,0,0.0,0.5
the best of me,1,0,0,0,0.0,0.5
the best of times,1,0,0,0,0.0,0.5
the best offer,1,0,0,0,0.0,0.5
the best years of our lives,1,0,0,0,0.0,0.5
the beta test,1,0,0,0,0.0,0.5
the betrayal  nerakhoon,1,0,0,0,0.0,0.5
the better angels,1,0,0,0,0.0,0.5
the beverly hillbillies,1,0,0,0,0.0,0.5
the bfg,1,0,0,0,0.0,0.5
the big bang,1,0,0,0,0.0,0.5
the big bounce,1,0,0,0,0.0,0.5
the big chill,1,0,0,0,0.0,0.5
the big country,1,0,0,0,0.0,0.5
the big easy,1,0,0,0,0.0,0.5
the big fix,1,0,0,0,0.0,0.5
the big hit,1,0,0,0,0.0,0.5
the big kahuna,1,0,0,0,0.0,0.5
the big lebowski,2,2,0,0,1.0,0.85
the big picture,2,0,0,0,0.0,0.5
the big risk,1,0,0,0,0.0,0.5
the big short,1,0,1,0,0.0,0.6
the big sick,1,1,0,0,1.0,0.8
the big town,1,0,0,0,0.0,0.5
the big uneasy,1,0,0,0,0.0,0.5
the big wedding,1,0,0,0,0.0,0.5
the big year,1,0,0,0,0.0,0.5
the biggest little farm,1,0,0,0,0.0,0.5
the birds,1,0,0,0,0.0,0.5
the bishops wife,1,0,0,0,0.0,0.5
the bitter tears of petra von kant,1,0,0,0,0.0,0.5
the black balloon,1,0,0,0,0.0,0.5
the black cauldron,1,0,0,0,0.0,0.5
the black dahlia,1,0,0,0,0.0,0.5
the black hole,1,0,0,0,0.0,0.5
the black panthers vanguard of the revolution,1,0,0,0,0.0,0.5
the black phone,9,5,3,0,0.5555555555555556,0.7
the black power mixtape 19671975,1,0,0,0,0.0,0.5
the black stallion,1,0,0,0,0.0,0.5
the black stallion returns,1,0,0,0,0.0,0.5
the black tulip,1,0,0,0,0.0,0.5
the black waters of echos pond,1,0,0,0,0.0,0.5
the blair witch project,5,2,2,1,0.4,0.6799999999999999
the blazing world,1,0,0,0,0.0,0.5
the bleeding edge,1,0,0,0,0.0,0.5
the blind man who did not want to see titanic,1,0,0,0,0.0,0.5
the blind side,1,0,0,0,0.0,0.5
the blind swordsman zatoichi,1,0,0,0,0.0,0.5
the bling ring,3,1,2,0,0.3333333333333333,0.7333333333333333
the blob,1,0,0,0,0.0,0.5
the blonds,1,0,0,0,0.0,0.5
the blood of a poet,1,0,0,0,0.0,0.5
the blood of my brother,1,0,0,0,0.0,0.5
the blossoming of maximo oliveros,1,0,0,0,0.0,0.5
the blue angel,1,0,0,0,0.0,0.5
the blue caftan,1,0,0,0,0.0,0.5
the blue lagoon,1,0,0,0,0.0,0.5
the blue room,1,0,0,0,0.0,0.5
the blues brothers,1,0,0,0,0.0,0.5
the bobs burgers movie,1,0,0,0,0.0,0.5
the bobâs burgers movie,3,3,0,0,1.0,0.8
the body,1,0,0,0,0.0,0.5
the body remembers when the world broke open,1,0,0,0,0.0,0.5
the body snatcher,1,0,0,0,0.0,0.5
the bodyguard,1,0,0,0,0.0,0.5
the bone collector,1,0,0,0,0.0,0.5
the bonfire of the vanities,1,0,0,0,0.0,0.5
the book of eli,1,0,0,0,0.0,0.5
the book of henry,1,0,0,0,0.0,0.5
the book of life,1,0,0,0,0.0,0.5
the book thief,1,0,0,0,0.0,0.5
the bookshop,1,0,0,0,0.0,0.5
the boondock saints ii all saints day,1,0,0,0,0.0,0.5
the border,1,0,0,0,0.0,0.5
the boss baby,1,0,0,0,0.0,0.5
the boss baby family business,1,0,0,1,0.0,0.3
the boss of it all,1,0,0,0,0.0,0.5
the bostonians,1,0,0,0,0.0,0.5
the bounty,1,0,0,0,0.0,0.5
the bounty hunter,1,0,0,0,0.0,0.5
the bourne identity,1,0,0,0,0.0,0.5
the bourne legacy,1,0,0,0,0.0,0.5
the bourne ultimatum,1,0,0,0,0.0,0.5
the box,1,0,0,0,0.0,0.5
the boxer,1,0,0,0,0.0,0.5
the boxtrolls,1,0,0,0,0.0,0.5
the boy,2,0,0,0,0.0,0.5
the boy downstairs,1,0,0,0,0.0,0.5
the boy from medellín,1,0,0,0,0.0,0.5
the boy in the striped pajamas,1,0,0,0,0.0,0.5
the boy next door,1,0,0,0,0.0,0.5
the boy who harnessed the wind,1,0,0,0,0.0,0.5
the boys are back,1,0,0,0,0.0,0.5
the boys from brazil,1,0,0,0,0.0,0.5
the boys in company c,1,0,0,0,0.0,0.5
the boys in the band,1,0,0,0,0.0,0.5
the boys of baraka,1,0,0,0,0.0,0.5
the boys the sherman brothers story,1,0,0,0,0.0,0.5
the brady bunch movie,1,0,0,0,0.0,0.5
the brass teapot,1,0,0,0,0.0,0.5
the brave one,1,0,0,0,0.0,0.5
the bread my sweet,1,0,0,0,0.0,0.5
the breadwinner,1,0,0,0,0.0,0.5
the breaker upperers,1,0,0,0,0.0,0.5
the breakfast club,4,3,0,1,0.75,0.775
the breakup,1,0,0,0,0.0,0.5
the bride,1,0,0,0,0.0,0.5
the bride of frankenstein,1,0,0,0,0.0,0.5
the bridesmaid,1,0,0,0,0.0,0.5
the bridge,1,0,0,0,0.0,0.5
the bridge of san luis rey,1,0,0,0,0.0,0.5
the bridge on the river kwai,1,0,0,0,0.0,0.5
the bridges of madison county,1,0,0,0,0.0,0.5
the brink,1,0,0,0,0.0,0.5
the broken circle breakdown,1,0,0,0,0.0,0.5
the broken hearts club a romantic comedy,1,0,0,0,0.0,0.5
the broken hearts gallery,1,0,0,0,0.0,0.5
the broken tower,1,0,0,0,0.0,0.5
the bronze,1,0,0,0,0.0,0.5
the brood,1,0,0,0,0.0,0.5
the brooklyn brothers beat the best,1,0,0,0,0.0,0.5
the brother from another planet,1,0,0,0,0.0,0.5
the brothers,1,0,0,0,0.0,0.5
the brothers grimm,1,0,0,0,0.0,0.5
the brothers grimsby,1,0,0,0,0.0,0.5
the brothers mcmullen,1,0,0,0,0.0,0.5
the brothers solomon,1,0,0,0,0.0,0.5
the brown bunny,1,0,0,0,0.0,0.5
the bubble,2,0,0,2,0.0,0.4
the bucket list,1,0,0,0,0.0,0.5
the buddy holly story,1,0,0,0,0.0,0.5
the burbs,1,0,0,0,0.0,0.5
the burnt orange heresy,1,0,0,0,0.0,0.5
the business of being born,1,0,0,0,0.0,0.5
the business of fancydancing,1,0,0,0,0.0,0.5
the butterfly effect,1,0,0,0,0.0,0.5
the bye bye man,1,0,0,0,0.0,0.5
the cabinet of dr caligari,1,1,0,0,1.0,0.8
the cable guy,1,0,0,0,0.0,0.5
the cage fighter,1,0,0,0,0.0,0.5
the cake eaters,1,0,0,0,0.0,0.5
the call,1,0,0,0,0.0,0.5
the call of the wild,1,0,0,1,0.0,0.2
the calling,1,0,0,0,0.0,0.5
the camden 28,1,0,0,0,0.0,0.5
the campaign,1,0,0,0,0.0,0.5
the candidate,1,0,0,0,0.0,0.5
the cannonball run,1,0,0,0,0.0,0.5
the canyons,1,0,0,0,0.0,0.5
the capote tapes,1,0,0,0,0.0,0.5
the captain,1,0,0,0,0.0,0.5
the captive,1,0,0,0,0.0,0.5
the car,1,0,0,0,0.0,0.5
the card counter,1,0,0,0,0.0,0.5
the cartel,1,0,0,0,0.0,0.5
the case against 8,1,0,0,0,0.0,0.5
the cat in the hat,1,0,1,0,0.0,0.6
the cat returns,1,1,0,0,1.0,1.0
the catcher was a spy,1,0,0,0,0.0,0.5
the catechism cataclysm,1,0,0,0,0.0,0.5
the cats meow,1,0,0,0,0.0,0.5
the cats of mirikitani,1,0,0,0,0.0,0.5
the cave,1,0,0,0,0.0,0.5
the cave of the yellow dog,1,0,0,0,0.0,0.5
the cavemans valentine,1,0,0,0,0.0,0.5
the celebration,1,0,0,0,0.0,0.5
the celestine prophecy,1,0,0,0,0.0,0.5
the cell,1,0,0,0,0.0,0.5
the cellar,1,0,0,0,0.0,0.5
the center of the world,1,0,0,0,0.0,0.5
the chamber,1,0,0,0,0.0,0.5
the chambermaid,1,0,0,0,0.0,0.5
the champ,1,0,0,0,0.0,0.5
the changeup,1,0,0,0,0.0,0.5
the chaperone,2,0,0,0,0.0,0.5
the chaser,1,0,0,0,0.0,0.5
the cherry orchard,1,0,0,0,0.0,0.5
the childhood of a leader,1,0,0,0,0.0,0.5
the children act,1,0,0,0,0.0,0.5
the children of huang shi,1,0,0,0,0.0,0.5
the children of the century,1,0,0,0,0.0,0.5
the childrens hour,1,0,0,0,0.0,0.5
the childrenâs hour,1,1,0,0,1.0,0.8
the china hustle,1,0,0,0,0.0,0.5
the china syndrome,1,0,0,0,0.0,0.5
the choice,1,0,0,0,0.0,0.5
the chorus,1,0,0,0,0.0,0.5
the chosen,1,0,0,0,0.0,0.5
the christmas candle,1,0,0,0,0.0,0.5
the christmas chronicles,1,0,0,0,0.0,0.5
the christmas chronicles 2,1,0,0,0,0.0,0.5
the chronicles of narnia prince caspian,1,0,0,0,0.0,0.5
the chronicles of narnia the lion the witch and the wardrobe,1,1,0,0,1.0,0.9
the chronicles of narnia the voyage of the dawn treader,1,0,0,0,0.0,0.5
the chumscrubber,1,0,0,0,0.0,0.5
the château,1,0,0,0,0.0,0.5
the cider house rules,1,0,0,0,0.0,0.5
the cincinnati kid,1,0,0,0,0.0,0.5
the circle,2,0,0,0,0.0,0.5
the circus,1,0,0,0,0.0,0.5
the city of lost children,1,0,0,0,0.0,0.5
the city of your final destination,1,0,0,0,0.0,0.5
the clan,1,0,0,0,0.0,0.5
the clapper,1,0,0,0,0.0,0.5
the class,1,0,0,0,0.0,0.5
the clay bird,1,0,0,0,0.0,0.5
the cleaners,1,0,0,0,0.0,0.5
the clearing,1,0,0,0,0.0,0.5
the client,1,0,0,0,0.0,0.5
the climb,1,0,0,0,0.0,0.5
the closer you get,1,0,0,0,0.0,0.5
the closet,1,0,0,0,0.0,0.5
the clovehitch killer,1,0,0,0,0.0,0.5
the cloverfield paradox,1,0,0,0,0.0,0.5
the club,1,0,0,0,0.0,0.5
the cobbler,1,0,0,0,0.0,0.5
the cocacola kid,1,0,0,0,0.0,0.5
the cockettes,1,0,0,0,0.0,0.5
the cocoanuts,1,0,0,0,0.0,0.5
the code,1,0,0,0,0.0,0.5
the cold light of day,1,0,0,0,0.0,0.5
the collection,1,0,0,0,0.0,0.5
the collector,1,0,0,0,0.0,0.5
the color of paradise,1,0,0,0,0.0,0.5
the color of time,1,0,0,0,0.0,0.5
the color purple,1,0,0,0,0.0,0.5
the columnist,1,0,0,0,0.0,0.5
the comebacks,1,0,0,0,0.0,0.5
the comedian,1,0,0,0,0.0,0.5
the comfort of strangers,1,0,0,0,0.0,0.5
the command,1,0,0,0,0.0,0.5
the commune,1,0,0,0,0.0,0.5
the commuter,1,0,0,0,0.0,0.5
the company men,1,0,0,0,0.0,0.5
the company of wolves,1,0,0,0,0.0,0.5
the company you keep,1,0,0,0,0.0,0.5
the concert,1,0,0,0,0.0,0.5
the condemned,2,0,0,0,0.0,0.5
the conjuring,1,0,1,0,0.0,0.7
the conjuring the devil made me do it,2,0,2,0,0.0,0.55
the connection,1,0,0,0,0.0,0.5
the conquest,1,0,0,0,0.0,0.5
the conspirator,1,0,0,0,0.0,0.5
the constant gardener,1,0,0,0,0.0,0.5
the contender,1,0,0,0,0.0,0.5
the conversation,1,0,0,0,0.0,0.5
the cook the thief his wife  her lover,1,0,0,0,0.0,0.5
the cooler,1,0,0,0,0.0,0.5
the cordillera of dreams,1,0,0,0,0.0,0.5
the core,1,0,0,0,0.0,0.5
the corporation,1,0,0,0,0.0,0.5
the corruptor,1,0,0,0,0.0,0.5
the cotton club,1,0,0,0,0.0,0.5
the cotton club encore,1,0,0,0,0.0,0.5
the count of monte cristo,1,0,0,0,0.0,0.5
the counterfeiters,1,0,0,0,0.0,0.5
the country bears,1,0,0,0,0.0,0.5
the county,1,0,0,0,0.0,0.5
the courier,1,0,0,0,0.0,0.5
the cove,1,0,0,0,0.0,0.5
the cowboys,1,0,0,0,0.0,0.5
the craft,1,1,0,0,1.0,1.0
the craft legacy,1,0,0,0,0.0,0.5
the crash,1,0,0,0,0.0,0.5
the crash reel,1,0,0,0,0.0,0.5
the crazies,1,0,0,0,0.0,0.5
the creeping garden,1,0,0,0,0.0,0.5
the crew,1,0,0,0,0.0,0.5
the crime of padre amaro,1,0,0,0,0.0,0.5
the crimson rivers,1,0,0,0,0.0,0.5
the crocodile hunter collision course,1,0,0,0,0.0,0.5
the croods a new age,1,0,0,0,0.0,0.5
the crossing guard,1,0,0,0,0.0,0.5
the crow,1,0,0,0,0.0,0.5
the crucible,1,0,0,0,0.0,0.5
the cruise,1,0,0,0,0.0,0.5
the crush,1,0,0,0,0.0,0.5
the crying game,1,0,0,0,0.0,0.5
the cuban,1,0,0,0,0.0,0.5
the cult of the suicide bomber,1,0,0,0,0.0,0.5
the cured,1,0,0,0,0.0,0.5
the curious case of benjamin button,1,0,1,0,0.0,0.6
the current war,1,0,0,0,0.0,0.5
the current war directors cut,1,0,0,0,0.0,0.5
the curse of downers grove,1,0,0,0,0.0,0.5
the curse of la llorona,1,0,0,0,0.0,0.5
the curse of the jade scorpion,1,0,0,0,0.0,0.5
the cursed,1,0,0,0,0.0,0.5
the cut,1,0,0,0,0.0,0.5
the cutting edge,1,0,0,0,0.0,0.5
the da vinci code,1,0,0,0,0.0,0.5
the damned united,1,0,0,0,0.0,0.5
the dance of reality,1,0,0,0,0.0,0.5
the dancer,1,0,0,0,0.0,0.5
the dancer upstairs,1,0,0,0,0.0,0.5
the dangerous lives of altar boys,1,0,0,0,0.0,0.5
the danish girl,1,0,0,0,0.0,0.5
the darjeeling limited,3,1,2,0,0.3333333333333333,0.7333333333333333
the dark and the wicked,1,0,0,0,0.0,0.5
the dark backward,1,0,0,0,0.0,0.5
the dark crystal,1,0,0,0,0.0,0.5
the dark half,1,0,0,0,0.0,0.5
the dark knight,4,3,0,0,0.75,1.0
the dark knight rises,2,1,1,0,0.5,0.8
the dark tower,1,0,0,0,0.0,0.5
the darkest hour,1,0,0,0,0.0,0.5
the darkest minds,1,0,0,0,0.0,0.5
the darkness,1,0,0,0,0.0,0.5
the daughter,1,0,0,0,0.0,0.5
the day after,1,0,0,0,0.0,0.5
the day after tomorrow,1,0,0,0,0.0,0.5
the day he arrives,1,0,0,0,0.0,0.5
the day i became a woman,1,0,0,0,0.0,0.5
the day of the dolphin,1,0,0,0,0.0,0.5
the day shall come,1,0,0,0,0.0,0.5
the day silence died,1,0,0,0,0.0,0.5
the day the earth stood still,1,0,0,0,0.0,0.5
the daytrippers,1,0,0,0,0.0,0.5
the dead center,1,0,0,0,0.0,0.5
the dead dont die,1,0,0,0,0.0,0.5
the dead lands,1,0,0,0,0.0,0.5
the dead pool,1,0,0,0,0.0,0.5
the dead zone,1,0,0,0,0.0,0.5
the death and life of marsha p johnson,1,0,0,0,0.0,0.5
the death of louis xiv,1,0,0,0,0.0,0.5
the death of stalin,1,0,0,0,0.0,0.5
the debt,1,0,0,0,0.0,0.5
the debut,1,0,0,0,0.0,0.5
the decent one,1,0,0,0,0.0,0.5
the decline of western civilization,1,0,0,0,0.0,0.5
the decline of western civilization part ii the metal years,1,0,0,0,0.0,0.5
the decline of western civilization part iii,1,0,0,0,0.0,0.5
the decomposition of the soul,1,0,0,0,0.0,0.5
the decoy bride,1,0,0,0,0.0,0.5
the deep blue sea,1,0,0,0,0.0,0.5
the deep end,1,0,0,0,0.0,0.5
the deep end of the ocean,1,0,0,0,0.0,0.5
the deepest breath,1,0,0,0,0.0,0.5
the deer hunter,1,0,0,0,0.0,0.5
the deer king,1,0,0,0,0.0,0.5
the defiant ones,1,0,0,0,0.0,0.5
the delta,1,0,0,0,0.0,0.5
the delta force,1,0,0,0,0.0,0.5
the departed,3,3,0,0,1.0,0.8333333333333334
the departure,1,0,0,0,0.0,0.5
the descendants,1,0,0,0,0.0,0.5
the descent,1,0,0,0,0.0,0.5
the desert bride,1,0,0,0,0.0,0.5
the desert of forbidden art,1,0,0,0,0.0,0.5
the deserted station,1,0,0,0,0.0,0.5
the desperate hour,1,0,0,0,0.0,0.5
the details,1,0,0,0,0.0,0.5
the devil all the time,3,1,0,1,0.3333333333333333,0.65
the devil and daniel johnston,1,0,0,0,0.0,0.5
the devil and father amorth,1,0,0,0,0.0,0.5
the devil came on horseback,1,0,0,0,0.0,0.5
the devil has a name,1,0,0,0,0.0,0.5
the devil inside,1,0,0,0,0.0,0.5
the devil wears prada,6,5,1,0,0.8333333333333334,0.85
the devils,1,0,0,0,0.0,0.5
the devils advocate,1,0,0,0,0.0,0.5
the devils backbone,1,0,0,0,0.0,0.5
the devils candy,1,0,0,0,0.0,0.5
the devils double,1,0,0,0,0.0,0.5
the devils miner,1,0,0,0,0.0,0.5
the devils own,1,0,0,0,0.0,0.5
the devils rejects,1,0,0,0,0.0,0.5
the devils violinist,1,0,0,0,0.0,0.5
the diary of anne frank,1,0,0,0,0.0,0.5
the dictator,1,0,0,0,0.0,0.5
the dig,1,0,0,0,0.0,0.5
the dilemma,1,0,0,0,0.0,0.5
the dinner,1,0,0,0,0.0,0.5
the dinner game,1,0,0,0,0.0,0.5
the dirt,1,0,0,0,0.0,0.5
the dirties,1,0,0,0,0.0,0.5
the dirty dozen,1,0,0,0,0.0,0.5
the disappearance of alice creed,1,0,0,0,0.0,0.5
the disappearance of eleanor rigby her,1,0,0,0,0.0,0.5
the disappearance of eleanor rigby them,1,0,0,0,0.0,0.5
the disappearance of finbar,1,0,0,0,0.0,0.5
the disappointments room,1,0,0,0,0.0,0.5
the disaster artist,2,1,1,0,0.5,0.7
the disciple,1,0,0,0,0.0,0.5
the discoverers,1,0,0,0,0.0,0.5
the discovery,1,0,0,0,0.0,0.5
the dish,1,0,0,0,0.0,0.5
the dissident,1,0,0,0,0.0,0.5
the distinguished gentleman,1,0,0,0,0.0,0.5
the divergent series allegiant,1,0,0,0,0.0,0.5
the divergent series insurgent,1,0,0,0,0.0,0.5
the divide,2,0,0,0,0.0,0.5
the divine order,1,0,0,0,0.0,0.5
the diving bell and the butterfly,1,0,0,0,0.0,0.5
the djinn,1,0,0,0,0.0,0.5
the dog,1,0,0,0,0.0,0.5
the dogs of war,1,0,0,0,0.0,0.5
the dogwalker,1,0,0,0,0.0,0.5
the donut king,1,0,0,0,0.0,0.5
the doom generation,1,0,0,0,0.0,0.5
the door in the floor,1,0,0,0,0.0,0.5
the doors,1,0,0,0,0.0,0.5
the doover,1,0,0,0,0.0,0.5
the double,2,0,0,0,0.0,0.5
the double life of veronique,1,0,0,0,0.0,0.5
the dream team,1,0,0,0,0.0,0.5
the dreamers,1,1,0,0,1.0,0.8
the dressmaker,1,0,0,0,0.0,0.5
the driver,1,0,0,0,0.0,0.5
the drop,2,0,0,0,0.0,0.5
the drowning,1,0,0,0,0.0,0.5
the dry,1,0,0,0,0.0,0.5
the dry land,1,0,0,0,0.0,0.5
the duchess,1,0,0,0,0.0,0.5
the duchess of langeais,1,0,0,0,0.0,0.5
the duel,1,0,0,0,0.0,0.5
the duelist,1,0,0,0,0.0,0.5
the duff,1,0,0,0,0.0,0.5
the duke,1,0,0,0,0.0,0.5
the duke of burgundy,1,0,0,0,0.0,0.5
the dukes,1,0,0,0,0.0,0.5
the dukes of hazzard,1,0,0,0,0.0,0.5
the eagle,1,0,0,0,0.0,0.5
the eagle has landed,1,0,0,0,0.0,0.5
the eagle huntress,1,0,0,0,0.0,0.5
the east,1,0,0,0,0.0,0.5
the eclipse,1,0,0,0,0.0,0.5
the edge of democracy,1,0,0,0,0.0,0.5
the edge of love,1,0,0,0,0.0,0.5
the edge of seventeen,2,2,0,0,1.0,1.0
the edukators,1,0,0,0,0.0,0.5
the eel,1,0,0,0,0.0,0.5
the eight hundred,1,0,0,0,0.0,0.5
the eight mountains,1,0,0,0,0.0,0.5
the electric horseman,1,0,0,0,0.0,0.5
the elephant in the living room,1,0,0,0,0.0,0.5
the elephant man,1,0,0,0,0.0,0.5
the elephant queen,1,0,0,0,0.0,0.5
the embalmer,1,0,0,0,0.0,0.5
the emoji movie,1,0,0,0,0.0,0.5
the emperors club,1,0,0,0,0.0,0.5
the emperors new clothes,2,0,0,0,0.0,0.5
the emperors new groove,1,0,0,0,0.0,0.5
the empire strikes back,4,3,0,0,0.75,0.9666666666666666
the empty hours,1,0,0,0,0.0,0.5
the end,1,0,0,0,0.0,0.5
the end of love,1,0,0,0,0.0,0.5
the end of the line,1,0,0,0,0.0,0.5
the end of the tour,1,0,0,0,0.0,0.5
the endless,1,0,0,0,0.0,0.5
the endless summer,1,0,0,0,0.0,0.5
the endurance,1,0,0,0,0.0,0.5
the enforcer,2,0,0,0,0.0,0.5
the english patient,1,0,0,0,0.0,0.5
the english teacher,1,0,0,0,0.0,0.5
the entertainer,1,0,0,0,0.0,0.5
the equalizer,1,0,0,0,0.0,0.5
the era of vampires,1,0,0,0,0.0,0.5
the escape,1,0,0,0,0.0,0.5
the escape artist,1,0,0,0,0.0,0.5
the escapist,1,0,0,0,0.0,0.5
the estate,1,0,0,0,0.0,0.5
the eternal daughter,1,0,0,0,0.0,0.5
the etruscan smile,1,0,0,0,0.0,0.5
the event,1,0,0,0,0.0,0.5
the evil dead,1,1,0,0,1.0,0.9
the ex,1,0,0,0,0.0,0.5
the exception,1,0,0,0,0.0,0.5
the execution of wanda jean,1,0,0,0,0.0,0.5
the exorcism of emily rose,1,0,0,0,0.0,0.5
the exorcist,2,2,0,0,1.0,0.9
the exorcist iii,1,0,0,0,0.0,0.5
the expendables,1,0,0,0,0.0,0.5
the expendables 2,1,0,0,0,0.0,0.5
the expendables 3,1,0,0,0,0.0,0.5
the experiment,1,0,0,0,0.0,0.5
the exploding girl,1,0,0,0,0.0,0.5
the express,1,0,0,0,0.0,0.5
the exterminating angels,1,0,0,0,0.0,0.5
the extraordinary journey of the fakir,1,0,0,0,0.0,0.5
the eye,2,0,0,0,0.0,0.5
the eye of the storm,1,0,0,0,0.0,0.5
the eyes of my mother,1,0,0,0,0.0,0.5
the eyes of orson welles,1,0,0,0,0.0,0.5
the eyes of tammy faye,3,0,3,0,0.0,0.6333333333333333
the fabelmans,9,8,1,0,0.8888888888888888,0.9
the fabulous baker boys,1,0,0,0,0.0,0.5
the fabulous filipino brothers,1,0,0,0,0.0,0.5
the face of love,1,0,0,0,0.0,0.5
the faculty,1,0,0,0,0.0,0.5
the fairy,1,0,0,0,0.0,0.5
the falcon and the snowman,1,0,0,0,0.0,0.5
the falcon and the winter soldier,2,0,0,0,0.0,0.5
the fall,1,0,0,0,0.0,0.5
the fall of fujimori,1,0,0,0,0.0,0.5
the fall of the american empire,1,0,0,0,0.0,0.5
the fallen,1,0,0,0,0.0,0.5
the fallout,4,2,2,0,0.5,0.75
the family,1,0,0,0,0.0,0.5
the family fang,1,0,0,0,0.0,0.5
the family man,1,0,0,0,0.0,0.5
the family stone,1,0,0,0,0.0,0.5
the family that preys,1,0,0,0,0.0,0.5
the family tree,1,0,0,0,0.0,0.5
the fan,1,0,0,0,0.0,0.5
the fanatic,1,0,0,0,0.0,0.5
the fantasticks,1,0,0,0,0.0,0.5
the far side of the moon,1,0,0,0,0.0,0.5
the farewell,3,3,0,0,1.0,0.9
the farthest,1,0,0,0,0.0,0.5
the fast and the furious,1,0,0,0,0.0,0.5
the fast and the furious tokyo drift,1,0,0,0,0.0,0.5
the fate of the furious,1,0,0,0,0.0,0.5
the father,3,3,0,0,1.0,0.8333333333333334
the fault in our stars,1,0,0,0,0.0,0.5
the favor,2,0,0,0,0.0,0.5
the favourite,1,1,0,0,1.0,1.0
the fearless freaks,1,0,0,0,0.0,0.5
the fearless vampire killers,1,0,0,0,0.0,0.5
the feast,1,0,0,0,0.0,0.5
the female brain,1,0,0,0,0.0,0.5
the fencer,1,0,0,0,0.0,0.5
the fever,1,0,0,0,0.0,0.5
the fifth element,1,0,0,0,0.0,0.5
the fifth estate,1,0,0,0,0.0,0.5
the fight,1,0,0,0,0.0,0.5
the fighter,1,0,0,0,0.0,0.5
the fighting temptations,1,0,0,0,0.0,0.5
the final conflict,1,0,0,0,0.0,0.5
the final countdown,1,0,0,0,0.0,0.5
the final cut,1,0,0,0,0.0,0.5
the final destination,1,0,0,0,0.0,0.5
the final girls,1,0,0,0,0.0,0.5
the final member,1,0,0,0,0.0,0.5
the final season,1,0,0,0,0.0,0.5
the final year,1,0,0,0,0.0,0.5
the finest hours,1,0,0,0,0.0,0.5
the first beautiful thing,1,0,0,0,0.0,0.5
the first grader,1,0,0,0,0.0,0.5
the first monday in may,1,0,0,0,0.0,0.5
the first power,1,0,0,0,0.0,0.5
the first time,1,0,0,0,0.0,0.5
the first wave,1,0,0,0,0.0,0.5
the first wives club,1,0,0,0,0.0,0.5
the fits,1,0,0,0,0.0,0.5
the fitzgerald family christmas,1,0,0,0,0.0,0.5
the five obstructions,1,0,0,0,0.0,0.5
the five senses,1,0,0,0,0.0,0.5
the fiveyear engagement,1,0,0,0,0.0,0.5
the flat,1,0,0,0,0.0,0.5
the flintstones in viva rock vegas,1,0,0,0,0.0,0.5
the florida project,1,1,0,0,1.0,1.0
the florida project 201 6,1,1,0,0,1.0,0.9
the flower of evil,1,0,0,0,0.0,0.5
the flower of my secret,1,0,0,0,0.0,0.5
the flowers of war,1,0,0,0,0.0,0.5
the fluffer,1,0,0,0,0.0,0.5
the fly,4,4,0,0,1.0,0.8
the fly ii,1,0,0,0,0.0,0.5
the flying scotsman,1,0,0,0,0.0,0.5
the flying swords of dragon gate,1,0,0,0,0.0,0.5
the fog,2,0,0,0,0.0,0.5
the fog of war eleven lessons from the life of robert s mcnamara,1,0,0,0,0.0,0.5
the fool,1,0,0,0,0.0,0.5
the foot fist way,1,0,0,0,0.0,0.5
the forbidden kingdom,1,0,0,0,0.0,0.5
the forbidden room,1,0,0,0,0.0,0.5
the foreigner,1,0,0,0,0.0,0.5
the forest,1,0,0,0,0.0,0.5
the forever purge,1,0,0,0,0.0,0.5
the forger,1,0,0,0,0.0,0.5
the forgiven,2,0,0,0,0.0,0.5
the forgiveness of blood,1,0,0,0,0.0,0.5
the forgotten,1,0,0,0,0.0,0.5
the forsaken,1,0,0,0,0.0,0.5
the fortune cookie,1,0,0,0,0.0,0.5
the fortyyearold version,1,0,0,0,0.0,0.5
the founder,1,0,0,0,0.0,0.5
the four feathers,1,0,0,0,0.0,0.5
the four seasons,1,0,0,0,0.0,0.5
the four times le quattro volte,1,0,0,0,0.0,0.5
the fourth kind,1,0,0,0,0.0,0.5
the fourth protocol,1,0,0,0,0.0,0.5
the fourth war,1,0,0,0,0.0,0.5
the fox and the hound,1,0,0,0,0.0,0.5
the fp,1,0,0,0,0.0,0.5
the free world,1,0,0,0,0.0,0.5
the freebie,1,0,0,0,0.0,0.5
the french connection,1,0,0,0,0.0,0.5
the french dispatch,15,10,5,0,0.6666666666666666,0.8066666666666666
the french lieutenants woman,1,0,0,0,0.0,0.5
the freshman,1,0,0,0,0.0,0.5
the friend,1,0,0,0,0.0,0.5
the friends of eddie coyle,1,0,0,0,0.0,0.5
the front line,1,0,0,0,0.0,0.5
the front page,1,0,0,0,0.0,0.5
the front runner,1,0,0,0,0.0,0.5
the frozen ground,1,0,0,0,0.0,0.5
the fugitive,1,0,0,0,0.0,0.5
the full monty,1,0,0,0,0.0,0.5
the fundamentals of caring,1,0,0,0,0.0,0.5
the funhouse,1,0,0,0,0.0,0.5
the fury,1,0,0,0,0.0,0.5
the future of food,1,0,0,0,0.0,0.5
the galapagos affair satan came to eden,1,0,0,0,0.0,0.5
the gambler,1,0,0,0,0.0,0.5
the game,3,2,1,0,0.6666666666666666,0.7666666666666667
the game of their lives,1,0,0,0,0.0,0.5
the game plan,1,0,0,0,0.0,0.5
the gangster the cop the devil,1,0,0,0,0.0,0.5
the garbage pail kids movie,1,0,0,0,0.0,0.5
the garden left behind,1,0,0,0,0.0,0.5
the gatekeeper,1,0,0,0,0.0,0.5
the gatekeepers,1,0,0,0,0.0,0.5
the gay divorcee,1,0,0,0,0.0,0.5
the general,1,0,0,0,0.0,0.5
the generals daughter,1,0,0,0,0.0,0.5
the gentlemen,1,1,0,0,1.0,0.9
the getaway,2,0,0,0,0.0,0.5
the ghost and the darkness,1,0,0,0,0.0,0.5
the ghost of peter sellers,1,0,0,0,0.0,0.5
the ghosts in our machine,1,0,0,0,0.0,0.5
the giant mechanical man,1,0,0,0,0.0,0.5
the gift,1,0,0,0,0.0,0.5
the gingerbread man,1,0,0,0,0.0,0.5
the girl,2,0,0,0,0.0,0.5
the girl and death,1,0,0,0,0.0,0.5
the girl cut in two,1,0,0,0,0.0,0.5
the girl from monaco,1,0,0,0,0.0,0.5
the girl from monday,1,0,0,0,0.0,0.5
the girl from the naked eye,1,0,0,0,0.0,0.5
the girl in the book,1,0,0,0,0.0,0.5
the girl in the spiders web,1,0,0,0,0.0,0.5
the girl is in trouble,1,0,0,0,0.0,0.5
the girl king,1,0,0,0,0.0,0.5
the girl next door,2,0,0,0,0.0,0.5
the girl on the train,2,0,0,0,0.0,0.5
the girl who kicked the hornets nest,1,0,0,0,0.0,0.5
the girl who leapt through time,1,0,0,0,0.0,0.5
the girl who played with fire,1,0,0,0,0.0,0.5
the girl with all the gifts,1,0,0,0,0.0,0.5
the girl with the dragon tattoo,1,1,0,0,1.0,0.9
the girl without hands,1,0,0,0,0.0,0.5
the girlfriend experience,1,0,0,0,0.0,0.5
the giver,1,0,0,0,0.0,0.5
the glass castle,1,0,0,0,0.0,0.5
the gleaners  i,1,0,0,0,0.0,0.5
the glimmer man,1,0,0,0,0.0,0.5
the glorias,1,0,0,0,0.0,0.5
the godfather,7,5,0,0,0.7142857142857143,0.96
the godfather coda the death of michael corleone,1,0,0,0,0.0,0.5
the godfather part ii,4,3,0,0,0.75,1.0
the gods must be crazy ii,1,0,0,0,0.0,0.5
the goebbles experiment,1,0,0,0,0.0,0.5
the gogetter,1,0,0,0,0.0,0.5
the gogos,1,0,0,0,0.0,0.5
the golden bowl,1,0,0,0,0.0,0.5
the golden child,1,0,0,0,0.0,0.5
the golden compass,1,0,0,0,0.0,0.5
the golden dream,1,0,0,0,0.0,0.5
the golden glove,1,0,0,0,0.0,0.5
the golden voyage of sinbad,1,0,0,0,0.0,0.5
the goldfinch,1,0,0,0,0.0,0.5
the good boss,1,0,0,0,0.0,0.5
the good dinosaur,1,0,0,0,0.0,0.5
the good doctor,1,0,0,0,0.0,0.5
the good german,1,0,0,0,0.0,0.5
the good girl,1,0,0,0,0.0,0.5
the good guy,1,0,0,0,0.0,0.5
the good house,1,0,0,0,0.0,0.5
the good liar,1,0,0,0,0.0,0.5
the good lie,1,0,0,0,0.0,0.5
the good night,1,0,0,0,0.0,0.5
the good nurse,1,1,0,0,1.0,0.8
the good son,1,0,0,0,0.0,0.5
the good son the life of ray boom boom mancini,1,0,0,0,0.0,0.5
the good the bad and the ugly,2,2,0,0,1.0,1.0
the good the bad the weird,1,0,0,0,0.0,0.5
the good thief,1,0,0,0,0.0,0.5
the goodbye girl,1,0,0,0,0.0,0.5
the goods live hard sell hard,1,0,0,0,0.0,0.5
the goonies,1,0,0,0,0.0,0.5
the gospel,1,0,0,0,0.0,0.5
the gospel according to andré,1,0,0,0,0.0,0.5
the gospel according to philip k dick,1,0,0,0,0.0,0.5
the gospel of eureka,1,0,0,0,0.0,0.5
the grace card,1,0,0,0,0.0,0.5
the grace lee project,1,0,0,0,0.0,0.5
the graduate,2,2,0,0,1.0,0.9
the grand,1,0,0,0,0.0,0.5
the grand budapest hotel,8,8,0,0,1.0,0.9625
the grandmaster,1,0,0,0,0.0,0.5
the grapes of wrath,1,0,0,0,0.0,0.5
the grass is greener,1,0,0,0,0.0,0.5
the gray man,5,0,1,3,0.0,0.375
the greasy strangler,1,0,0,0,0.0,0.5
the great alaskan race,1,0,0,0,0.0,0.5
the great beauty,1,0,0,0,0.0,0.5
the great buck howard,1,0,0,0,0.0,0.5
the great buddha,1,0,0,0,0.0,0.5
the great buster a celebration,1,0,0,0,0.0,0.5
the great dance a hunters story,1,0,0,0,0.0,0.5
the great debaters,1,0,0,0,0.0,0.5
the great escape,1,0,0,0,0.0,0.5
the great gatsby,4,2,1,1,0.5,0.575
the great gilly hopkins,1,0,0,0,0.0,0.5
the great hack,1,0,0,0,0.0,0.5
the great invisible,1,0,0,0,0.0,0.5
the great mouse detective,1,0,0,0,0.0,0.5
the great muppet caper,1,0,0,0,0.0,0.5
the great museum,1,0,0,0,0.0,0.5
the great new wonderful,1,0,0,0,0.0,0.5
the great outdoors,1,0,0,0,0.0,0.5
the great raid,1,0,0,0,0.0,0.5
the great role,1,0,0,0,0.0,0.5
the great santini,1,0,0,0,0.0,0.5
the great train robbery,1,0,0,0,0.0,0.5
the great wall,1,0,0,0,0.0,0.5
the great water,1,0,0,0,0.0,0.5
the great white hope,1,0,0,0,0.0,0.5
the greatest beer run ever,1,0,0,0,0.0,0.5
the greatest game ever played,1,0,0,0,0.0,0.5
the greatest showman,4,0,2,2,0.0,0.425
the green butchers,1,0,0,0,0.0,0.5
the green fog,1,0,0,0,0.0,0.5
the green hornet,1,0,0,0,0.0,0.5
the green inferno,1,0,0,0,0.0,0.5
the green knight,6,2,2,0,0.3333333333333333,0.7
the green mile,1,0,0,0,0.0,0.5
the green pastures,1,0,0,0,0.0,0.5
the green prince,1,0,0,0,0.0,0.5
the greening of whitney brown,1,0,0,0,0.0,0.5
the grey,1,0,0,0,0.0,0.5
the grey zone,1,0,0,0,0.0,0.5
the grief of others,1,0,0,0,0.0,0.5
the grifters,1,0,0,0,0.0,0.5
the grinch,1,0,0,0,0.0,0.5
the ground beneath my feet,1,0,0,0,0.0,0.5
the ground truth,1,0,0,0,0.0,0.5
the grudge,2,0,0,0,0.0,0.5
the grudge 2,1,0,0,0,0.0,0.5
the guard,1,0,0,0,0.0,0.5
the guardian,2,0,0,0,0.0,0.5
the guardians,1,0,0,0,0.0,0.5
the guardians of the galaxy holiday special,2,1,1,0,0.5,0.75
the guest,1,0,0,0,0.0,0.5
the guillotines,1,0,0,0,0.0,0.5
the guilt trip,1,0,0,0,0.0,0.5
the guilty,3,0,3,0,0.0,0.5333333333333333
the gunman,1,0,0,0,0.0,0.5
the guns of navarone,1,0,0,0,0.0,0.5
the guru,1,0,0,0,0.0,0.5
the guys,1,0,0,0,0.0,0.5
the half of it,4,1,3,0,0.25,0.65
the hallow,1,0,0,0,0.0,0.5
the hammer,1,0,0,0,0.0,0.5
the hand of god,1,1,0,0,1.0,1.0
the hand that feeds,1,0,0,0,0.0,0.5
the hand that rocks the cradle,1,0,0,0,0.0,0.5
the handmaiden,5,5,0,0,1.0,0.9400000000000001
the hangover,1,0,0,0,0.0,0.5
the hangover part ii,1,0,0,0,0.0,0.5
the hangover part iii,1,0,0,0,0.0,0.5
the hanoi hilton,1,0,0,0,0.0,0.5
the happening,1,0,0,1,0.0,0.2
the happiest day in the life of olli mäki,1,0,0,0,0.0,0.5
the happy prince,1,0,0,0,0.0,0.5
the happy sad,1,0,0,0,0.0,0.5
the happytime murders,1,0,0,0,0.0,0.5
the hard word,1,0,0,0,0.0,0.5
the harder they come,1,0,0,0,0.0,0.5
the harder they fall,1,0,0,0,0.0,0.5
the harvest,1,0,0,0,0.0,0.5
the harvey girls,1,0,0,0,0.0,0.5
the hate u give,1,0,0,0,0.0,0.5
the hateful eight,1,0,0,0,0.0,0.5
the haunted mansion,1,0,0,0,0.0,0.5
the haunting,1,0,0,0,0.0,0.5
the haunting in connecticut,1,0,0,0,0.0,0.5
the haunting of bly manor,2,2,0,0,1.0,0.9
the haunting of hill house,3,1,0,0,0.3333333333333333,0.8
the haunting of molly hartley,1,0,0,0,0.0,0.5
the haunting of sharon tate,1,0,0,0,0.0,0.5
the hawk is dying,1,0,0,0,0.0,0.5
the headless woman,1,0,0,0,0.0,0.5
the heart machine,1,0,0,0,0.0,0.5
the heart of the game,1,0,0,0,0.0,0.5
the heartbreak kid,2,0,0,0,0.0,0.5
the heat,1,0,0,0,0.0,0.5
the hedgehog,1,0,0,0,0.0,0.5
the heir apparent largo winch,1,0,0,0,0.0,0.5
the heiresses,1,0,0,0,0.0,0.5
the help,1,0,1,0,0.0,0.7
the hero,1,0,0,0,0.0,0.5
the hidden,1,0,0,0,0.0,0.5
the hidden fortress,1,0,0,0,0.0,0.5
the hidden wars of desert storm,1,0,0,0,0.0,0.5
the high note,1,0,0,0,0.0,0.5
the highwaymen,1,0,0,0,0.0,0.5
the hill,1,0,0,0,0.0,0.5
the hills have eyes,2,0,0,0,0.0,0.5
the hip hop project,1,0,0,0,0.0,0.5
the history boys,1,0,0,0,0.0,0.5
the history of future folk,1,0,0,0,0.0,0.5
the hit,1,0,0,0,0.0,0.5
the hitcher,2,0,0,0,0.0,0.5
the hitmans bodyguard,1,0,0,0,0.0,0.5
the hitmans wifes bodyguard,1,0,0,0,0.0,0.5
the hoax,1,0,0,0,0.0,0.5
the hobbit an unexpected journey,1,0,0,0,0.0,0.5
the hobbit the battle of the five armies,1,0,0,0,0.0,0.5
the hobbit the desolation of smaug,1,0,0,0,0.0,0.5
the hole,1,0,0,0,0.0,0.5
the hole in the ground,1,0,0,0,0.0,0.5
the holiday,4,2,2,0,0.5,0.775
the hollars,1,0,0,0,0.0,0.5
the hollow point,1,0,0,0,0.0,0.5
the holy girl,1,0,0,0,0.0,0.5
the holy land,1,0,0,0,0.0,0.5
the holy mountain,1,0,0,0,0.0,0.5
the homesman,1,0,0,0,0.0,0.5
the honeymoon killers,1,0,0,0,0.0,0.5
the honeymooners,1,0,0,0,0.0,0.5
the horn blows at midnight,1,0,0,0,0.0,0.5
the hornets nest,1,0,0,0,0.0,0.5
the horse boy,1,0,0,0,0.0,0.5
the hospital,1,0,0,0,0.0,0.5
the host,2,0,0,0,0.0,0.5
the hot chick,1,0,0,0,0.0,0.5
the hot flashes,1,0,0,0,0.0,0.5
the hot spot,1,0,0,0,0.0,0.5
the hotel new hampshire,1,0,0,0,0.0,0.5
the hottie  the nottie,1,0,0,0,0.0,0.5
the hours,1,0,0,0,0.0,0.5
the house,3,1,1,0,0.3333333333333333,0.75
the house i live in,1,0,0,0,0.0,0.5
the house of mirth,1,0,0,0,0.0,0.5
the house of the devil,1,0,0,0,0.0,0.5
the house of tomorrow,1,0,0,0,0.0,0.5
the house of yes,1,0,0,0,0.0,0.5
the house that jack built,4,2,1,0,0.5,0.8666666666666666
the house with a clock in its walls,1,0,0,0,0.0,0.5
the housemaid,1,0,0,0,0.0,0.5
the howling,1,0,0,0,0.0,0.5
the hudsucker proxy,1,0,0,0,0.0,0.5
the human centipede first sequence,1,0,0,1,0.0,0.3
the human centipede ii full sequence,1,0,0,0,0.0,0.5
the human centipede iii final sequence,1,0,0,0,0.0,0.5
the human factor,2,0,0,0,0.0,0.5
the human race,1,0,0,0,0.0,0.5
the human resources manager,1,0,0,0,0.0,0.5
the human scale,1,0,0,0,0.0,0.5
the human stain,1,0,0,0,0.0,0.5
the human surge,1,0,0,0,0.0,0.5
the human voice,1,0,0,0,0.0,0.5
the humans,1,0,0,0,0.0,0.5
the humbling,1,0,0,0,0.0,0.5
the hummingbird project,1,0,0,0,0.0,0.5
the hunchback of notre dame,1,1,0,0,1.0,0.8
the hundredfoot journey,1,0,0,0,0.0,0.5
the hunger games,4,2,2,0,0.5,0.7
the hunger games catching fire,5,5,0,0,1.0,0.8800000000000001
the hunger games mockingjay  part 1,1,0,0,0,0.0,0.5
the hunger games mockingjay  part 2,2,0,2,0,0.0,0.6
the hunt,2,0,2,0,0.0,0.7
the hunt for red october,1,0,0,0,0.0,0.5
the hunted,1,0,0,0,0.0,0.5
the hunter,3,0,0,0,0.0,0.5
the hunting of the president,1,0,0,0,0.0,0.5
the hunting party,1,0,0,0,0.0,0.5
the huntsman winters war,1,0,0,0,0.0,0.5
the hurricane,1,0,0,0,0.0,0.5
the hurricane heist,1,0,0,0,0.0,0.5
the hurt locker,1,0,0,0,0.0,0.5
the hustler,1,0,0,0,0.0,0.5
the ice harvest,1,0,0,0,0.0,0.5
the ice road,1,0,0,0,0.0,0.5
the iceman,1,0,0,0,0.0,0.5
the iceman cometh,1,0,0,0,0.0,0.5
the identical,1,0,0,0,0.0,0.5
the ides of march,1,0,0,0,0.0,0.5
the idol,1,0,0,0,0.0,0.5
the ignorant fairies,1,0,0,0,0.0,0.5
the illusionist,1,0,0,0,0.0,0.5
the imitation game,1,0,0,0,0.0,0.5
the immaculate room,1,0,0,0,0.0,0.5
the immortalists,1,0,0,0,0.0,0.5
the importance of being earnest,1,0,0,0,0.0,0.5
the impossible,1,0,0,0,0.0,0.5
the imposter,1,0,0,0,0.0,0.5
the in crowd,1,0,0,0,0.0,0.5
the inbetweeners movie,1,0,0,0,0.0,0.5
the incredible burt wonderstone,1,0,0,0,0.0,0.5
the incredible hulk,1,0,0,0,0.0,0.5
the incredible jessica james,1,0,0,0,0.0,0.5
the incredibles,1,0,0,0,0.0,0.5
the indian runner,1,0,0,0,0.0,0.5
the inevitable defeat of mister and pete,1,0,0,0,0.0,0.5
the infiltrator,1,0,0,0,0.0,0.5
the infiltrators,1,0,0,0,0.0,0.5
the informant,1,0,0,0,0.0,0.5
the informer,2,0,0,0,0.0,0.5
the informers,1,0,0,0,0.0,0.5
the inheritance,2,0,0,0,0.0,0.5
the inlaws,2,0,0,0,0.0,0.5
the innkeepers,1,0,0,0,0.0,0.5
the innocents,2,0,0,0,0.0,0.5
the insider,1,0,0,0,0.0,0.5
the insult,1,0,0,0,0.0,0.5
the intended,1,0,0,0,0.0,0.5
the intern,1,0,0,0,0.0,0.5
the international,1,0,0,0,0.0,0.5
the internship,1,0,0,0,0.0,0.5
the interpreter,1,0,0,0,0.0,0.5
the interrupters,1,0,0,0,0.0,0.5
the intervention,1,0,0,0,0.0,0.5
the intouchables,1,0,0,0,0.0,0.5
the intruder,2,0,0,0,0.0,0.5
the invisible,1,0,0,0,0.0,0.5
the invisible circus,1,0,0,0,0.0,0.5
the invisible man,4,2,1,0,0.5,0.7333333333333333
the invisible woman,1,0,0,0,0.0,0.5
the invisibles,1,0,0,0,0.0,0.5
the invitation,4,2,0,0,0.5,0.9
the ipcress file,1,0,0,0,0.0,0.5
the iran job,1,0,0,0,0.0,0.5
the irishman,3,3,0,0,1.0,0.9333333333333333
the iron giant,1,1,0,0,1.0,1.0
the iron ladies,1,0,0,0,0.0,0.5
the iron lady,1,0,0,0,0.0,0.5
the iron orchard,1,0,0,0,0.0,0.5
the island,1,0,0,0,0.0,0.5
the island of dr moreau,1,0,0,0,0.0,0.5
the isle,1,0,0,0,0.0,0.5
the italian,1,0,0,0,0.0,0.5
the italian job,2,0,0,0,0.0,0.5
the ivory game,1,0,0,0,0.0,0.5
the jackal,1,0,0,0,0.0,0.5
the jacket,1,0,0,0,0.0,0.5
the jane austen book club,1,0,0,0,0.0,0.5
the janes,1,0,0,0,0.0,0.5
the january man,1,0,0,0,0.0,0.5
the jaundiced eye,1,0,0,0,0.0,0.5
the jazz singer,2,0,0,0,0.0,0.5
the jeffrey dahmer files,1,0,0,0,0.0,0.5
the jerk,1,0,0,0,0.0,0.5
the jesus rolls,1,0,0,0,0.0,0.5
the joneses,1,0,0,0,0.0,0.5
the journey,1,0,0,0,0.0,0.5
the journey of natty gann,1,0,0,0,0.0,0.5
the joy luck club,1,0,0,0,0.0,0.5
the judge,1,0,0,0,0.0,0.5
the jungle book,2,0,0,0,0.0,0.5
the jungle book 2,1,0,0,0,0.0,0.5
the justice of bunny king,1,0,0,0,0.0,0.5
the karate kid,1,0,0,0,0.0,0.5
the karate kid part iii,1,0,0,0,0.0,0.5
the keep,1,0,0,0,0.0,0.5
the keeper the legend of omar khayyam,1,0,0,0,0.0,0.5
the keeping room,1,0,0,0,0.0,0.5
the kentucky fried movie,1,0,0,0,0.0,0.5
the keys to the house,1,0,0,0,0.0,0.5
the kid,1,0,0,0,0.0,0.5
the kid  i,1,0,0,0,0.0,0.5
the kid detective,1,0,0,0,0.0,0.5
the kid stays in the picture,1,0,0,0,0.0,0.5
the kid who would be king,1,0,0,0,0.0,0.5
the kid with a bike,1,0,0,0,0.0,0.5
the kids are all right,1,0,0,0,0.0,0.5
the kids grow up,1,0,0,0,0.0,0.5
the kill team,1,0,0,0,0.0,0.5
the killer,1,0,0,0,0.0,0.5
the killer elite,1,0,0,0,0.0,0.5
the killer inside me,1,0,0,0,0.0,0.5
the killers,1,0,0,0,0.0,0.5
the killing,1,0,0,0,0.0,0.5
the killing of a chinese bookie,1,0,0,0,0.0,0.5
the killing of a sacred deer,7,4,0,1,0.5714285714285714,0.8
the killing of john lennon,1,0,0,0,0.0,0.5
the killing of two lovers,1,0,0,0,0.0,0.5
the kindergarten teacher,1,0,0,0,0.0,0.5
the kindness of strangers,1,0,0,0,0.0,0.5
the king,2,1,0,0,0.5,0.8
the king and i,1,0,0,0,0.0,0.5
the king is alive,1,0,0,0,0.0,0.5
the king of comedy,1,1,0,0,1.0,0.9
the king of kong a fistful of quarters,1,0,0,0,0.0,0.5
the king of staten island,1,0,0,0,0.0,0.5
the kingdom,1,0,0,0,0.0,0.5
the kingdom of dreams and madness,1,0,0,0,0.0,0.5
the kings choice,1,0,0,0,0.0,0.5
the kings man,1,0,0,0,0.0,0.5
the kings speech,1,0,0,0,0.0,0.5
the kissing booth,1,0,0,1,0.0,0.1
the kissing booth 2,1,0,0,1,0.0,0.1
the kissing booth 3,2,0,0,2,0.0,0.25
the kitchen,1,0,0,0,0.0,0.5
the kite runner,1,0,0,0,0.0,0.5
the komediant,1,0,0,0,0.0,0.5
the ladies man,1,0,0,0,0.0,0.5
the lady,1,0,0,0,0.0,0.5
the lady and the duke,1,0,0,0,0.0,0.5
the lady eve,1,0,0,0,0.0,0.5
the lady in question is charles busch,1,0,0,0,0.0,0.5
the lady in the van,1,0,0,0,0.0,0.5
the lady vanishes,1,0,0,0,0.0,0.5
the ladykillers,1,0,0,0,0.0,0.5
the lair of the white worm,1,0,0,0,0.0,0.5
the lake house,1,0,0,0,0.0,0.5
the land,1,0,0,0,0.0,0.5
the land before time,1,0,0,0,0.0,0.5
the land of steady habits,1,0,0,0,0.0,0.5
the last airbender,1,0,0,1,0.0,0.1
the last black man in san francisco,1,0,0,0,0.0,0.5
the last boy scout,1,0,0,0,0.0,0.5
the last castle,1,0,0,0,0.0,0.5
the last circus,1,0,0,0,0.0,0.5
the last days of disco,1,0,0,0,0.0,0.5
the last days on mars,1,0,0,0,0.0,0.5
the last detail,1,0,0,0,0.0,0.5
the last duel,4,3,1,0,0.75,0.8
the last emperor,1,0,0,0,0.0,0.5
the last exorcism,1,0,0,0,0.0,0.5
the last exorcism part ii,1,0,0,0,0.0,0.5
the last face,1,0,0,0,0.0,0.5
the last family,1,0,0,0,0.0,0.5
the last five years,1,0,0,0,0.0,0.5
the last full measure,1,0,0,0,0.0,0.5
the last house on the left,1,0,0,0,0.0,0.5
the last king of scotland,1,0,0,0,0.0,0.5
the last kiss,1,0,0,0,0.0,0.5
the last legion,1,0,0,0,0.0,0.5
the last lions,1,0,0,0,0.0,0.5
the last man,1,0,0,0,0.0,0.5
the last mercenary,1,0,0,0,0.0,0.5
the last mimzy,1,0,0,0,0.0,0.5
the last mistress,1,0,0,0,0.0,0.5
the last mogul,1,0,0,0,0.0,0.5
the last mountain,1,0,0,0,0.0,0.5
the last movie star,1,0,0,0,0.0,0.5
the last of robin hood,1,0,0,0,0.0,0.5
the last of the mohicans,1,0,0,0,0.0,0.5
the last of the unjust,1,0,0,0,0.0,0.5
the last picture show,1,0,0,0,0.0,0.5
the last ride,1,0,0,0,0.0,0.5
the last rites of joe may,1,0,0,0,0.0,0.5
the last samurai,1,0,0,0,0.0,0.5
the last seduction,1,0,0,0,0.0,0.5
the last sentence,1,0,0,0,0.0,0.5
the last september,1,0,0,0,0.0,0.5
the last shift,1,0,0,0,0.0,0.5
the last shot,1,0,0,0,0.0,0.5
the last sin eater,1,0,0,0,0.0,0.5
the last song,1,0,0,0,0.0,0.5
the last stand,1,0,0,0,0.0,0.5
the last starfighter,1,0,0,0,0.0,0.5
the last station,1,0,0,0,0.0,0.5
the last suit,1,0,0,0,0.0,0.5
the last temptation of christ,1,0,0,0,0.0,0.5
the last thing he wanted,1,0,0,0,0.0,0.5
the last time,1,0,0,0,0.0,0.5
the last tree,1,0,0,0,0.0,0.5
the last unicorn,1,0,0,0,0.0,0.5
the last vermeer,1,0,0,0,0.0,0.5
the last winter,1,0,0,0,0.0,0.5
the last witch hunter,1,0,0,0,0.0,0.5
the last word,1,0,0,0,0.0,0.5
the late bloomer,1,0,0,0,0.0,0.5
the laundromat,1,0,0,0,0.0,0.5
the lavender scare,1,0,0,0,0.0,0.5
the law in these parts,1,0,0,0,0.0,0.5
the lawnmower man,1,0,0,0,0.0,0.5
the lazarus effect,1,0,0,0,0.0,0.5
the league of extraordinary gentlemen,1,0,0,0,0.0,0.5
the ledge,1,0,0,0,0.0,0.5
the legacy of a whitetail deer hunter,1,0,0,0,0.0,0.5
the legend of 1900,1,0,0,0,0.0,0.5
the legend of bagger vance,1,0,0,0,0.0,0.5
the legend of billie jean,1,0,0,0,0.0,0.5
the legend of drunken master,1,0,0,0,0.0,0.5
the legend of molly johnson,1,0,0,0,0.0,0.5
the legend of pale male,1,0,0,0,0.0,0.5
the legend of tarzan,1,0,0,0,0.0,0.5
the lego batman movie,3,2,1,0,0.6666666666666666,0.8333333333333334
the lego movie,1,1,0,0,1.0,0.9
the lego movie 2 the second part,1,0,0,0,0.0,0.5
the lego ninjago movie,1,0,0,0,0.0,0.5
the leisure seeker,1,0,0,0,0.0,0.5
the lesson,1,0,0,0,0.0,0.5
the letter an american town and the somali invasion,1,0,0,0,0.0,0.5
the letters,1,0,0,0,0.0,0.5
the levelling,1,0,0,0,0.0,0.5
the liberator,1,0,0,0,0.0,0.5
the libertine,1,0,0,0,0.0,0.5
the lie,2,0,0,0,0.0,0.5
the life ahead,1,0,0,0,0.0,0.5
the life and crimes of doris payne,1,0,0,0,0.0,0.5
the life and times of hank greenberg,1,0,0,0,0.0,0.5
the life and times of judge roy bean,1,0,0,0,0.0,0.5
the life aquatic with steve zissou,2,2,0,0,1.0,0.9
the life before her eyes,1,0,0,0,0.0,0.5
the lifeguard,1,0,0,0,0.0,0.5
the light between oceans,1,0,0,0,0.0,0.5
the light of the moon,1,0,0,0,0.0,0.5
the lighthouse,11,8,2,0,0.7272727272727273,0.85
the limehouse golem,1,0,0,0,0.0,0.5
the limey,1,0,0,0,0.0,0.5
the lion king,8,4,0,2,0.5,0.7666666666666667
the lion king 1â½,1,0,1,0,0.0,0.7
the little death,1,0,0,0,0.0,0.5
the little hours,1,0,0,0,0.0,0.5
the little mermaid,1,0,0,0,0.0,0.5
the little prince,1,0,0,0,0.0,0.5
the little rascals,1,0,0,0,0.0,0.5
the little stranger,1,0,0,0,0.0,0.5
the little things,2,0,0,1,0.0,0.3
the little traitor,1,0,0,0,0.0,0.5
the little vampire,1,0,0,0,0.0,0.5
the living daylights,1,0,0,0,0.0,0.5
the living end,1,0,0,0,0.0,0.5
the living wake,1,0,0,0,0.0,0.5
the lizzie mcguire movie,1,0,0,0,0.0,0.5
the load,1,0,0,0,0.0,0.5
the lobster,6,6,0,0,1.0,0.8833333333333334
the lodger,1,0,0,0,0.0,0.5
the lodgers,1,0,0,0,0.0,0.5
the loft,1,0,0,0,0.0,0.5
the loneliest planet,1,0,0,0,0.0,0.5
the loneliest whale the search for 52,1,0,0,0,0.0,0.5
the lonely guy,1,0,0,0,0.0,0.5
the long dumb road,1,0,0,0,0.0,0.5
the long goodbye,1,1,0,0,1.0,0.8
the long kiss goodnight,1,0,0,0,0.0,0.5
the long riders,1,0,0,0,0.0,0.5
the long walk,1,0,0,0,0.0,0.5
the long walk home,1,0,0,0,0.0,0.5
the longest day,1,0,0,0,0.0,0.5
the longest ride,1,0,0,0,0.0,0.5
the longest week,1,0,0,0,0.0,0.5
the longest yard,1,0,0,0,0.0,0.5
the look of love,1,0,0,0,0.0,0.5
the look of silence,1,0,0,0,0.0,0.5
the lookout,1,0,0,0,0.0,0.5
the lord of the rings the fellowship of the ring,5,5,0,0,1.0,0.96
the lord of the rings the return of the king,1,1,0,0,1.0,1.0
the lord of the rings the two towers,2,2,0,0,1.0,1.0
the lords of salem,1,0,0,0,0.0,0.5
the losers,1,0,0,0,0.0,0.5
the loss of a teardrop diamond,1,0,0,0,0.0,0.5
the loss of sexual innocence,1,0,0,0,0.0,0.5
the lost arcade,1,0,0,0,0.0,0.5
the lost boys,2,1,1,0,0.5,0.85
the lost city,6,0,6,0,0.0,0.6333333333333333
the lost city of z,1,0,0,0,0.0,0.5
the lost daughter,5,1,4,0,0.2,0.64
the lost husband,1,0,0,0,0.0,0.5
the lost king,1,0,0,0,0.0,0.5
the lost leonardo,1,0,0,0,0.0,0.5
the lost world jurassic park,1,0,0,0,0.0,0.5
the lottery,1,0,0,0,0.0,0.5
the love bug,1,0,0,0,0.0,0.5
the love guru,1,0,0,0,0.0,0.5
the love we make,1,0,0,0,0.0,0.5
the love witch,3,3,0,0,1.0,0.8333333333333334
the lovebirds,1,0,0,0,0.0,0.5
the lovely bones,1,0,0,0,0.0,0.5
the lover,1,0,0,0,0.0,0.5
the lovers,1,0,0,0,0.0,0.5
the lovers and the despot,1,0,0,0,0.0,0.5
the lucky one,1,0,0,0,0.0,0.5
the lucky ones,1,0,0,0,0.0,0.5
the lunchbox,1,0,0,0,0.0,0.5
the lure,1,0,0,0,0.0,0.5
the luzhin defence,1,0,0,0,0.0,0.5
the m word,1,0,0,0,0.0,0.5
the macaluso sisters,1,0,0,0,0.0,0.5
the machine,1,0,0,0,0.0,0.5
the machinist,1,0,0,0,0.0,0.5
the mad womens ball,1,0,0,0,0.0,0.5
the madness of king george,1,0,0,0,0.0,0.5
the mafia only kills in summer,1,0,0,0,0.0,0.5
the magdalene sisters,1,0,0,0,0.0,0.5
the magic christian,1,0,0,0,0.0,0.5
the magic of belle isle,1,0,0,0,0.0,0.5
the magician,2,0,0,0,0.0,0.5
the magicians elephant,1,0,0,0,0.0,0.5
the magnificent ambersons,1,0,0,0,0.0,0.5
the magnificent seven,2,0,0,0,0.0,0.5
the maids room,1,0,0,0,0.0,0.5
the main event,1,0,0,0,0.0,0.5
the major and the minor,1,0,0,0,0.0,0.5
the maltese falcon,1,0,0,0,0.0,0.5
the man,1,0,0,0,0.0,0.5
the man from elysian fields,1,0,0,0,0.0,0.5
the man from snowy river,1,0,0,0,0.0,0.5
the man from toronto,1,0,0,0,0.0,0.5
the man from uncle,1,0,0,0,0.0,0.5
the man in the moon,1,0,0,0,0.0,0.5
the man nobody knew in search of my father cia spymaster william colby,1,0,0,0,0.0,0.5
the man who bought mustique,1,0,0,0,0.0,0.5
the man who copied,1,0,0,0,0.0,0.5
the man who invented christmas,1,0,0,0,0.0,0.5
the man who killed don quixote,1,0,0,0,0.0,0.5
the man who killed hitler and then the bigfoot,1,0,0,0,0.0,0.5
the man who knew infinity,1,0,0,0,0.0,0.5
the man who knew too much,1,0,0,0,0.0,0.5
the man who shot liberty valance,1,0,0,0,0.0,0.5
the man who sold his skin,1,0,0,0,0.0,0.5
the man who would be king,1,0,0,0,0.0,0.5
the man with one red shoe,1,0,0,0,0.0,0.5
the man with the golden arm,1,0,0,0,0.0,0.5
the man with two brains,1,0,0,0,0.0,0.5
the man without a face,1,0,0,0,0.0,0.5
the man without a past,1,0,0,0,0.0,0.5
the manchurian candidate,1,0,0,0,0.0,0.5
the mangler,1,0,0,0,0.0,0.5
the manhattan project,1,0,0,0,0.0,0.5
the manson family,1,0,0,0,0.0,0.5
the many saints of newark,1,0,0,0,0.0,0.5
the marc pease experience,1,0,0,0,0.0,0.5
the marine,1,0,0,0,0.0,0.5
the marksman,1,0,0,0,0.0,0.5
the martian,1,0,0,0,0.0,0.5
the mask,1,0,0,0,0.0,0.5
the mask of zorro,1,0,0,0,0.0,0.5
the master,1,1,0,0,1.0,0.8
the master of disguise,1,0,0,0,0.0,0.5
the matador,1,0,0,0,0.0,0.5
the mating habits of the earthbound human,1,0,0,0,0.0,0.5
the matrix,5,5,0,0,1.0,0.9400000000000001
the matrix reloaded,1,0,0,0,0.0,0.5
the matrix resurrections,5,5,0,0,1.0,0.86
the matrix revolutions,1,1,0,0,1.0,1.0
the mauritanian,1,0,0,0,0.0,0.5
the maze runner,1,0,0,0,0.0,0.5
the meaning of hitler,1,0,0,0,0.0,0.5
the mechanic,1,0,0,0,0.0,0.5
the medallion,1,0,0,0,0.0,0.5
the meddler,1,0,0,0,0.0,0.5
the meg,1,0,0,0,0.0,0.5
the memory of a killer,1,0,0,0,0.0,0.5
the men who stare at goats,1,0,0,0,0.0,0.5
the mens club,1,0,0,0,0.0,0.5
the menu,28,15,7,2,0.5357142857142857,0.7583333333333333
the mephisto waltz,1,0,0,0,0.0,0.5
the mercy,1,0,0,0,0.0,0.5
the mermaid,1,0,0,0,0.0,0.5
the merry gentleman,1,0,0,0,0.0,0.5
the messenger,1,0,0,0,0.0,0.5
the messenger the story of joan of arc,1,0,0,0,0.0,0.5
the messengers,1,0,0,0,0.0,0.5
the mexican,1,0,0,0,0.0,0.5
the meyerowitz stories new and selected,1,0,0,0,0.0,0.5
the middle of the world,1,0,0,0,0.0,0.5
the midnight sky,1,0,0,0,0.0,0.5
the midwife,1,0,0,0,0.0,0.5
the mighty ducks,1,0,0,0,0.0,0.5
the mighty macs,1,0,0,0,0.0,0.5
the mighty quinn,1,0,0,0,0.0,0.5
the milk of sorrow,1,0,0,0,0.0,0.5
the mill and the cross,1,0,0,0,0.0,0.5
the minus man,1,0,0,0,0.0,0.5
the miracle of morgans creek,1,0,0,0,0.0,0.5
the miracle season,1,0,0,0,0.0,0.5
the miracle worker,1,0,0,0,0.0,0.5
the misandrists,1,0,0,0,0.0,0.5
the miseducation of cameron post,1,0,0,0,0.0,0.5
the missing,1,0,0,0,0.0,0.5
the missing picture,1,0,0,0,0.0,0.5
the mission,1,0,0,0,0.0,0.5
the mist,1,0,0,0,0.0,0.5
the mitchells vs the machines,8,8,0,0,1.0,0.85
the mod squad,1,0,0,0,0.0,0.5
the mole agent,1,0,0,0,0.0,0.5
the molly maguires,1,0,0,0,0.0,0.5
the moment,1,0,0,0,0.0,0.5
the monastery mr vig and the nun,1,0,0,0,0.0,0.5
the money pit,1,0,0,0,0.0,0.5
the monkeys mask,1,0,0,0,0.0,0.5
the monster,1,0,0,0,0.0,0.5
the monster squad,1,0,0,0,0.0,0.5
the monuments men,1,0,0,0,0.0,0.5
the mortal instruments city of bones,1,0,0,0,0.0,0.5
the mortuary collection,1,0,0,0,0.0,0.5
the mosquito coast,1,0,0,0,0.0,0.5
the most beautiful boy in the world,1,0,0,0,0.0,0.5
the most dangerous man in america daniel ellsberg and the pentagon papers,1,0,0,0,0.0,0.5
the most hated woman in america,1,0,0,0,0.0,0.5
the motel,1,0,0,0,0.0,0.5
the motel life,1,0,0,0,0.0,0.5
the moth diaries,1,0,0,0,0.0,0.5
the mother,1,0,0,0,0.0,0.5
the mountain,1,0,0,0,0.0,0.5
the mountain between us,1,0,0,0,0.0,0.5
the mudge boy,1,0,0,0,0.0,0.5
the mule,1,0,0,0,0.0,0.5
the mummy,2,0,2,0,0.0,0.6
the mummy returns,1,0,0,0,0.0,0.5
the munsters,1,0,0,0,0.0,0.5
the muppet christmas carol,1,1,0,0,1.0,0.9
the muppet movie,1,0,0,0,0.0,0.5
the muppets,2,2,0,0,1.0,0.9
the muppets take manhattan,1,0,0,0,0.0,0.5
the muse,1,0,0,0,0.0,0.5
the music man,1,0,0,0,0.0,0.5
the music never stopped,1,0,0,0,0.0,0.5
the music of strangers yoyo ma and the silk road ensemble,1,0,0,0,0.0,0.5
the musketeer,1,0,0,0,0.0,0.5
the muslims are coming,1,0,0,0,0.0,0.5
the mustang,1,0,0,0,0.0,0.5
the mystery of marilyn monroe the unheard tapes,1,0,0,0,0.0,0.5
the mystic masseur,1,0,0,0,0.0,0.5
the myth of fingerprints,1,0,0,0,0.0,0.5
the myth of the american sleepover,1,0,0,0,0.0,0.5
the naked kiss,1,0,0,0,0.0,0.5
the name of the rose,1,0,0,0,0.0,0.5
the nanny diaries,1,0,0,0,0.0,0.5
the nativity story,1,0,0,0,0.0,0.5
the natural,1,0,0,0,0.0,0.5
the nazi officers wife,1,0,0,0,0.0,0.5
the negotiator,1,0,0,0,0.0,0.5
the neon bible,1,0,0,0,0.0,0.5
the neon demon,1,0,1,0,0.0,0.7
the net,1,0,0,0,0.0,0.5
the neverending story,1,0,0,0,0.0,0.5
the neverending story ii the next chapter,1,0,0,0,0.0,0.5
the new age,1,0,0,0,0.0,0.5
the new black,1,0,0,0,0.0,0.5
the new girlfriend,1,0,0,0,0.0,0.5
the new guy,1,0,0,0,0.0,0.5
the new mutants,1,0,0,1,0.0,0.2
the new radical,1,0,0,0,0.0,0.5
the newton boys,1,0,0,0,0.0,0.5
the next best thing,1,0,0,0,0.0,0.5
the next big thing,1,0,0,0,0.0,0.5
the next karate kid,1,0,0,0,0.0,0.5
the next three days,1,0,0,0,0.0,0.5
the nice guys,8,6,1,0,0.75,0.9142857142857143
the night,1,0,0,0,0.0,0.5
the night before,1,0,0,0,0.0,0.5
the night clerk,1,0,0,0,0.0,0.5
the night eats the world,1,0,0,0,0.0,0.5
the night flier,1,0,0,0,0.0,0.5
the night house,1,0,0,0,0.0,0.5
the night is short walk on girl,1,0,0,0,0.0,0.5
the night listener,1,0,0,0,0.0,0.5
the night we never met,1,0,0,0,0.0,0.5
the nightingale,1,0,0,0,0.0,0.5
the nightmare,1,0,0,0,0.0,0.5
the nightmare before christmas,2,2,0,0,1.0,0.8
the nile hilton incident,1,0,0,0,0.0,0.5
the ninth configuration,1,0,0,0,0.0,0.5
the ninth day,1,0,0,0,0.0,0.5
the ninth gate,1,0,0,0,0.0,0.5
the northman,10,6,2,1,0.6,0.788888888888889
the notebook,2,0,0,0,0.0,0.5
the notorious bettie page,1,0,0,0,0.0,0.5
the november man,1,0,0,0,0.0,0.5
the novice,1,0,0,0,0.0,0.5
the nowhere inn,1,0,0,0,0.0,0.5
the numbers station,1,0,0,0,0.0,0.5
the nun,1,0,0,1,0.0,0.3
the nut job,1,0,0,0,0.0,0.5
the nutcracker,1,0,0,0,0.0,0.5
the nutcracker and the four realms,1,0,0,0,0.0,0.5
the nutty professor,1,0,0,0,0.0,0.5
the oak room,1,0,0,0,0.0,0.5
the oath,2,0,0,0,0.0,0.5
the object of my affection,1,0,0,0,0.0,0.5
the odd couple,1,0,0,0,0.0,0.5
the odd life of timothy green,1,0,0,0,0.0,0.5
the offence,1,0,0,0,0.0,0.5
the oh in ohio,1,0,0,0,0.0,0.5
the old guard,1,0,0,0,0.0,0.5
the old man  the gun,1,0,0,0,0.0,0.5
the old man and the sea,1,0,0,0,0.0,0.5
the omega code,1,0,0,0,0.0,0.5
the omega man,1,0,0,0,0.0,0.5
the omen,2,0,0,0,0.0,0.5
the one and only dick gregory,1,0,0,0,0.0,0.5
the one and only ivan,1,0,0,0,0.0,0.5
the one i love,1,0,0,0,0.0,0.5
the ones below,1,0,0,0,0.0,0.5
the onion field,1,0,0,0,0.0,0.5
the only living boy in new york,1,0,0,0,0.0,0.5
the oogieloves in the big balloon adventure,1,0,0,0,0.0,0.5
the operative,1,0,0,0,0.0,0.5
the operator,1,0,0,0,0.0,0.5
the opportunists,1,0,0,0,0.0,0.5
the opposite of sex,1,0,0,0,0.0,0.5
the oranges,1,0,0,0,0.0,0.5
the ordeal,1,0,0,0,0.0,0.5
the order,1,0,0,0,0.0,0.5
the order of myths,1,0,0,0,0.0,0.5
the original kings of comedy,1,0,0,0,0.0,0.5
the ornithologist,1,0,0,0,0.0,0.5
the orphanage,1,0,0,0,0.0,0.5
the other dream team,1,0,0,0,0.0,0.5
the other end of the line,1,0,0,0,0.0,0.5
the other f word,1,0,0,0,0.0,0.5
the other guys,1,0,0,0,0.0,0.5
the other half,1,0,0,0,0.0,0.5
the other lamb,1,0,0,0,0.0,0.5
the other side of heaven,1,0,0,0,0.0,0.5
the other side of hope,1,0,0,0,0.0,0.5
the other side of the street,1,0,0,0,0.0,0.5
the other side of the wind,1,0,0,0,0.0,0.5
the other son,1,0,0,0,0.0,0.5
the other story,1,0,0,0,0.0,0.5
the other woman,2,0,0,0,0.0,0.5
the others,1,0,0,0,0.0,0.5
the ottoman lieutenant,1,0,0,0,0.0,0.5
the outfit,1,0,0,0,0.0,0.5
the outlaw josey wales,1,0,0,0,0.0,0.5
the outoftowners,1,0,0,0,0.0,0.5
the outpost,1,0,0,0,0.0,0.5
the outrageous sophie tucker,1,0,0,0,0.0,0.5
the outside story,1,0,0,0,0.0,0.5
the outsider,2,0,0,0,0.0,0.5
the outsiders,1,0,1,0,0.0,0.6
the outwaters,1,0,0,0,0.0,0.5
the overnight,1,0,0,0,0.0,0.5
the pacifier,1,0,0,0,0.0,0.5
the package,1,0,0,0,0.0,0.5
the pact,2,0,0,0,0.0,0.5
the pact 2,1,0,0,0,0.0,0.5
the page turner,1,0,0,0,0.0,0.5
the painted bird,1,0,0,0,0.0,0.5
the painted veil,1,0,0,0,0.0,0.5
the painter and the thief,1,0,0,0,0.0,0.5
the painting le tableau,1,0,0,0,0.0,0.5
the pale blue eye,1,0,0,1,0.0,0.4
the panic in needle park,1,0,0,0,0.0,0.5
the paper chase,1,0,0,0,0.0,0.5
the paper tigers,1,0,0,0,0.0,0.5
the paperboy,1,0,0,0,0.0,0.5
the parallax view,1,0,0,0,0.0,0.5
the parent trap,2,2,0,0,1.0,0.9
the party,1,0,0,0,0.0,0.5
the partys just beginning,1,0,0,0,0.0,0.5
the passengers of the night,1,0,0,0,0.0,0.5
the passion of joan of arc,1,0,0,0,0.0,0.5
the passion of the christ,1,0,0,0,0.0,0.5
the past,1,0,0,0,0.0,0.5
the patience stone,1,0,0,0,0.0,0.5
the patriot,1,0,0,0,0.0,0.5
the patsy,1,0,0,0,0.0,0.5
the pawnbroker,1,0,0,0,0.0,0.5
the peacemaker,1,0,0,0,0.0,0.5
the peanut butter falcon,1,0,0,0,0.0,0.5
the peanuts movie,1,0,0,0,0.0,0.5
the pearl button,1,0,0,0,0.0,0.5
the pelican brief,1,0,0,0,0.0,0.5
the people ive slept with,1,0,0,0,0.0,0.5
the people under the stairs,1,0,0,0,0.0,0.5
the people vs fritz bauer,1,0,0,0,0.0,0.5
the people vs george lucas,1,0,0,0,0.0,0.5
the people vs larry flynt,1,0,0,0,0.0,0.5
the people we hate at the wedding,1,0,0,0,0.0,0.5
the perfect age of rock n roll,1,0,0,0,0.0,0.5
the perfect candidate,1,0,0,0,0.0,0.5
the perfect family,1,0,0,0,0.0,0.5
the perfect holiday,1,0,0,0,0.0,0.5
the perfect man,1,0,0,0,0.0,0.5
the perfect match,1,0,0,0,0.0,0.5
the perfect score,1,0,0,0,0.0,0.5
the perfect storm,1,0,0,0,0.0,0.5
the perfection,1,0,0,0,0.0,0.5
the perks of being a wallflower,6,6,0,0,1.0,0.8666666666666666
the persian version,1,0,0,0,0.0,0.5
the personal history of david copperfield,1,0,0,0,0.0,0.5
the perverts guide to ideology,1,0,0,0,0.0,0.5
the phantom,1,0,0,0,0.0,0.5
the phantom of the open,1,0,0,0,0.0,0.5
the phantom of the opera,1,0,0,0,0.0,0.5
the phenom,1,0,0,0,0.0,0.5
the philadelphia experiment,1,0,0,0,0.0,0.5
the photograph,1,0,0,0,0.0,0.5
the pianist,1,1,0,0,1.0,0.8
the piano,1,0,0,0,0.0,0.5
the piano teacher,1,0,0,0,0.0,0.5
the pianotuner of earthquakes,1,0,0,0,0.0,0.5
the pickup artist,1,0,0,0,0.0,0.5
the pillow book,1,0,0,0,0.0,0.5
the pink panther 2,1,0,0,0,0.0,0.5
the pink panther strikes again,1,0,0,0,0.0,0.5
the pinochet case,1,0,0,0,0.0,0.5
the pirates band of misfits,1,0,0,0,0.0,0.5
the pirates of penzance,1,0,0,0,0.0,0.5
the pirates of somalia,1,0,0,0,0.0,0.5
the pirogue,1,0,0,0,0.0,0.5
the place beyond the pines,1,0,1,0,0.0,0.7
the plagiarists,1,0,0,0,0.0,0.5
the platform,2,1,1,0,0.5,0.7
the player,1,0,0,0,0.0,0.5
the players,1,0,0,0,0.0,0.5
the playroom,1,0,0,0,0.0,0.5
the pleasures of being out of step,1,0,0,0,0.0,0.5
the pledge,1,0,0,0,0.0,0.5
the pod generation,1,0,0,0,0.0,0.5
the polar express,1,0,0,1,0.0,0.3
the pool,1,0,0,0,0.0,0.5
the pope of greenwich village,1,0,0,0,0.0,0.5
the portrait of a lady,1,0,0,0,0.0,0.5
the poseidon adventure,1,0,0,0,0.0,0.5
the possession,1,0,0,0,0.0,0.5
the possession of hannah grace,1,0,0,0,0.0,0.5
the possession of michael king,1,0,0,0,0.0,0.5
the post,1,0,0,0,0.0,0.5
the postman,1,0,0,0,0.0,0.5
the postman always rings twice,2,0,0,0,0.0,0.5
the power,1,0,0,0,0.0,0.5
the power of one,1,0,0,0,0.0,0.5
the power of the dog,12,12,0,0,1.0,0.875
the powerpuff girls,1,0,0,0,0.0,0.5
the predator,1,0,0,0,0.0,0.5
the president,1,0,0,0,0.0,0.5
the presidents last bang,1,0,0,0,0.0,0.5
the presidio,1,0,0,0,0.0,0.5
the prestige,2,2,0,0,1.0,0.85
the pretty one,1,0,0,0,0.0,0.5
the prey,1,0,0,0,0.0,0.5
the price of everything,1,0,0,0,0.0,0.5
the price of milk,1,0,0,0,0.0,0.5
the price of sugar,1,0,0,0,0.0,0.5
the prime ministers the pioneers,1,0,0,0,0.0,0.5
the prince and me,1,0,0,0,0.0,0.5
the prince of egypt,1,1,0,0,1.0,1.0
the princess,2,0,0,0,0.0,0.5
the princess and the frog,1,0,0,0,0.0,0.5
the princess and the warrior,1,0,0,0,0.0,0.5
the princess blade,1,0,0,0,0.0,0.5
the princess bride,3,3,0,0,1.0,0.8666666666666666
the princess diaries,2,1,1,0,0.5,0.7
the princess diaries 2 royal engagement,1,1,0,0,1.0,1.0
the princess of montpensier,1,0,0,0,0.0,0.5
the principal,1,0,0,0,0.0,0.5
the prisoner or how i planned to kill tony blair,1,0,0,0,0.0,0.5
the private lives of pippa lee,1,0,0,0,0.0,0.5
the prize winner of defiance ohio,1,0,0,0,0.0,0.5
the prodigy,1,0,0,0,0.0,0.5
the producers,1,0,0,0,0.0,0.5
the professional,1,0,0,0,0.0,0.5
the professionals,1,0,0,0,0.0,0.5
the professor,1,0,0,0,0.0,0.5
the program,2,0,0,0,0.0,0.5
the prom,2,0,0,2,0.0,0.25
the promise,1,0,0,0,0.0,0.5
the promotion,1,0,0,0,0.0,0.5
the prophecy,1,0,0,0,0.0,0.5
the proposal,2,2,0,0,1.0,0.9
the protector,1,0,0,0,0.0,0.5
the protector 2,1,0,0,0,0.0,0.5
the protégé,1,0,0,0,0.0,0.5
the providence effect,1,0,0,0,0.0,0.5
the pruittigoe myth,1,0,0,0,0.0,0.5
the public,1,0,0,0,0.0,0.5
the public image is rotten,1,0,0,0,0.0,0.5
the puffy chair,1,0,0,0,0.0,0.5
the punisher,1,0,0,0,0.0,0.5
the punk singer,1,0,0,0,0.0,0.5
the purge,1,0,0,0,0.0,0.5
the purge anarchy,1,0,0,0,0.0,0.5
the purge election year,1,0,0,0,0.0,0.5
the pursuit of happyness,1,0,0,0,0.0,0.5
the quake,1,0,0,0,0.0,0.5
the quarry,1,0,0,0,0.0,0.5
the queen of spain,1,0,0,0,0.0,0.5
the queen of versailles,1,0,0,0,0.0,0.5
the queenâs gambit,5,2,1,0,0.4,0.8666666666666666
the quest of alain ducasse,1,0,0,0,0.0,0.5
the quick and the dead,1,0,0,0,0.0,0.5
the quiet,1,0,0,0,0.0,0.5
the quiet american,1,0,0,0,0.0,0.5
the quiet girl,1,0,0,0,0.0,0.5
the quiet man,1,0,0,0,0.0,0.5
the quiet one,1,0,0,0,0.0,0.5
the quiet ones,1,0,0,0,0.0,0.5
the rabbis cat,1,0,0,0,0.0,0.5
the rachel divide,1,0,0,0,0.0,0.5
the rachel papers,1,0,0,0,0.0,0.5
the rage carrie 2,1,0,0,0,0.0,0.5
the raid 2,1,0,0,0,0.0,0.5
the raid redemption,1,0,0,0,0.0,0.5
the railway man,1,0,0,0,0.0,0.5
the rainmaker,1,0,0,0,0.0,0.5
the rape of europa,1,0,0,0,0.0,0.5
the rape of recy taylor,1,0,0,0,0.0,0.5
the raven,1,0,0,0,0.0,0.5
the razors edge,1,0,0,0,0.0,0.5
the reader,1,0,0,0,0.0,0.5
the reagan show,1,0,0,0,0.0,0.5
the real cancun,1,0,0,0,0.0,0.5
the real charlie chaplin,1,0,0,0,0.0,0.5
the reaping,1,0,0,0,0.0,0.5
the reason i jump,1,0,0,0,0.0,0.5
the reception,1,0,0,0,0.0,0.5
the reckoning,2,0,0,0,0.0,0.5
the recruit,1,0,0,0,0.0,0.5
the red sea diving resort,1,0,0,0,0.0,0.5
the red shoes,1,1,0,0,1.0,1.0
the red violin,1,0,0,0,0.0,0.5
the ref,1,0,0,0,0.0,0.5
the rehearsal,1,0,0,0,0.0,0.5
the reivers,1,0,0,0,0.0,0.5
the relic,1,0,0,0,0.0,0.5
the reluctant fundamentalist,1,0,0,0,0.0,0.5
the remains of the day,1,0,0,0,0.0,0.5
the rental,1,0,0,0,0.0,0.5
the replacement killers,1,0,0,0,0.0,0.5
the report,1,0,0,0,0.0,0.5
the reports on sarah and saleem,1,0,0,0,0.0,0.5
the rescue,1,0,0,0,0.0,0.5
the rescuers,1,0,0,0,0.0,0.5
the rescuers down under,1,0,0,0,0.0,0.5
the retrieval,1,0,0,0,0.0,0.5
the return,2,0,0,0,0.0,0.5
the return of swamp thing,1,0,0,0,0.0,0.5
the return of tanya tucker featuring brandi carlile,1,0,0,0,0.0,0.5
the return of the living dead,1,0,0,0,0.0,0.5
the returned,1,0,0,0,0.0,0.5
the reunion,1,0,0,0,0.0,0.5
the revenant,1,1,0,0,1.0,0.8
the revolution will not be televised,1,0,0,0,0.0,0.5
the rewrite,1,0,0,0,0.0,0.5
the rider,1,0,0,0,0.0,0.5
the ridiculous 6,1,0,0,0,0.0,0.5
the right stuff,1,0,0,0,0.0,0.5
the ring,1,1,0,0,1.0,0.8
the ring two,1,0,0,0,0.0,0.5
the ringer,1,0,0,0,0.0,0.5
the riot club,1,0,0,0,0.0,0.5
the rising place,1,0,0,0,0.0,0.5
the ritchie boys,1,0,0,0,0.0,0.5
the rite,1,0,0,0,0.0,0.5
the ritual,1,0,0,0,0.0,0.5
the river,1,0,0,0,0.0,0.5
the river wild,1,0,0,0,0.0,0.5
the road,2,0,0,0,0.0,0.5
the road home,1,0,0,0,0.0,0.5
the road movie,1,0,0,0,0.0,0.5
the road to el dorado,1,0,0,0,0.0,0.5
the road to guantanamo,1,0,0,0,0.0,0.5
the road warrior,1,0,0,0,0.0,0.5
the roads not taken,1,0,0,0,0.0,0.5
the robber,1,0,0,0,0.0,0.5
the rock,1,0,0,0,0.0,0.5
the rocker,1,0,0,0,0.0,0.5
the rocketeer,1,0,0,0,0.0,0.5
the rocky horror picture show,6,6,0,0,1.0,0.8666666666666666
the rocky horror picture show 19 6  5,2,2,0,0,1.0,0.9
the romantics,1,0,0,0,0.0,0.5
the rookie,2,0,0,0,0.0,0.5
the roommate,1,0,0,0,0.0,0.5
the rover,1,0,0,0,0.0,0.5
the royal tenenbaums,7,7,0,0,1.0,0.9285714285714286
the rugrats movie,1,0,0,0,0.0,0.5
the rules of attraction,1,0,0,0,0.0,0.5
the rules of the game,1,0,0,0,0.0,0.5
the rum diary,1,0,0,0,0.0,0.5
the rundown,1,0,0,0,0.0,0.5
the runner,1,0,0,0,0.0,0.5
the running man,1,0,0,0,0.0,0.5
the russia house,1,0,0,0,0.0,0.5
the russians are coming the russians are coming,1,0,0,0,0.0,0.5
the saddest music in the world,1,0,0,0,0.0,0.5
the sadness,1,0,0,0,0.0,0.5
the saint,1,0,0,0,0.0,0.5
the salesman,1,0,0,0,0.0,0.5
the salt of tears,1,0,0,0,0.0,0.5
the salt of the earth,1,0,0,0,0.0,0.5
the salton sea,1,0,0,0,0.0,0.5
the salvation,1,0,0,0,0.0,0.5
the samaritan,1,0,0,0,0.0,0.5
the same river twice,1,0,0,0,0.0,0.5
the same storm,1,0,0,0,0.0,0.5
the santa clause,1,0,0,0,0.0,0.5
the santa clause 2,1,0,0,0,0.0,0.5
the santa clause 3 the escape clause,1,0,0,0,0.0,0.5
the sapphires,1,0,0,0,0.0,0.5
the scandal,1,0,0,0,0.0,0.5
the scary of sixtyfirst,1,0,0,0,0.0,0.5
the school for good and evil,1,0,0,0,0.0,0.5
the school of flesh,1,0,0,0,0.0,0.5
the science of sleep,1,0,0,0,0.0,0.5
the score,2,0,0,0,0.0,0.5
the scorpion king,1,0,0,0,0.0,0.5
the scribbler,1,0,0,0,0.0,0.5
the sculptress,1,0,0,0,0.0,0.5
the sea,2,0,0,0,0.0,0.5
the sea beast,1,0,1,0,0.0,0.7
the sea inside,1,0,0,0,0.0,0.5
the sea is watching,1,0,0,0,0.0,0.5
the sea of trees,1,0,0,0,0.0,0.5
the seagull,1,0,0,0,0.0,0.5
the search,1,0,0,0,0.0,0.5
the search for general tso,1,0,0,0,0.0,0.5
the searchers,1,0,0,0,0.0,0.5
the seasons in quincy four portraits of john berger,1,0,0,0,0.0,0.5
the second best exotic marigold hotel,1,0,0,0,0.0,0.5
the second chance,1,0,0,0,0.0,0.5
the second mother,1,0,0,0,0.0,0.5
the secret agent,1,0,0,0,0.0,0.5
the secret dare to dream,1,0,0,0,0.0,0.5
the secret disco revolution,1,0,0,0,0.0,0.5
the secret garden,2,0,0,0,0.0,0.5
the secret in their eyes,1,0,0,0,0.0,0.5
the secret life of bees,1,0,0,0,0.0,0.5
the secret life of pets,1,0,0,0,0.0,0.5
the secret life of pets 2,1,0,0,0,0.0,0.5
the secret life of walter mitty,1,0,0,0,0.0,0.5
the secret life of words,1,0,0,0,0.0,0.5
the secret lives of dorks,1,0,0,0,0.0,0.5
the secret of kells,1,0,0,0,0.0,0.5
the secret of my succes,1,0,0,0,0.0,0.5
the secret of nimh,1,0,0,0,0.0,0.5
the secret of the grain,1,0,0,0,0.0,0.5
the secret scripture,1,0,0,0,0.0,0.5
the secret world of arrietty,1,0,0,0,0.0,0.5
the secrets we keep,1,0,0,0,0.0,0.5
the seeker the dark is rising,1,0,0,0,0.0,0.5
the selfish giant,1,0,0,0,0.0,0.5
the sense of an ending,1,0,0,0,0.0,0.5
the sentence,1,0,0,0,0.0,0.5
the sentinel,2,0,0,0,0.0,0.5
the september issue,1,0,0,0,0.0,0.5
the serpent and the rainbow,1,0,0,0,0.0,0.5
the servant,1,0,0,0,0.0,0.5
the sessions,1,0,0,0,0.0,0.5
the settlers,1,0,0,0,0.0,0.5
the seventh continent,1,0,0,0,0.0,0.5
the seventh fire,1,0,0,0,0.0,0.5
the seventh seal,1,0,0,0,0.0,0.5
the shack,1,0,0,0,0.0,0.5
the shadow,1,0,0,0,0.0,0.5
the shaggy dog,1,0,0,0,0.0,0.5
the shallows,1,0,0,0,0.0,0.5
the shape of things,1,0,0,0,0.0,0.5
the shape of water,5,4,1,0,0.8,0.8400000000000001
the shawshank redemption,2,2,0,0,1.0,1.0
the shining,3,2,1,0,0.6666666666666666,0.9
the shipping news,1,0,0,0,0.0,0.5
the shop around the corner,1,0,0,0,0.0,0.5
the short game,1,0,0,0,0.0,0.5
the short history of the long road,1,0,0,0,0.0,0.5
the sicilian girl,1,0,0,0,0.0,0.5
the siege,1,0,0,0,0.0,0.5
the silence,1,0,0,0,0.0,0.5
the silence of the lambs,4,4,0,0,1.0,0.975
the silent partner,1,0,0,0,0.0,0.5
the silent twins,1,0,0,0,0.0,0.5
the simian line,1,0,0,0,0.0,0.5
the simpsons movie,1,1,0,0,1.0,0.8
the simpsons movie 200 6,1,1,0,0,1.0,0.8
the singing detective,1,0,0,0,0.0,0.5
the singing forest,1,0,0,0,0.0,0.5
the sisterhood of night,1,0,0,0,0.0,0.5
the sisterhood of the traveling pants,1,0,0,0,0.0,0.5
the sisterhood of the traveling pants 2,1,0,0,0,0.0,0.5
the sisters,1,0,0,0,0.0,0.5
the sisters brothers,1,0,0,0,0.0,0.5
the sitter,1,0,0,0,0.0,0.5
the situation,1,0,0,0,0.0,0.5
the skeleton key,1,0,0,0,0.0,0.5
the skeleton twins,1,0,0,0,0.0,0.5
the skin game,1,0,0,0,0.0,0.5
the skin i live in,1,1,0,0,1.0,0.8
the skulls,1,0,0,0,0.0,0.5
the sky is everywhere,1,0,0,0,0.0,0.5
the skyjackers tale,1,0,0,0,0.0,0.5
the slammin salmon,1,0,0,0,0.0,0.5
the slaughter rule,1,0,0,0,0.0,0.5
the sleeping beauty,1,0,0,0,0.0,0.5
the sleepover,1,0,0,0,0.0,0.5
the sleepwalker,1,0,0,0,0.0,0.5
the sleepy time gal,1,0,0,0,0.0,0.5
the sluggers wife,1,0,0,0,0.0,0.5
the slumber party massacre,1,0,0,0,0.0,0.5
the smurfs,1,0,0,0,0.0,0.5
the smurfs 2,1,0,0,0,0.0,0.5
the snapper,1,0,0,0,0.0,0.5
the snowman,1,0,0,0,0.0,0.5
the snows of kilimanjaro,1,0,0,0,0.0,0.5
the snowtown murders,1,0,0,0,0.0,0.5
the social dilemma,3,1,2,0,0.3333333333333333,0.7
the social network,14,12,0,0,0.8571428571428571,0.975
the soloist,1,0,0,0,0.0,0.5
the son,2,0,0,0,0.0,0.5
the son of joseph,1,0,0,0,0.0,0.5
the son of no one,1,0,0,0,0.0,0.5
the sonata,1,0,0,0,0.0,0.5
the song of names,1,0,0,0,0.0,0.5
the song of sway lake,1,0,0,0,0.0,0.5
the sons of katie elder,1,0,0,0,0.0,0.5
the sons of tennessee williams,1,0,0,0,0.0,0.5
the sorcerer and the white snake,1,0,0,0,0.0,0.5
the sorcerers apprentice,1,0,0,0,0.0,0.5
the sound of music,2,2,0,0,1.0,1.0
the sound of silence,1,0,0,0,0.0,0.5
the source,1,0,0,0,0.0,0.5
the source family,1,0,0,0,0.0,0.5
the souvenir,1,0,0,0,0.0,0.5
the souvenir part ii,1,0,0,0,0.0,0.5
the space between us,1,0,0,0,0.0,0.5
the sparks brothers,1,0,0,0,0.0,0.5
the specialist,1,0,0,0,0.0,0.5
the specials,1,0,0,0,0.0,0.5
the spectacular now,1,0,0,0,0.0,0.5
the spiderwick chronicles,1,0,0,0,0.0,0.5
the spine of night,1,0,0,0,0.0,0.5
the spirit,1,0,0,0,0.0,0.5
the spongebob movie sponge on the run,1,0,0,0,0.0,0.5
the spongebob movie sponge out of water,1,0,0,0,0.0,0.5
the spongebob squarepants movie,3,3,0,0,1.0,0.9666666666666666
the spy next door,1,0,0,0,0.0,0.5
the spy who dumped me,1,0,0,0,0.0,0.5
the spy who loved me,1,0,0,0,0.0,0.5
the square,2,2,0,0,1.0,0.8
the squeeze,1,0,0,0,0.0,0.5
the squid and the whale,1,1,0,0,1.0,1.0
the stand in,1,0,0,0,0.0,0.5
the standoff at sparrow creek,1,0,0,0,0.0,0.5
the stanford prison experiment,1,0,0,0,0.0,0.5
the star,1,0,0,0,0.0,0.5
the star chamber,1,0,0,0,0.0,0.5
the starling,1,0,0,0,0.0,0.5
the starling girl,1,0,0,0,0.0,0.5
the statement,1,0,0,0,0.0,0.5
the station agent,1,0,0,0,0.0,0.5
the stepfather,2,0,0,0,0.0,0.5
the stepford wives,2,0,0,0,0.0,0.5
the sterile cuckoo,1,0,0,0,0.0,0.5
the sting,1,0,0,0,0.0,0.5
the stone roses made of stone,1,0,0,0,0.0,0.5
the stoning of soraya m,1,0,0,0,0.0,0.5
the story of us,1,0,0,0,0.0,0.5
the straight story,1,0,0,0,0.0,0.5
the strange case of angelica,1,0,0,0,0.0,0.5
the strange color of your bodys tears,1,0,0,0,0.0,0.5
the strange thing about the johnsons,2,0,1,0,0.0,0.6
the stranger,2,0,0,0,0.0,0.5
the strangers,1,0,0,0,0.0,0.5
the strangers prey at night,1,0,0,0,0.0,0.5
the strip,1,0,0,0,0.0,0.5
the student,1,0,0,0,0.0,0.5
the stunt man,1,0,0,0,0.0,0.5
the substitute,1,0,0,0,0.0,0.5
the suburbans,1,0,0,0,0.0,0.5
the suicide squad,9,5,3,0,0.5555555555555556,0.8375
the sum of all fears,1,0,0,0,0.0,0.5
the summer of sangaile,1,0,0,0,0.0,0.5
the summit,1,0,0,0,0.0,0.5
the summit of the gods,1,0,0,0,0.0,0.5
the sun,1,0,0,0,0.0,0.5
the sun behind the clouds tibets struggle for freedom,1,0,0,0,0.0,0.5
the sun is also a star,1,0,0,0,0.0,0.5
the sundowners,1,0,0,0,0.0,0.5
the sunlit night,1,0,0,0,0.0,0.5
the sure thing,1,0,0,0,0.0,0.5
the surrogate,1,0,0,0,0.0,0.5
the survivalist,1,0,0,0,0.0,0.5
the survivor,1,0,0,0,0.0,0.5
the swan,1,0,0,0,0.0,0.5
the swan princess,1,0,0,0,0.0,0.5
the sweeney,1,0,0,0,0.0,0.5
the sweet hereafter,1,0,0,0,0.0,0.5
the sweetest thing,1,0,0,0,0.0,0.5
the swell season,1,0,0,0,0.0,0.5
the swenkas,1,0,0,0,0.0,0.5
the switch,1,0,0,0,0.0,0.5
the syrian bride,1,0,0,0,0.0,0.5
the tailor of panama,1,0,0,0,0.0,0.5
the take,3,0,0,0,0.0,0.5
the takedown,1,0,0,0,0.0,0.5
the taking of pelham 1 2 3,1,0,0,0,0.0,0.5
the tale,1,0,0,0,0.0,0.5
the tale of despereaux,1,0,0,0,0.0,0.5
the tale of king crab,1,0,0,0,0.0,0.5
the tale of the princess kaguya,1,0,0,0,0.0,0.5
the talent given us,1,0,0,0,0.0,0.5
the talented mr ripley,4,4,0,0,1.0,0.85
the tall man,1,0,0,0,0.0,0.5
the tao of steve,1,0,0,0,0.0,0.5
the taqwacores,1,0,0,0,0.0,0.5
the taste of money,1,0,0,0,0.0,0.5
the taste of others,1,0,0,0,0.0,0.5
the tavern,1,0,0,0,0.0,0.5
the tempest,1,0,0,0,0.0,0.5
the ten,1,0,0,0,0.0,0.5
the tenant,1,0,0,0,0.0,0.5
the tenants,1,0,0,0,0.0,0.5
the tender bar,1,0,0,0,0.0,0.5
the tenth man,1,0,0,0,0.0,0.5
the terminal,1,0,0,0,0.0,0.5
the terminal man,1,0,0,0,0.0,0.5
the terminator,1,0,0,0,0.0,0.5
the texas chain saw massacre,5,5,0,0,1.0,0.8800000000000001
the texas chain saw massacre 19 6  4,1,1,0,0,1.0,1.0
the texas chainsaw massacre 2,1,0,0,0,0.0,0.5
the texas chainsaw massacre the beginning,1,0,0,0,0.0,0.5
the theory of everything,1,0,0,0,0.0,0.5
the theory of flight,1,0,0,0,0.0,0.5
the thin blue line,1,0,0,0,0.0,0.5
the thin man,1,0,0,0,0.0,0.5
the thin red line,1,0,0,0,0.0,0.5
the thing,8,8,0,0,1.0,0.975
the thing about my folks,1,0,0,0,0.0,0.5
the thing called love,1,0,0,0,0.0,0.5
the third man,1,0,0,0,0.0,0.5
the third miracle,1,0,0,0,0.0,0.5
the third murder,1,0,0,0,0.0,0.5
the third wife,1,0,0,0,0.0,0.5
the thirteenth floor,1,0,0,0,0.0,0.5
the thomas crown affair,2,0,0,0,0.0,0.5
the thorn in the heart,1,0,0,0,0.0,0.5
the three faces of eve,1,0,0,0,0.0,0.5
the three marias,1,0,0,0,0.0,0.5
the three musketeers,2,0,0,0,0.0,0.5
the ticket,1,0,0,0,0.0,0.5
the tiger hunter,1,0,0,0,0.0,0.5
the tigger movie,1,0,0,0,0.0,0.5
the tillman story,1,0,0,0,0.0,0.5
the time being,1,0,0,0,0.0,0.5
the time machine,2,0,0,0,0.0,0.5
the time that remains,1,0,0,0,0.0,0.5
the times of bill cunningham,1,0,0,0,0.0,0.5
the tin drum,1,0,0,0,0.0,0.5
the tinder swindler,3,0,3,0,0.0,0.6333333333333333
the to do list,1,0,0,0,0.0,0.5
the tollbooth,1,0,0,0,0.0,0.5
the tomorrow man,1,0,0,0,0.0,0.5
the tomorrow war,1,0,0,0,0.0,0.5
the topp twins untouchable girls,1,0,0,0,0.0,0.5
the tortured,1,0,0,0,0.0,0.5
the tourist,1,0,0,0,0.0,0.5
the towering inferno,1,0,0,0,0.0,0.5
the town,1,0,0,0,0.0,0.5
the town is quiet,1,0,0,0,0.0,0.5
the toy,1,0,0,0,0.0,0.5
the tracey fragments,1,0,0,0,0.0,0.5
the tragedy of macbeth,3,2,0,0,0.6666666666666666,0.9
the train,1,0,0,0,0.0,0.5
the train robbers,1,0,0,0,0.0,0.5
the traitor,1,0,0,0,0.0,0.5
the transfiguration,1,0,0,0,0.0,0.5
the transporter,1,0,0,0,0.0,0.5
the transporter refueled,1,0,0,0,0.0,0.5
the treasure of the sierra madre,1,0,0,0,0.0,0.5
the treatment,1,0,0,0,0.0,0.5
the tree,1,0,0,0,0.0,0.5
the tree of life,1,0,0,0,0.0,0.5
the trial of the chicago  6,2,0,1,1,0.0,0.55
the trial of the chicago 7,1,0,0,0,0.0,0.5
the trials of henry kissinger,1,0,0,0,0.0,0.5
the trials of muhammad ali,1,0,0,0,0.0,0.5
the tribe,1,0,0,0,0.0,0.5
the tribes of palos verdes,1,0,0,0,0.0,0.5
the trigger effect,1,0,0,0,0.0,0.5
the trip,1,0,0,0,0.0,0.5
the trip to bountiful,1,0,0,0,0.0,0.5
the trip to greece,1,0,0,0,0.0,0.5
the trip to italy,1,0,0,0,0.0,0.5
the trip to spain,1,0,0,0,0.0,0.5
the triumph of love,1,0,0,0,0.0,0.5
the trouble with bliss,1,0,0,0,0.0,0.5
the trouble with harry,1,0,0,0,0.0,0.5
the true adventures of wolfboy,1,0,0,0,0.0,0.5
the truffle hunters,1,0,0,0,0.0,0.5
the truman show,8,7,1,0,0.875,0.8625
the trumpet of the swan,1,0,0,0,0.0,0.5
the trust,1,0,0,0,0.0,0.5
the truth,1,0,0,0,0.0,0.5
the truth about cats  dogs,1,0,0,0,0.0,0.5
the truth about charlie,1,0,0,0,0.0,0.5
the truth about emanuel,1,0,0,0,0.0,0.5
the tunnel,1,0,0,0,0.0,0.5
the turandot project,1,0,0,0,0.0,0.5
the turin horse,1,0,0,0,0.0,0.5
the turning,1,0,0,1,0.0,0.2
the turning point,1,0,0,0,0.0,0.5
the tuxedo,1,0,0,0,0.0,0.5
the twentieth century,1,0,0,0,0.0,0.5
the twilight saga breaking dawn  part 1,1,0,1,0,0.0,0.7
the twilight saga breaking dawn  part 2,2,1,0,1,0.5,0.7
the twilight saga eclipse,3,1,0,2,0.3333333333333333,0.5333333333333333
the twilight saga new moon,8,0,2,5,0.0,0.37142857142857144
the twilight samurai,1,0,0,0,0.0,0.5
the two faces of january,1,0,0,0,0.0,0.5
the two popes,2,0,2,0,0.0,0.65
the ugly truth,1,0,0,0,0.0,0.5
the ultimate gift,1,0,0,0,0.0,0.5
the umbrellas of cherbourg rereleased,1,0,0,0,0.0,0.5
the unbearable weight of massive talent,6,1,4,1,0.16666666666666666,0.5666666666666667
the unbelievers,1,0,0,0,0.0,0.5
the unborn,1,0,0,0,0.0,0.5
the undefeated,1,0,0,0,0.0,0.5
the underneath,1,0,0,0,0.0,0.5
the unforeseen,1,0,0,0,0.0,0.5
the unforgivable,1,0,0,0,0.0,0.5
the unholy,1,0,0,0,0.0,0.5
the united states of leland,1,0,0,0,0.0,0.5
the united states vs billie holiday,1,0,0,0,0.0,0.5
the universe of keith haring,1,0,0,0,0.0,0.5
the unknown girl,1,0,0,0,0.0,0.5
the unknown known,1,0,0,0,0.0,0.5
the unknown woman,1,0,0,0,0.0,0.5
the untamed,1,0,0,0,0.0,0.5
the untold story of emmett louis till,1,0,0,0,0.0,0.5
the untouchables,1,0,0,0,0.0,0.5
the upside,1,0,0,0,0.0,0.5
the upside of anger,1,0,0,0,0.0,0.5
the usual suspects,1,0,0,0,0.0,0.5
the valet,2,0,0,0,0.0,0.5
the vanishing,1,0,0,0,0.0,0.5
the vanishing of sidney hall,1,0,0,0,0.0,0.5
the vast of night,1,0,0,0,0.0,0.5
the vatican tapes,1,0,0,0,0.0,0.5
the velvet underground,1,0,0,0,0.0,0.5
the vessel,1,0,0,0,0.0,0.5
the vigil,1,0,0,0,0.0,0.5
the village,1,0,0,0,0.0,0.5
the villainess,1,0,0,0,0.0,0.5
the violent heart,1,0,0,0,0.0,0.5
the virgin suicides,7,6,0,0,0.8571428571428571,0.8833333333333334
the virginity hit,1,0,0,0,0.0,0.5
the virtuoso,1,0,0,0,0.0,0.5
the visit,2,0,0,0,0.0,0.5
the visitor,1,0,0,0,0.0,0.5
the visual bible the gospel of john,1,0,0,0,0.0,0.5
the voices,1,0,0,0,0.0,0.5
the void,1,0,0,0,0.0,0.5
the vow,1,0,0,0,0.0,0.5
the voyeurs,1,0,1,0,0.0,0.5
the wackness,1,0,0,0,0.0,0.5
the wages of fear,1,0,0,0,0.0,0.5
the wailing,1,0,0,0,0.0,0.5
the wait,1,0,0,0,0.0,0.5
the waiting room,1,0,0,0,0.0,0.5
the waldheim waltz,1,0,0,0,0.0,0.5
the walk,1,0,0,0,0.0,0.5
the walker,1,0,0,0,0.0,0.5
the wall,2,0,0,0,0.0,0.5
the wanderers,1,0,0,0,0.0,0.5
the wandering earth,1,0,0,0,0.0,0.5
the wandering earth ii,1,0,0,0,0.0,0.5
the war of the roses,1,0,0,0,0.0,0.5
the war of the worlds,1,0,0,0,0.0,0.5
the war tapes,1,0,0,0,0.0,0.5
the war with grandpa,1,0,0,0,0.0,0.5
the war within,1,0,0,0,0.0,0.5
the war zone,1,0,0,0,0.0,0.5
the ward,1,0,0,0,0.0,0.5
the warrior,1,0,0,0,0.0,0.5
the warrior queen of jhansi,1,0,0,0,0.0,0.5
the warriors way,1,0,0,0,0.0,0.5
the wash,1,0,0,0,0.0,0.5
the watcher,1,0,0,0,0.0,0.5
the watcher in the woods,1,0,0,0,0.0,0.5
the water diviner,1,0,0,0,0.0,0.5
the water horse,1,0,0,0,0.0,0.5
the water man,1,0,0,0,0.0,0.5
the waterboy,1,0,0,0,0.0,0.5
the watermelon woman,1,0,0,0,0.0,0.5
the wave,2,0,0,0,0.0,0.5
the way,1,0,0,0,0.0,0.5
the way back,2,0,0,0,0.0,0.5
the way home,1,0,0,0,0.0,0.5
the way i see it,1,0,0,0,0.0,0.5
the way of the dragon,1,0,0,0,0.0,0.5
the way of the gun,1,0,0,0,0.0,0.5
the way way back,1,0,0,0,0.0,0.5
the way we get by,1,0,0,0,0.0,0.5
the way we were,1,0,0,0,0.0,0.5
the wayward cloud,1,0,0,0,0.0,0.5
the we and the i,1,0,0,0,0.0,0.5
the weather man,1,0,0,0,0.0,0.5
the wedding date,1,0,0,0,0.0,0.5
the wedding guest,1,0,0,0,0.0,0.5
the wedding plan,1,0,0,0,0.0,0.5
the wedding planner,1,0,0,0,0.0,0.5
the wedding ringer,1,0,0,0,0.0,0.5
the wedding singer,1,0,0,0,0.0,0.5
the wedding song,1,0,0,0,0.0,0.5
the wedding weekend,1,0,0,0,0.0,0.5
the week of,1,0,0,0,0.0,0.5
the weekend,1,0,0,0,0.0,0.5
the weight of water,1,0,0,0,0.0,0.5
the well diggers daughter,1,0,0,0,0.0,0.5
the wendell baker story,1,0,0,0,0.0,0.5
the whale,12,4,4,2,0.3333333333333333,0.6
the wheel,1,0,0,0,0.0,0.5
the whistleblower,1,0,0,0,0.0,0.5
the whistlers,1,0,0,0,0.0,0.5
the white countess,1,0,0,0,0.0,0.5
the white crow,1,0,0,0,0.0,0.5
the white fortress,1,0,0,0,0.0,0.5
the whole ten yards,1,0,0,0,0.0,0.5
the whole truth,1,0,0,0,0.0,0.5
the whores son,1,0,0,0,0.0,0.5
the wicker man,2,0,0,0,0.0,0.5
the wife,1,0,0,0,0.0,0.5
the wild,1,0,0,0,0.0,0.5
the wild blue yonder,1,0,0,0,0.0,0.5
the wild bunch,1,0,0,0,0.0,0.5
the wild goose lake,1,0,0,0,0.0,0.5
the wild life,1,0,0,0,0.0,0.5
the wild parrots of telegraph hill,1,0,0,0,0.0,0.5
the wild pear tree,1,0,0,0,0.0,0.5
the wild thornberrys movie,1,0,0,0,0.0,0.5
the wildest dream,1,0,0,0,0.0,0.5
the willoughbys,1,0,0,0,0.0,0.5
the wind,1,0,0,0,0.0,0.5
the wind and the lion,1,0,0,0,0.0,0.5
the wind rises,1,0,0,0,0.0,0.5
the wind that shakes the barley,1,0,0,0,0.0,0.5
the wind will carry us,1,0,0,0,0.0,0.5
the wings of the dove,1,0,0,0,0.0,0.5
the winning season,1,0,0,0,0.0,0.5
the winslow boy,1,0,0,0,0.0,0.5
the wisdom of crocodiles,1,0,0,0,0.0,0.5
the witch,11,11,0,0,1.0,0.9090909090909092
the witches,2,0,0,0,0.0,0.5
the witches of eastwick,1,0,0,0,0.0,0.5
the wiz,1,0,0,0,0.0,0.5
the wizard,1,0,0,0,0.0,0.5
the wizard of oz,2,2,0,0,1.0,0.9
the wolf house,1,0,0,0,0.0,0.5
the wolf of snow hollow,1,0,0,0,0.0,0.5
the wolf of wall street,4,4,0,0,1.0,0.925
the wolfman,1,0,0,0,0.0,0.5
the wolfpack,1,0,0,0,0.0,0.5
the wolves of kromer,1,0,0,0,0.0,0.5
the woman,1,0,0,0,0.0,0.5
the woman chaser,1,0,0,0,0.0,0.5
the woman in black,1,0,0,0,0.0,0.5
the woman in black 2 angel of death,1,0,0,0,0.0,0.5
the woman in red,1,0,0,0,0.0,0.5
the woman in the fifth,1,0,0,0,0.0,0.5
the woman in the window,2,0,0,2,0.0,0.35
the woman on the 6th floor,1,0,0,0,0.0,0.5
the woman who left,1,0,0,0,0.0,0.5
the woman who loves giraffes,1,0,0,0,0.0,0.5
the woman who ran,1,0,0,0,0.0,0.5
the woman with the 5 elephants,1,0,0,0,0.0,0.5
the women,1,0,0,0,0.0,0.5
the womens balcony,1,0,0,0,0.0,0.5
the wonder,2,1,1,0,0.5,0.75
the wonders,1,0,0,0,0.0,0.5
the wood,1,0,0,0,0.0,0.5
the woodmans,1,0,0,0,0.0,0.5
the woodsman,1,0,0,0,0.0,0.5
the words,1,0,0,0,0.0,0.5
the work,1,0,0,0,0.0,0.5
the workshop,1,0,0,0,0.0,0.5
the world,1,0,0,0,0.0,0.5
the world according to garp,1,0,0,0,0.0,0.5
the world is not enough,1,0,0,0,0.0,0.5
the world is yours,1,0,0,0,0.0,0.5
the world made straight,1,0,0,0,0.0,0.5
the world to come,1,0,0,0,0.0,0.5
the worldâs end,1,1,0,0,1.0,0.9
the worst person in the world,14,11,1,0,0.7857142857142857,0.9333333333333333
the wound,1,0,0,0,0.0,0.5
the wrecking crew,1,0,0,0,0.0,0.5
the wrestler,1,0,0,0,0.0,0.5
the wretched,1,0,0,0,0.0,0.5
the wrong man,1,0,0,0,0.0,0.5
the x files,1,0,0,0,0.0,0.5
the x files i want to believe,1,0,0,0,0.0,0.5
the yards,1,0,0,0,0.0,0.5
the year my parents went on vacation,1,0,0,0,0.0,0.5
the year of living dangerously,1,0,0,0,0.0,0.5
the year of spectacular men,1,0,0,0,0.0,0.5
the year of the everlasting storm,1,0,0,0,0.0,0.5
the yellow handkerchief,1,0,0,0,0.0,0.5
the yellow sea,1,0,0,0,0.0,0.5
the yes men,1,0,0,0,0.0,0.5
the yes men are revolting,1,0,0,0,0.0,0.5
the yes men fix the world,1,0,0,0,0.0,0.5
the young black stallion,1,0,0,0,0.0,0.5
the young girls of rochefort,1,1,0,0,1.0,0.8
the young karl marx,1,0,0,0,0.0,0.5
the young messiah,1,0,0,0,0.0,0.5
the young unknowns,1,0,0,0,0.0,0.5
the young victoria,1,0,0,0,0.0,0.5
the zen of bennett,1,0,0,0,0.0,0.5
the zero theorem,1,0,0,0,0.0,0.5
the zookeepers wife,1,0,0,0,0.0,0.5
theater camp,1,0,0,0,0.0,0.5
theater of blood,1,0,0,0,0.0,0.5
theater of war,1,0,0,0,0.0,0.5
theeb,1,0,0,0,0.0,0.5
theeviravaathi the terrorist,1,0,0,0,0.0,0.5
thelma,1,0,0,0,0.0,0.5
thelma  louise,2,2,0,0,1.0,0.95
them,1,0,0,0,0.0,0.5
them that follow,1,0,0,0,0.0,0.5
then came you,1,0,0,0,0.0,0.5
then she found me,1,0,0,0,0.0,0.5
theo who lived,1,0,0,0,0.0,0.5
therapy for a vampire,1,0,0,0,0.0,0.5
there is no evil,1,0,0,0,0.0,0.5
there there,1,0,0,0,0.0,0.5
there was a crooked man,1,0,0,0,0.0,0.5
there will be blood,4,3,0,1,0.75,0.775
theres someone inside your house,1,0,0,0,0.0,0.5
theres something about mary,1,0,0,0,0.0,0.5
these birds walk,1,0,0,0,0.0,0.5
these final hours,1,0,0,0,0.0,0.5
they,1,0,0,0,0.0,0.5
they all laughed,1,0,0,0,0.0,0.5
they came together,1,0,0,0,0.0,0.5
they live,1,0,1,0,0.0,0.7
they live by night,1,0,0,0,0.0,0.5
they remain,1,0,0,0,0.0,0.5
they shall not grow old,1,0,0,0,0.0,0.5
they shoot horses dont they,1,0,0,0,0.0,0.5
they were expendable,1,0,0,0,0.0,0.5
theyre watching,1,0,0,0,0.0,0.5
theythem,1,0,0,1,0.0,0.3
thief,1,0,0,0,0.0,0.5
thieves,1,0,0,0,0.0,0.5
thieves like us,1,0,0,0,0.0,0.5
things change,1,0,0,0,0.0,0.5
things heard  seen,1,0,0,0,0.0,0.5
things to come,1,0,0,0,0.0,0.5
things to do in denver when youre dead,1,0,0,0,0.0,0.5
things we lost in the fire,1,0,0,0,0.0,0.5
things you can tell just by looking at her,1,0,0,0,0.0,0.5
think like a man,1,0,0,0,0.0,0.5
think like a man too,1,0,0,0,0.0,0.5
thinner,1,0,0,0,0.0,0.5
third world cop,1,0,0,0,0.0,0.5
thirst,1,0,0,0,0.0,0.5
thirst street,1,0,0,0,0.0,0.5
thirteen,6,6,0,0,1.0,0.8
thirteen days,1,0,0,0,0.0,0.5
thirteen ghosts,1,0,0,0,0.0,0.5
thirteen lives,1,0,0,0,0.0,0.5
this aint california,1,0,0,0,0.0,0.5
this beautiful fantastic,1,0,0,0,0.0,0.5
this boys life,1,0,0,0,0.0,0.5
this changes everything,1,0,0,0,0.0,0.5
this divided state,1,0,0,0,0.0,0.5
this film is not yet rated,1,0,0,0,0.0,0.5
this is congo,1,0,0,0,0.0,0.5
this is elvis,1,0,0,0,0.0,0.5
this is england,1,0,0,0,0.0,0.5
this is everything gigi gorgeous,1,0,0,0,0.0,0.5
this is it,1,0,0,0,0.0,0.5
this is not a burial its a resurrection,1,0,0,0,0.0,0.5
this is not a film,1,0,0,0,0.0,0.5
this is not a movie,1,0,0,0,0.0,0.5
this is not berlin,1,0,0,0,0.0,0.5
this is our land,1,0,0,0,0.0,0.5
this is spinal tap,1,0,0,0,0.0,0.5
this is the end,3,1,2,0,0.3333333333333333,0.6666666666666667
this is where i leave you,1,0,0,0,0.0,0.5
this means war,1,0,0,0,0.0,0.5
this much i know to be true,1,0,0,0,0.0,0.5
this ones for the ladies,1,0,0,0,0.0,0.5
this revolution,1,0,0,0,0.0,0.5
this socalled disaster sam shepard directs the late henry moss,1,0,0,0,0.0,0.5
this thing of ours,1,0,0,0,0.0,0.5
thomas and the magic railroad,1,0,0,0,0.0,0.5
thomas in love,1,0,0,0,0.0,0.5
thor,1,0,1,0,0.0,0.6
thor love and thunder,15,1,5,7,0.06666666666666667,0.45384615384615384
thor ragnarok,4,3,1,0,0.75,0.9
thor the dark world,1,0,0,0,0.0,0.5
thoroughbreds,4,4,0,0,1.0,0.9
those who wish me dead,1,0,0,0,0.0,0.5
thou wast mild and lovely,1,0,0,0,0.0,0.5
thr3e,1,0,0,0,0.0,0.5
three,1,0,0,0,0.0,0.5
three amigos,1,0,0,0,0.0,0.5
three billboards outside ebbing missouri,1,0,1,0,0.0,0.7
three christs,1,0,0,0,0.0,0.5
three colors blue,1,1,0,0,1.0,1.0
three days of rain,1,0,0,0,0.0,0.5
three days of the condor,1,0,0,0,0.0,0.5
three extremes,1,0,0,0,0.0,0.5
three floors,1,0,0,0,0.0,0.5
three fugitives,1,0,0,0,0.0,0.5
three kings,1,0,0,0,0.0,0.5
three minutes a lengthening,1,0,0,0,0.0,0.5
three monkeys,1,0,0,0,0.0,0.5
three oclock high,1,0,0,0,0.0,0.5
three of hearts a postmodern family,1,0,0,0,0.0,0.5
three peaks,1,0,0,0,0.0,0.5
three stars,1,0,0,0,0.0,0.5
three thousand years of longing,2,2,0,0,1.0,0.8
three times,1,0,0,0,0.0,0.5
three to tango,1,0,0,0,0.0,0.5
through a glass darkly,1,0,0,0,0.0,0.5
through a lens darkly black photographers and the emergence of a people,1,0,0,0,0.0,0.5
through my window,1,0,0,1,0.0,0.1
through the fire,1,0,0,0,0.0,0.5
throw momma from the train,1,0,0,0,0.0,0.5
thumbsucker,1,0,0,0,0.0,0.5
thunder force,1,0,0,0,0.0,0.5
thunder road,2,2,0,0,1.0,1.0
thunder soul,1,0,0,0,0.0,0.5
thunderball,1,0,0,0,0.0,0.5
thunderbirds,1,0,0,0,0.0,0.5
thunderbolt and lightfoot,1,0,0,0,0.0,0.5
thunderheart,1,0,0,0,0.0,0.5
thx 1138,1,0,0,0,0.0,0.5
thérèse,1,0,0,0,0.0,0.5
tibet a buddhist trilogy,1,0,0,0,0.0,0.5
tibet cry of the snow lion,1,0,0,0,0.0,0.5
tick tickboom,2,2,0,0,1.0,0.9
tick tickâboom,11,5,5,1,0.45454545454545453,0.6909090909090909
ticket to paradise,1,0,0,0,0.0,0.5
tickled,1,0,0,0,0.0,0.5
tickling giants,1,0,0,0,0.0,0.5
tideland,1,0,0,0,0.0,0.5
tie me up tie me down,1,0,0,0,0.0,0.5
tiger eyes,1,0,0,0,0.0,0.5
tiger king murder mayhem and madness,1,1,0,0,1.0,1.0
tigerland,1,0,0,0,0.0,0.5
tigers are not afraid,1,0,0,0,0.0,0.5
tigertail,1,0,0,0,0.0,0.5
tightrope,1,0,0,0,0.0,0.5
tikkun,1,0,0,0,0.0,0.5
till,1,0,0,0,0.0,0.5
till human voices wake us,1,0,0,0,0.0,0.5
tim and erics billion dollar movie,1,0,0,0,0.0,0.5
timbuktu,1,0,0,0,0.0,0.5
time,2,0,0,0,0.0,0.5
time after time,1,0,0,0,0.0,0.5
time and tide,1,0,0,0,0.0,0.5
time bandits,1,0,0,0,0.0,0.5
time of the wolf,1,0,0,0,0.0,0.5
time out of mind,1,0,0,0,0.0,0.5
time to choose,1,0,0,0,0.0,0.5
time to leave,1,0,0,0,0.0,0.5
timecode,1,0,0,0,0.0,0.5
timecop,1,0,0,0,0.0,0.5
timecrimes,1,0,0,0,0.0,0.5
timeline,1,0,0,0,0.0,0.5
timmy failure mistakes were made,1,0,0,0,0.0,0.5
tims vermeer,1,0,0,0,0.0,0.5
tin men,1,0,0,0,0.0,0.5
tinker tailor soldier spy,1,0,0,0,0.0,0.5
tiny furniture,1,0,0,0,0.0,0.5
tiny tim king for a day,1,0,0,0,0.0,0.5
tis autumn the search for jackie paris,1,0,0,0,0.0,0.5
titan ae,1,0,0,0,0.0,0.5
titane,10,10,0,0,1.0,0.9400000000000001
titanic,6,5,1,0,0.8333333333333334,0.9
titanic town,1,0,0,0,0.0,0.5
to all the boys always and forever,1,0,1,0,0.0,0.7
to all the boys ive loved before,1,0,0,0,0.0,0.5
to all the boys iâve loved before,1,0,1,0,0.0,0.7
to be and to have,1,0,0,0,0.0,0.5
to be heard,1,0,0,0,0.0,0.5
to be or not to be,1,0,0,0,0.0,0.5
to be takei,1,0,0,0,0.0,0.5
to catch a thief,1,0,0,0,0.0,0.5
to die for,1,0,0,0,0.0,0.5
to dust,1,0,0,0,0.0,0.5
to each his own,1,0,0,0,0.0,0.5
to have and have not,1,0,0,0,0.0,0.5
to kill a mockingbird,1,0,0,0,0.0,0.5
to leslie,1,0,0,0,0.0,0.5
to live and die in la,1,0,0,0,0.0,0.5
to rome with love,1,0,0,0,0.0,0.5
to save a life,1,0,0,0,0.0,0.5
to sir with love,1,0,0,0,0.0,0.5
to the arctic,1,0,0,0,0.0,0.5
to the bone,1,0,0,0,0.0,0.5
to the end,1,0,0,0,0.0,0.5
to the stars,1,0,0,0,0.0,0.5
to the wonder,1,0,0,0,0.0,0.5
to wong foo thanks for everything julie newmar,1,0,0,0,0.0,0.5
toast,1,0,0,0,0.0,0.5
todays special,1,0,0,0,0.0,0.5
together,3,0,0,0,0.0,0.5
togo,1,0,0,0,0.0,0.5
tokyo,1,0,0,0,0.0,0.5
tokyo decadence,1,0,0,0,0.0,0.5
tokyo eyes,1,0,0,0,0.0,0.5
tokyo godfathers,1,1,0,0,1.0,0.9
tokyo sonata,1,0,0,0,0.0,0.5
tokyo tribe,1,0,0,0,0.0,0.5
tokyo waka a city poem,1,0,0,0,0.0,0.5
tolkien,1,0,0,0,0.0,0.5
tom  jerry,1,0,0,0,0.0,0.5
tom at the farm,1,0,0,0,0.0,0.5
tom clancys without remorse,1,0,0,0,0.0,0.5
tom dowd  the language of music,1,0,0,0,0.0,0.5
tom jones,1,0,0,0,0.0,0.5
tom of finland,1,0,0,0,0.0,0.5
tom petty somewhere you feel free,1,0,0,0,0.0,0.5
tomb raider,1,0,0,0,0.0,0.5
tomboy,1,1,0,0,1.0,0.9
tombstone,1,0,0,0,0.0,0.5
tommaso,1,0,0,0,0.0,0.5
tommy,1,0,0,0,0.0,0.5
tommy boy,1,0,0,0,0.0,0.5
tommys honour,1,0,0,0,0.0,0.5
tomorrow,1,0,0,0,0.0,0.5
tomorrow never dies,1,0,0,0,0.0,0.5
tomorrowland,1,0,0,0,0.0,0.5
toni erdmann,1,0,0,0,0.0,0.5
toni morrison the pieces i am,1,0,0,0,0.0,0.5
tonight youre mine,1,0,0,0,0.0,0.5
tony hawk until the wheels fall off,1,0,0,0,0.0,0.5
tony robbins i am not your guru,1,0,0,0,0.0,0.5
tony takitani,1,0,0,0,0.0,0.5
too late,1,0,0,0,0.0,0.5
too much sleep,1,0,0,0,0.0,0.5
tootsie,1,0,0,0,0.0,0.5
top five,1,0,0,0,0.0,0.5
top gun,10,0,9,0,0.0,0.611111111111111
top gun maverick,18,17,0,1,0.9444444444444444,0.8277777777777778
top hat,1,0,0,0,0.0,0.5
top secret,1,0,0,0,0.0,0.5
topsyturvy,1,0,0,0,0.0,0.5
tori and lokita,1,0,0,0,0.0,0.5
torn,1,0,0,0,0.0,0.5
torn curtain,1,0,0,0,0.0,0.5
torque,1,0,0,0,0.0,0.5
torremolinos 73,1,0,0,0,0.0,0.5
tortilla soup,1,0,0,0,0.0,0.5
tosca,1,0,0,0,0.0,0.5
total eclipse,1,0,0,0,0.0,0.5
total recall,2,0,0,0,0.0,0.5
totally under control,1,0,0,0,0.0,0.5
touch,1,0,0,0,0.0,0.5
touch me not,1,0,0,0,0.0,0.5
touch of evil,1,0,0,0,0.0,0.5
touch of pink,1,0,0,0,0.0,0.5
touch the sound a sound journey with evelyn glennie,1,0,0,0,0.0,0.5
touched with fire,1,0,0,0,0.0,0.5
touching home,1,0,0,0,0.0,0.5
touching the void,1,0,0,0,0.0,0.5
touchy feely,1,0,0,0,0.0,0.5
tough guys,1,0,0,0,0.0,0.5
tove,1,0,0,0,0.0,0.5
towelhead,1,0,0,0,0.0,0.5
tower,1,0,0,0,0.0,0.5
tower heist,1,0,0,0,0.0,0.5
town  country,1,0,0,0,0.0,0.5
toy soldiers,1,0,0,0,0.0,0.5
toy story,1,1,0,0,1.0,0.8
toy story 2,1,1,0,0,1.0,1.0
toy story 3,1,1,0,0,1.0,0.8
toy story 4,1,0,0,0,0.0,0.5
toys in the attic,1,0,0,0,0.0,0.5
tracers,1,0,0,0,0.0,0.5
tracks,1,0,0,0,0.0,0.5
tracktown,1,0,0,0,0.0,0.5
trade,1,0,0,0,0.0,0.5
traffic,1,0,0,0,0.0,0.5
traffik,1,0,0,0,0.0,0.5
tragedy girls,1,0,0,0,0.0,0.5
trail of the pink panther,1,0,0,0,0.0,0.5
train of life,1,0,0,0,0.0,0.5
train to busan,2,1,1,0,0.5,0.75
train to busan presents peninsula,1,0,0,0,0.0,0.5
training day,1,1,0,0,1.0,0.9
trainspotting,5,4,1,0,0.8,0.82
trainwreck,1,0,0,0,0.0,0.5
traitor,1,0,0,0,0.0,0.5
tramps,1,0,0,0,0.0,0.5
trance,1,0,0,0,0.0,0.5
transamerica,1,0,0,0,0.0,0.5
transformers,1,0,0,0,0.0,0.5
transformers dark of the moon,1,0,0,0,0.0,0.5
transit,1,0,0,0,0.0,0.5
transpecos,1,0,0,0,0.0,0.5
transporter 2,1,0,0,0,0.0,0.5
transporter 3,1,0,0,0,0.0,0.5
transsiberian,1,0,0,0,0.0,0.5
transylmania,1,0,0,0,0.0,0.5
trapped,1,0,0,0,0.0,0.5
trapped in paradise,1,0,0,0,0.0,0.5
trash,1,0,0,0,0.0,0.5
trash fire,1,0,0,0,0.0,0.5
trash humpers,1,0,0,0,0.0,0.5
trauma,1,0,0,0,0.0,0.5
travelers and magicians,1,0,0,0,0.0,0.5
traveller,1,0,0,0,0.0,0.5
treeless mountain,1,0,0,0,0.0,0.5
trees lounge,1,0,0,0,0.0,0.5
trekkies,1,0,0,0,0.0,0.5
trembling before gd,1,0,0,0,0.0,0.5
tremors,1,0,0,0,0.0,0.5
trespass,2,0,0,0,0.0,0.5
trespass against us,1,0,0,0,0.0,0.5
trespassers,1,0,0,0,0.0,0.5
triad election,1,0,0,0,0.0,0.5
trial by fire,1,0,0,0,0.0,0.5
triangle of sadness,16,11,4,0,0.6875,0.8400000000000001
trick or treat,1,0,0,0,0.0,0.5
trilogy the weeping meadow,1,0,0,0,0.0,0.5
triple 9,1,0,0,0,0.0,0.5
triple frontier,1,0,0,0,0.0,0.5
trishna,1,0,0,0,0.0,0.5
tristan and isolde,1,0,0,0,0.0,0.5
tristram shandy a cock and bull story,1,0,0,0,0.0,0.5
trixie,1,0,0,0,0.0,0.5
trollhunter,1,0,0,0,0.0,0.5
trolls world tour,1,0,0,0,0.0,0.5
trolösa,1,0,0,0,0.0,0.5
tron,1,0,0,0,0.0,0.5
tron legacy,1,0,0,0,0.0,0.5
troop beverly hills,1,0,0,0,0.0,0.5
troop zero,1,0,0,0,0.0,0.5
trophy,1,0,0,0,0.0,0.5
tropic thunder,1,0,0,0,0.0,0.5
tropical malady,1,0,0,0,0.0,0.5
troubadours,1,0,0,0,0.0,0.5
trouble in mind,1,0,0,0,0.0,0.5
troublemakers the story of land art,1,0,0,0,0.0,0.5
troy,1,0,1,0,0.0,0.5
trucker,1,0,0,0,0.0,0.5
trudell,1,0,0,0,0.0,0.5
true colors,1,0,0,0,0.0,0.5
true confessions,1,0,0,0,0.0,0.5
true crime,1,0,0,0,0.0,0.5
true grit,2,0,0,0,0.0,0.5
true history of the kelly gang,1,0,0,0,0.0,0.5
true legend,1,0,0,0,0.0,0.5
true mothers,1,0,0,0,0.0,0.5
true romance,1,0,0,0,0.0,0.5
true stories,1,0,0,0,0.0,0.5
true story,1,0,0,0,0.0,0.5
true things,1,0,0,0,0.0,0.5
truly madly deeply,1,0,0,0,0.0,0.5
truman,1,0,0,0,0.0,0.5
truman  tennessee an intimate conversation,1,0,0,0,0.0,0.5
trumbo,1,0,0,0,0.0,0.5
trust,2,0,0,0,0.0,0.5
trust me,1,0,0,0,0.0,0.5
trust the man,1,0,0,0,0.0,0.5
truth,1,0,0,0,0.0,0.5
tsotsi,1,0,0,0,0.0,0.5
tu dors nicole,1,0,0,0,0.0,0.5
tuck everlasting,1,0,0,0,0.0,0.5
tucker the man and his dream,1,0,0,0,0.0,0.5
tuff turf,1,0,0,0,0.0,0.5
tulip fever,1,0,0,0,0.0,0.5
tully,2,0,0,0,0.0,0.5
tulpan,1,0,0,0,0.0,0.5
tumbleweeds,1,0,0,0,0.0,0.5
tupac resurrection,1,0,0,0,0.0,0.5
turbo,1,0,0,0,0.0,0.5
turbo a power rangers movie,1,0,0,0,0.0,0.5
turistas,1,0,0,0,0.0,0.5
turk 182,1,0,0,0,0.0,0.5
turn every page the adventures of robert caro and robert gottlieb,1,0,0,0,0.0,0.5
turn it up,1,0,0,0,0.0,0.5
turn me on dammit,1,0,0,0,0.0,0.5
turning red,18,11,5,1,0.6111111111111112,0.7823529411764706
turtles can fly,1,0,0,0,0.0,0.5
tusk,1,0,0,0,0.0,0.5
tuvalu,1,0,0,0,0.0,0.5
tuyas marriage,1,0,0,0,0.0,0.5
twelve,1,0,0,0,0.0,0.5
twelve and holding,1,0,0,0,0.0,0.5
twelve monkeys,1,0,0,0,0.0,0.5
twentynine palms,1,0,0,0,0.0,0.5
twice born,1,0,0,0,0.0,0.5
twice in a lifetime,1,0,0,0,0.0,0.5
twilight,12,6,3,3,0.5,0.6833333333333333
twilight of the ice nymphs,1,0,0,0,0.0,0.5
twilight zone the movie,1,0,0,0,0.0,0.5
twilights kiss,1,0,0,0,0.0,0.5
twin falls idaho,1,0,0,0,0.0,0.5
twin peaks,1,0,1,0,0.0,0.5
twin peaks fire walk with me,1,1,0,0,1.0,0.9
twin peaks the return,1,1,0,0,1.0,1.0
twins,1,0,0,0,0.0,0.5
twins of evil,1,0,0,0,0.0,0.5
twinsters,1,0,0,0,0.0,0.5
twist,1,0,0,0,0.0,0.5
twist of faith,1,0,0,0,0.0,0.5
twisted,1,0,0,0,0.0,0.5
twister,1,0,0,0,0.0,0.5
two brothers,1,0,0,0,0.0,0.5
two days one night,1,0,0,0,0.0,0.5
two family house,1,0,0,0,0.0,0.5
two for the money,1,0,0,0,0.0,0.5
two for the road,1,0,0,0,0.0,0.5
two girls and a guy,1,0,0,0,0.0,0.5
two gods,1,0,0,0,0.0,0.5
two if by sea,1,0,0,0,0.0,0.5
two in the wave,1,0,0,0,0.0,0.5
two lovers,1,0,0,0,0.0,0.5
two lovers and a bear,1,0,0,0,0.0,0.5
two moon junction,1,0,0,0,0.0,0.5
two night stand,1,0,0,0,0.0,0.5
two ninas,1,0,0,0,0.0,0.5
two of us,1,0,0,0,0.0,0.5
two plains  a fancy,1,0,0,0,0.0,0.5
two step,1,0,0,0,0.0,0.5
two weeks,1,0,0,0,0.0,0.5
two weeks notice,1,0,0,0,0.0,0.5
twominute warning,1,0,0,0,0.0,0.5
tycoon a new russian,1,0,0,0,0.0,0.5
tyler perrys a madea christmas,1,0,0,0,0.0,0.5
tyler perrys a madea family funeral,1,0,0,0,0.0,0.5
tyler perrys acrimony,1,0,0,0,0.0,0.5
tyler perrys boo 2 a madea halloween,1,0,0,0,0.0,0.5
tyler perrys temptation,1,0,0,0,0.0,0.5
typhoon,1,0,0,0,0.0,0.5
tyrannosaur,1,0,0,0,0.0,0.5
tyrel,1,0,0,0,0.0,0.5
tyson,1,0,0,0,0.0,0.5
tár,1,0,0,0,0.0,0.5
tãr,16,15,0,0,0.9375,0.9199999999999999
u turn,1,0,0,0,0.0,0.5
u want me 2 kill him,1,0,0,0,0.0,0.5
u2 3d,1,0,0,0,0.0,0.5
u571,1,0,0,0,0.0,0.5
ucarmen ekhayelitsha,1,0,0,0,0.0,0.5
uglydolls,1,0,0,0,0.0,0.5
ultimate x the movie,1,0,0,0,0.0,0.5
ultrasound,1,0,0,0,0.0,0.5
ultrasuede in search of halston,1,0,0,0,0.0,0.5
ultraviolet,1,0,0,0,0.0,0.5
umma,1,0,0,0,0.0,0.5
un chien andalou,3,1,1,0,0.3333333333333333,0.75
una,1,0,0,0,0.0,0.5
una noche,1,0,0,0,0.0,0.5
unbreakable,1,0,0,0,0.0,0.5
unbroken,1,0,0,0,0.0,0.5
unbroken path to redemption,1,0,0,0,0.0,0.5
uncertain,1,0,0,0,0.0,0.5
uncertainty,1,0,0,0,0.0,0.5
uncharted,4,0,1,3,0.0,0.45
uncle boonmee who can recall his past lives,1,0,0,0,0.0,0.5
uncle buck,1,0,0,0,0.0,0.5
uncle drew,1,0,0,0,0.0,0.5
uncle frank,1,0,0,0,0.0,0.5
uncle howard,1,0,0,0,0.0,0.5
unclenching the fists,1,0,0,0,0.0,0.5
unconscious,1,0,0,0,0.0,0.5
uncorked,1,0,0,0,0.0,0.5
uncovered the whole truth about the iraq war,1,0,0,0,0.0,0.5
uncut gems,9,8,0,0,0.8888888888888888,0.8875
undead,1,0,0,0,0.0,0.5
undefeated,1,0,0,0,0.0,0.5
under african skies,1,0,0,0,0.0,0.5
under capricorn,1,0,0,0,0.0,0.5
under fire,1,0,0,0,0.0,0.5
under our skin,1,0,0,0,0.0,0.5
under solen,1,0,0,0,0.0,0.5
under suspicion,1,0,0,0,0.0,0.5
under the cherry moon,1,0,0,0,0.0,0.5
under the citys skin,1,0,0,0,0.0,0.5
under the eiffel tower,1,0,0,0,0.0,0.5
under the electric sky,1,0,0,0,0.0,0.5
under the influence,1,0,0,0,0.0,0.5
under the same moon la misma luna,1,0,0,0,0.0,0.5
under the sand,1,0,0,0,0.0,0.5
under the sea 3d,1,0,0,0,0.0,0.5
under the shadow,1,0,0,0,0.0,0.5
under the silver lake,2,1,1,0,0.5,0.7
under the skin,1,1,0,0,1.0,0.9
under the tree,1,0,0,0,0.0,0.5
under the tuscan sun,1,0,0,0,0.0,0.5
under the volcano,1,0,0,0,0.0,0.5
under the wire,1,0,0,0,0.0,0.5
underclassman,1,0,0,0,0.0,0.5
undercover blues,1,0,0,0,0.0,0.5
underdog,1,0,0,0,0.0,0.5
undergods,1,0,0,0,0.0,0.5
underground,1,0,0,0,0.0,0.5
undertow,2,0,0,0,0.0,0.5
underwater,1,0,0,0,0.0,0.5
underworld,1,0,0,0,0.0,0.5
underworld awakening,1,0,0,0,0.0,0.5
underworld blood wars,1,0,0,0,0.0,0.5
underworld evolution,1,0,0,0,0.0,0.5
undine,1,0,0,0,0.0,0.5
undiscovered,1,0,0,0,0.0,0.5
undisputed,1,0,0,0,0.0,0.5
unfaithful,1,0,0,0,0.0,0.5
unfaithfully yours,1,0,0,0,0.0,0.5
unfinished business,1,0,0,0,0.0,0.5
unfinished song,1,0,0,0,0.0,0.5
unforgettable,1,0,0,0,0.0,0.5
unforgivable,1,0,0,0,0.0,0.5
unforgiven,1,0,0,0,0.0,0.5
unfreedom,1,0,0,0,0.0,0.5
unfriended,1,1,0,0,1.0,0.8
unfriended dark web,1,0,0,0,0.0,0.5
unicorn store,1,0,0,0,0.0,0.5
unicorn wars,1,0,0,0,0.0,0.5
union square,2,0,0,0,0.0,0.5
united 93,1,0,0,0,0.0,0.5
united passions,1,0,0,0,0.0,0.5
universal soldier,1,0,0,0,0.0,0.5
universal soldier day of reckoning,1,0,0,0,0.0,0.5
unknown,2,0,0,0,0.0,0.5
unknown pleasures,1,0,0,0,0.0,0.5
unknown white male,1,0,0,0,0.0,0.5
unlawful entry,1,0,0,0,0.0,0.5
unleashed,1,0,0,0,0.0,0.5
unlocked,1,0,0,0,0.0,0.5
unlocking the cage,1,0,0,0,0.0,0.5
unlovable,1,0,0,0,0.0,0.5
unmade in china,1,0,0,0,0.0,0.5
unmistaken child,1,0,0,0,0.0,0.5
unplanned,1,0,0,0,0.0,0.5
unpregnant,1,1,0,0,1.0,0.8
unrelated,1,0,0,0,0.0,0.5
unrest,1,0,0,0,0.0,0.5
unsane,1,0,0,0,0.0,0.5
unstrung heroes,1,0,0,0,0.0,0.5
untamed heart,1,0,0,0,0.0,0.5
until the end of the world,1,0,0,0,0.0,0.5
until the light takes us,1,0,0,0,0.0,0.5
untitled,1,0,0,0,0.0,0.5
untogether,1,0,0,0,0.0,0.5
untouchable,1,0,0,0,0.0,0.5
untraceable,1,0,0,0,0.0,0.5
up,1,1,0,0,1.0,1.0
up and down,1,0,0,0,0.0,0.5
up at the villa,1,0,0,0,0.0,0.5
up for grabs,1,0,0,0,0.0,0.5
up in smoke,1,0,0,0,0.0,0.5
up in the air,1,0,0,0,0.0,0.5
up the yangtze,1,0,0,0,0.0,0.5
uppercase print,1,0,0,0,0.0,0.5
uprising,1,0,0,0,0.0,0.5
upside down,1,0,0,0,0.0,0.5
upstream color,1,0,0,0,0.0,0.5
uptown girls,1,0,0,0,0.0,0.5
urban cowboy,1,0,0,0,0.0,0.5
urban hymn,1,0,0,0,0.0,0.5
urban legend,1,0,0,0,0.0,0.5
urban legends final cut,1,0,0,0,0.0,0.5
urbania,1,0,0,0,0.0,0.5
us,2,2,0,0,1.0,0.8
us and them,1,0,0,0,0.0,0.5
us kids,1,0,0,0,0.0,0.5
us marshals,1,0,0,0,0.0,0.5
used cars,1,0,0,0,0.0,0.5
ushpizin,1,0,0,0,0.0,0.5
uss indianapolis men of courage,1,0,0,0,0.0,0.5
utama,1,0,0,0,0.0,0.5
utoya july 22,1,0,0,0,0.0,0.5
v for vendetta,1,1,0,0,1.0,0.9
va savoir who knows,1,0,0,0,0.0,0.5
vacation,1,0,0,0,0.0,0.5
vacation friends,1,0,0,0,0.0,0.5
vajra sky over tibet,1,0,0,0,0.0,0.5
val,1,0,0,0,0.0,0.5
valentin,1,0,0,0,0.0,0.5
valentine,1,0,0,0,0.0,0.5
valentines day,1,0,0,0,0.0,0.5
valentino the last emperor,1,0,0,0,0.0,0.5
valiant,1,0,0,0,0.0,0.5
valley girl,2,0,0,0,0.0,0.5
valley of love,1,0,0,0,0.0,0.5
valley of tears,1,0,0,0,0.0,0.5
valmont,1,0,0,0,0.0,0.5
vampire academy,1,0,0,0,0.0,0.5
vampire in brooklyn,1,0,0,0,0.0,0.5
vampires,1,0,0,0,0.0,0.5
vampires kiss,1,0,0,0,0.0,0.5
vampires suck,1,0,0,0,0.0,0.5
vamps,1,0,0,0,0.0,0.5
van helsing,1,0,0,0,0.0,0.5
van wilder,1,0,0,0,0.0,0.5
van wilder 2 the rise of taj,1,0,0,0,0.0,0.5
vanguard,1,0,0,0,0.0,0.5
vanilla sky,1,0,0,0,0.0,0.5
vanishing on 7th street,1,0,0,0,0.0,0.5
vanishing point,1,0,0,0,0.0,0.5
vanity fair,1,0,0,0,0.0,0.5
vanquish,1,0,0,0,0.0,0.5
vantage point,1,0,0,0,0.0,0.5
varda by agnès,1,0,0,0,0.0,0.5
variety lights,1,0,0,0,0.0,0.5
varsity blues,1,0,0,0,0.0,0.5
vatel,1,0,0,0,0.0,0.5
vazante,1,0,0,0,0.0,0.5
vegas vacation,1,0,0,0,0.0,0.5
vehicle 19,1,0,0,0,0.0,0.5
velvet buzzsaw,1,0,1,0,0.0,0.5
velvet goldmine,1,1,0,0,1.0,0.9
vengeance,1,0,1,0,0.0,0.6
vengeance is mine,1,0,0,0,0.0,0.5
vengo,1,0,0,0,0.0,0.5
venom,6,0,2,4,0.0,0.5
venom let there be carnage,4,2,2,0,0.5,0.75
venus,1,0,0,0,0.0,0.5
venus boyz,1,0,0,0,0.0,0.5
vera drake,1,0,0,0,0.0,0.5
veronica guerin,1,0,0,0,0.0,0.5
veronica mars,1,0,0,0,0.0,0.5
vertical limit,1,0,0,0,0.0,0.5
vertigo,1,1,0,0,1.0,1.0
very annie mary,1,0,0,0,0.0,0.5
very bad things,1,0,0,0,0.0,0.5
very semiserious,1,0,0,0,0.0,0.5
vesper,1,0,0,0,0.0,0.5
vfw,1,0,0,0,0.0,0.5
vhs,1,0,0,0,0.0,0.5
vhs viral,1,0,0,0,0.0,0.5
vhyes,1,0,0,0,0.0,0.5
vice,2,0,0,2,0.0,0.4
vice versa,1,0,0,0,0.0,0.5
viceroys house,1,0,0,0,0.0,0.5
vicky cristina barcelona,1,0,0,0,0.0,0.5
victim,1,0,0,0,0.0,0.5
victor frankenstein,1,0,0,0,0.0,0.5
victor victoria,1,0,0,0,0.0,0.5
victoria and abdul,1,0,0,0,0.0,0.5
victory,1,0,0,0,0.0,0.5
vidal sassoon the movie,1,0,0,0,0.0,0.5
videocracy,1,0,0,0,0.0,0.5
videodrome,3,2,1,0,0.6666666666666666,0.8666666666666666
view from the top,1,0,0,0,0.0,0.5
viktoria,1,0,0,0,0.0,0.5
village of the damned,1,0,0,0,0.0,0.5
villains,1,0,0,0,0.0,0.5
vincent wants to sea,1,0,0,0,0.0,0.5
vincere,1,0,0,0,0.0,0.5
viola,1,0,0,0,0.0,0.5
violation,1,0,0,0,0.0,0.5
violent night,1,0,1,0,0.0,0.7
violet,1,0,0,0,0.0,0.5
violet  daisy,1,0,0,0,0.0,0.5
violeta went to heaven,1,0,0,0,0.0,0.5
violette,1,0,0,0,0.0,0.5
viper club,1,0,0,0,0.0,0.5
viral antisemitism in four mutations,1,0,0,0,0.0,0.5
virgil bliss,1,0,0,0,0.0,0.5
virgin,1,0,0,0,0.0,0.5
virginia,1,0,0,0,0.0,0.5
virtual jfk vietnam if kennedy had lived,1,0,0,0,0.0,0.5
virtuosity,1,0,0,0,0.0,0.5
virus,1,0,0,0,0.0,0.5
vision from the life of hildegard von bingen,1,0,0,0,0.0,0.5
vision portraits,1,0,0,0,0.0,0.5
vision quest,1,0,0,0,0.0,0.5
visitors,1,0,0,0,0.0,0.5
visual acoustics,1,0,0,0,0.0,0.5
vita  virginia,1,0,0,0,0.0,0.5
vita activa the spirit of hannah arendt,1,0,0,0,0.0,0.5
vitalina varela,1,0,0,0,0.0,0.5
vitus,1,0,0,0,0.0,0.5
vivarium,1,0,1,0,0.0,0.5
vivo,1,0,0,0,0.0,0.5
vixen,1,0,0,0,0.0,0.5
vodka lemon,1,0,0,0,0.0,0.5
voice from the stone,1,0,0,0,0.0,0.5
voices of iraq,1,0,0,0,0.0,0.5
volcano,1,0,0,0,0.0,0.5
volunteers,1,0,0,0,0.0,0.5
volver,1,1,0,0,1.0,0.8
vortex,1,0,0,0,0.0,0.5
vox lux,1,0,0,0,0.0,0.5
voyage of the damned,1,0,0,0,0.0,0.5
voyage of time lifes journey,1,0,0,0,0.0,0.5
voyagers,1,0,0,0,0.0,0.5
voyeur,1,0,0,0,0.0,0.5
vulgar,1,0,0,0,0.0,0.5
vénus beauté institut,1,0,0,0,0.0,0.5
w,1,0,0,0,0.0,0.5
wadd the life  times of john c holmes,1,0,0,0,0.0,0.5
wadjda,1,0,0,0,0.0,0.5
wag the dog,1,0,0,0,0.0,0.5
waga jinsei saiaku no toki,1,0,0,0,0.0,0.5
wagner  me,1,0,0,0,0.0,0.5
wah do dem,1,0,0,0,0.0,0.5
wait until dark,1,0,0,0,0.0,0.5
waiting,1,0,0,0,0.0,0.5
waiting for armageddon,1,0,0,0,0.0,0.5
waiting for forever,1,0,0,0,0.0,0.5
waiting for guffman,1,0,0,0,0.0,0.5
waiting for lightning,1,0,0,0,0.0,0.5
waiting for superman,1,0,0,0,0.0,0.5
waiting for the barbarians,1,0,0,0,0.0,0.5
waitress,1,0,0,0,0.0,0.5
wakefield,1,0,0,0,0.0,0.5
waking life,1,0,0,0,0.0,0.5
waking ned devine,1,0,0,0,0.0,0.5
waking sleeping beauty,1,0,0,0,0.0,0.5
waking the dead,1,0,0,0,0.0,0.5
waking up in reno,1,0,0,0,0.0,0.5
walk away renee,1,0,0,0,0.0,0.5
walk hard the dewey cox story,1,0,0,0,0.0,0.5
walk of shame,1,0,0,0,0.0,0.5
walk on water,1,0,0,0,0.0,0.5
walk the line,1,0,0,0,0.0,0.5
walkabout,1,0,0,0,0.0,0.5
walking and talking,1,0,0,0,0.0,0.5
walking on the sky,1,0,0,0,0.0,0.5
walking on water,1,0,0,0,0.0,0.5
walking out,1,0,0,0,0.0,0.5
walking tall,2,0,0,0,0.0,0.5
wall street,1,0,0,0,0.0,0.5
wall street money never sleeps,1,0,0,0,0.0,0.5
walle,1,0,0,0,0.0,0.5
wallâe,1,1,0,0,1.0,0.9
walmart the high cost of low price,1,0,0,0,0.0,0.5
walt  el grupo,1,0,0,0,0.0,0.5
waltz with bashir,1,0,0,0,0.0,0.5
wandavision,4,2,1,1,0.5,0.7
wander darkly,1,0,0,0,0.0,0.5
wanderlust,1,0,0,0,0.0,0.5
wanted,1,0,0,0,0.0,0.5
war,1,0,0,0,0.0,0.5
war dance,1,0,0,0,0.0,0.5
war dogs,1,0,0,0,0.0,0.5
war for the planet of the apes,1,0,0,0,0.0,0.5
war horse,1,0,0,0,0.0,0.5
war inc,1,0,0,0,0.0,0.5
war machine,1,0,0,0,0.0,0.5
war of the buttons,1,0,0,0,0.0,0.5
war of the worlds,1,0,0,0,0.0,0.5
war of the worlds goliath,1,0,0,0,0.0,0.5
war on everyone,1,0,0,0,0.0,0.5
war room,1,0,0,0,0.0,0.5
war story,1,0,0,0,0.0,0.5
war witch,1,0,0,0,0.0,0.5
warcraft,1,0,0,0,0.0,0.5
warlords,1,0,0,0,0.0,0.5
warm bodies,1,0,0,0,0.0,0.5
warm water under a red bridge,1,0,0,0,0.0,0.5
warrior,1,0,0,0,0.0,0.5
warriors of heaven and earth,1,0,0,0,0.0,0.5
warriors of the rainbow seediq bale,1,0,0,0,0.0,0.5
wasabi,1,0,0,0,0.0,0.5
washington heights,1,0,0,0,0.0,0.5
waste land,1,0,0,0,0.0,0.5
wasteland,1,0,0,0,0.0,0.5
watcher,1,0,0,0,0.0,0.5
watching tv with the red chinese,1,0,0,0,0.0,0.5
watchmen,1,0,0,0,0.0,0.5
water,1,0,0,0,0.0,0.5
water for elephants,1,0,0,0,0.0,0.5
water lilies,1,0,1,0,0.0,0.7
watergate,1,0,0,0,0.0,0.5
watermark,1,0,0,0,0.0,0.5
watermarks,1,0,0,0,0.0,0.5
watermelon man,1,0,0,0,0.0,0.5
waterworld,1,0,0,0,0.0,0.5
wattstax rereleased,1,0,0,0,0.0,0.5
waves,1,0,1,0,0.0,0.7
waydowntown,1,0,0,0,0.0,0.5
waynes world,1,0,0,0,0.0,0.5
waynes world 2,1,0,0,0,0.0,0.5
we,1,0,0,0,0.0,0.5
we are freestyle love supreme,1,0,0,0,0.0,0.5
we are little zombies,1,0,0,0,0.0,0.5
we are marshall,1,0,0,0,0.0,0.5
we are still here,1,0,0,0,0.0,0.5
we are the best,1,0,0,0,0.0,0.5
we are the flesh,1,0,0,0,0.0,0.5
we are the giant,1,0,0,0,0.0,0.5
we are what we are,2,0,0,0,0.0,0.5
we are wizards,1,0,0,0,0.0,0.5
we are your friends,1,0,0,0,0.0,0.5
we bought a zoo,1,0,0,0,0.0,0.5
we broke up,1,0,0,0,0.0,0.5
we can be heroes,1,0,0,0,0.0,0.5
we come as friends,1,0,0,0,0.0,0.5
we dont live here anymore,1,0,0,0,0.0,0.5
we feed people,1,0,0,0,0.0,0.5
we have a ghost,1,0,0,0,0.0,0.5
we have a pope,1,0,0,0,0.0,0.5
we have always lived in the castle,1,0,0,0,0.0,0.5
we jam econo the story of the minutemen,1,0,0,0,0.0,0.5
we met in virtual reality,1,0,0,0,0.0,0.5
we need to do something,1,0,0,0,0.0,0.5
we need to talk about kevin,3,2,1,0,0.6666666666666666,0.7333333333333333
we own the night,1,0,0,0,0.0,0.5
we steal secrets the story of wikileaks,1,0,0,0,0.0,0.5
we summon the darkness,1,0,0,0,0.0,0.5
we the animals,1,0,0,0,0.0,0.5
we the party,1,0,0,0,0.0,0.5
we were soldiers,1,0,0,0,0.0,0.5
weathering with you,1,0,0,0,0.0,0.5
wedding crashers,1,0,0,0,0.0,0.5
wedding doll,1,0,0,0,0.0,0.5
wedding palace,1,0,0,0,0.0,0.5
weekend,1,0,0,0,0.0,0.5
weekend at bernies ii,1,0,0,0,0.0,0.5
weekend of a champion,1,0,0,0,0.0,0.5
weiner,1,0,0,0,0.0,0.5
weird the al yankovic story,4,2,1,0,0.5,0.8
welcome,1,0,0,0,0.0,0.5
welcome home roscoe jenkins,1,0,0,0,0.0,0.5
welcome home roxy carmichael,1,0,0,0,0.0,0.5
welcome to chechnya,1,0,0,0,0.0,0.5
welcome to collinwood,1,0,0,0,0.0,0.5
welcome to marwen,1,0,0,0,0.0,0.5
welcome to me,1,0,0,0,0.0,0.5
welcome to mooseport,1,0,0,0,0.0,0.5
welcome to new york,1,0,0,0,0.0,0.5
welcome to pine hill,1,0,0,0,0.0,0.5
welcome to sarajevo,1,0,0,0,0.0,0.5
welcome to the dollhouse,1,0,0,0,0.0,0.5
welcome to the jungle,1,0,0,0,0.0,0.5
welcome to the punch,1,0,0,0,0.0,0.5
welcome to the rileys,1,0,0,0,0.0,0.5
well never have paris,1,0,0,0,0.0,0.5
wendell  wild,3,0,2,0,0.0,0.7
wendigo,1,0,0,0,0.0,0.5
wendy,1,0,0,0,0.0,0.5
wendy and lucy,1,0,0,0,0.0,0.5
went to coney island on a mission from god be back by five,1,0,0,0,0.0,0.5
werckmeister harmonies,1,0,0,0,0.0,0.5
were all going to the worlds fair,1,0,0,0,0.0,0.5
were no angels,2,0,0,0,0.0,0.5
were the millers,1,0,0,0,0.0,0.5
werewolf,1,0,0,0,0.0,0.5
werewolf by night,3,1,1,0,0.3333333333333333,0.75
werewolves within,1,0,0,0,0.0,0.5
wes cravens new nightmare,1,0,0,0,0.0,0.5
west of memphis,1,0,0,0,0.0,0.5
west of sunshine,1,0,0,0,0.0,0.5
west of the jordan river,1,0,0,0,0.0,0.5
west side story,15,12,1,0,0.8,0.8846153846153847
western,2,0,0,0,0.0,0.5
western stars,1,0,0,0,0.0,0.5
westwood punk icon activist,1,0,0,0,0.0,0.5
wet hot american summer,1,0,0,0,0.0,0.5
wet season,1,0,0,0,0.0,0.5
wework or the making and breaking of a 47 billion unicorn,1,0,0,0,0.0,0.5
weâre all going to the worldâs fair,2,2,0,0,1.0,0.85
whale rider,1,0,0,0,0.0,0.5
what a girl wants,1,0,0,0,0.0,0.5
what about bob,1,0,0,0,0.0,0.5
what alice found,1,0,0,0,0.0,0.5
what did jack do,1,0,0,0,0.0,0.5
what do we see when we look at the sky,1,0,0,0,0.0,0.5
what doesnt kill you,1,0,0,0,0.0,0.5
what dreams may come,1,0,0,0,0.0,0.5
what ever happened to baby jane,1,0,0,0,0.0,0.5
what happened miss simone,1,0,0,0,0.0,0.5
what happened to monday,1,0,0,0,0.0,0.5
what happens in vegas,1,0,0,0,0.0,0.5
what if,1,0,0,0,0.0,0.5
what is democracy,1,0,0,0,0.0,0.5
what josiah saw,1,0,0,0,0.0,0.5
what keeps you alive,1,0,0,0,0.0,0.5
what lies beneath,1,0,0,0,0.0,0.5
what love is,1,0,0,0,0.0,0.5
what maisie knew,1,0,0,0,0.0,0.5
what men want,1,0,0,0,0.0,0.5
what our fathers did a nazi legacy,1,0,0,0,0.0,0.5
what planet are you from,1,0,0,0,0.0,0.5
what richard did,1,0,0,0,0.0,0.5
what the  do we know,1,0,0,0,0.0,0.5
what the bleep down the rabbit hole,1,0,0,0,0.0,0.5
what the constitution means to me,1,0,0,0,0.0,0.5
what they had,1,0,0,0,0.0,0.5
what time is it over there,1,0,0,0,0.0,0.5
what to do in case of fire,1,0,0,0,0.0,0.5
what to expect when youre expecting,1,0,0,0,0.0,0.5
what we become,1,0,0,0,0.0,0.5
what we do in the shadows,7,7,0,0,1.0,0.9285714285714286
what we do is secret,1,0,0,0,0.0,0.5
what will people say,1,0,0,0,0.0,0.5
what women want,1,0,0,0,0.0,0.5
what you gonna do when the worlds on fire,1,0,0,0,0.0,0.5
whatever it takes,1,0,0,0,0.0,0.5
whatever works,1,0,0,0,0.0,0.5
whats cooking,1,0,0,0,0.0,0.5
whats love got to do with it,2,0,0,0,0.0,0.5
whats the matter with kansas,1,0,0,0,0.0,0.5
whats up tiger lily,1,0,0,0,0.0,0.5
whats your number,1,0,0,0,0.0,0.5
wheel of fortune and fantasy,1,0,0,0,0.0,0.5
when a stranger calls,2,0,0,0,0.0,0.5
when animals dream,1,0,0,0,0.0,0.5
when brendan met trudy,1,0,0,0,0.0,0.5
when do we eat,1,0,0,0,0.0,0.5
when evening falls on bucharest or metabolism,1,0,0,0,0.0,0.5
when harry met sally,1,0,0,0,0.0,0.5
when harry met sallyâ,11,8,0,0,0.7272727272727273,0.925
when i saw you,1,0,0,0,0.0,0.5
when in rome,1,0,0,0,0.0,0.5
when lambs become lions,1,0,0,0,0.0,0.5
when marnie was there,1,1,0,0,1.0,0.8
when the bough breaks,1,0,0,0,0.0,0.5
when the levees broke a requiem in four acts,1,0,0,0,0.0,0.5
when the road bends tales of a gypsy caravan,1,0,0,0,0.0,0.5
when the sea rises,1,0,0,0,0.0,0.5
when two worlds collide,1,0,0,0,0.0,0.5
when we leave,1,0,0,0,0.0,0.5
when we were kings,1,0,0,0,0.0,0.5
when will i be loved,1,0,0,0,0.0,0.5
when you finish saving the world,1,0,0,0,0.0,0.5
when youre strange,1,0,0,0,0.0,0.5
where do we go now,1,0,0,0,0.0,0.5
where eagles dare,1,0,0,0,0.0,0.5
where hope grows,1,0,0,0,0.0,0.5
where is kyra,1,0,0,0,0.0,0.5
where soldiers come from,1,0,0,0,0.0,0.5
where the boys are,1,0,0,0,0.0,0.5
where the crawdads sing,7,0,5,2,0.0,0.5714285714285714
where the day takes you,1,0,0,0,0.0,0.5
where the money is,1,0,0,0,0.0,0.5
where the truth lies,1,0,0,0,0.0,0.5
where the wild things are,1,0,0,0,0.0,0.5
where to invade next,1,0,0,0,0.0,0.5
whered you go bernadette,1,0,0,0,0.0,0.5
wheres marlowe,1,0,0,0,0.0,0.5
wheres my roy cohn,1,0,0,0,0.0,0.5
wheres the party yaar,1,0,0,0,0.0,0.5
which way is the front line from here the life and time of tim hetherington,1,0,0,0,0.0,0.5
while you were sleeping,1,0,0,0,0.0,0.5
whip it,1,0,0,0,0.0,0.5
whiplash,18,17,0,0,0.9444444444444444,0.9705882352941175
whipped,1,0,0,0,0.0,0.5
whiskey tango foxtrot,1,0,0,0,0.0,0.5
whisky,1,0,0,0,0.0,0.5
whisky galore,1,0,0,0,0.0,0.5
whisper of the heart,1,1,0,0,1.0,0.8
white bird in a blizzard,1,0,0,0,0.0,0.5
white boy rick,1,0,0,0,0.0,0.5
white chicks,1,1,0,0,1.0,1.0
white christmas,1,0,0,0,0.0,0.5
white elephant,1,0,0,0,0.0,0.5
white girl,1,0,0,0,0.0,0.5
white god,1,0,0,0,0.0,0.5
white hot the rise  fall of abercrombie  fitch,1,0,0,0,0.0,0.5
white house down,1,0,0,0,0.0,0.5
white irish drinkers,1,0,0,0,0.0,0.5
white material,1,0,0,0,0.0,0.5
white men cant jump,1,0,0,0,0.0,0.5
white nights,1,0,0,0,0.0,0.5
white noise,6,2,4,0,0.3333333333333333,0.6666666666666667
white oleander,1,0,0,0,0.0,0.5
white on rice,1,0,0,0,0.0,0.5
white palace,1,0,0,0,0.0,0.5
white reindeer,1,0,0,0,0.0,0.5
white riot,1,0,0,0,0.0,0.5
white sands,1,0,0,0,0.0,0.5
white squall,1,0,0,0,0.0,0.5
white sun,1,0,0,0,0.0,0.5
white wedding,1,0,0,0,0.0,0.5
whiteboyz,1,0,0,0,0.0,0.5
whiteout,1,0,0,0,0.0,0.5
whitey united states of america v james j bulger,1,0,0,0,0.0,0.5
whitney,1,0,0,0,0.0,0.5
whitney houston i wanna dance with somebody,1,0,0,0,0.0,0.5
who gets to call it art,1,0,0,0,0.0,0.5
who is cletis tout,1,0,0,0,0.0,0.5
who is harry nilsson and why is everybody talkin about him,1,0,0,0,0.0,0.5
who killed bambi,1,0,0,0,0.0,0.5
who killed nancy,1,0,0,0,0.0,0.5
who killed the electric car,1,0,0,0,0.0,0.5
who the  is jackson pollock,1,0,0,0,0.0,0.5
who we are a chronicle of racism in america,1,0,0,0,0.0,0.5
who we are now,1,0,0,0,0.0,0.5
who you think i am,1,0,0,0,0.0,0.5
wholl stop the rain,1,0,0,0,0.0,0.5
whores glory,1,0,0,0,0.0,0.5
whos afraid of virginia woolf,1,0,0,0,0.0,0.5
whos harry crumb,1,0,0,0,0.0,0.5
whos that girl,1,0,0,0,0.0,0.5
whos that knocking at my door,1,0,0,0,0.0,0.5
whos your caddy,1,0,0,0,0.0,0.5
whose streets,1,0,0,0,0.0,0.5
why did i get married,1,0,0,0,0.0,0.5
why did i get married too,1,0,0,0,0.0,0.5
why dont you just die,1,0,0,0,0.0,0.5
why dont you play in hell,1,0,0,0,0.0,0.5
why him,1,0,0,0,0.0,0.5
why stop now,1,0,0,0,0.0,0.5
why we fight,1,0,0,0,0.0,0.5
wicker park,1,0,0,0,0.0,0.5
widows,1,1,0,0,1.0,0.8
wienerdog,1,0,0,0,0.0,0.5
wife of a spy,1,0,0,0,0.0,0.5
wilbur wants to kill himself,1,0,0,0,0.0,0.5
wild,1,0,0,0,0.0,0.5
wild at heart,1,0,0,0,0.0,0.5
wild canaries,1,0,0,0,0.0,0.5
wild card,1,0,0,0,0.0,0.5
wild grass,1,0,0,0,0.0,0.5
wild horses,1,0,0,0,0.0,0.5
wild indian,1,0,0,0,0.0,0.5
wild men,1,0,0,0,0.0,0.5
wild mountain thyme,1,0,0,0,0.0,0.5
wild nights with emily,1,0,0,0,0.0,0.5
wild reeds,1,0,0,0,0.0,0.5
wild rose,1,0,0,0,0.0,0.5
wild side,1,0,0,0,0.0,0.5
wild strawberries,1,0,0,0,0.0,0.5
wild target,1,0,0,0,0.0,0.5
wild things,1,0,0,0,0.0,0.5
wild west comedy show 30 days  30 nights  hollywood to the heartland,1,0,0,0,0.0,0.5
wild wild west,1,0,0,0,0.0,0.5
wildcat,1,0,0,0,0.0,0.5
wildcats,1,0,0,0,0.0,0.5
wilde,1,0,0,0,0.0,0.5
wildflowers,1,0,0,0,0.0,0.5
wildhood,1,0,0,0,0.0,0.5
wildlife,1,0,0,0,0.0,0.5
wildling,1,0,0,0,0.0,0.5
willard,1,0,0,0,0.0,0.5
william s burroughs a man within,1,0,0,0,0.0,0.5
willow,1,0,0,0,0.0,0.5
willow creek,1,0,0,0,0.0,0.5
willy wonka  the chocolate factory,1,0,0,0,0.0,0.5
willys wonderland,1,0,0,0,0.0,0.5
wilson,1,0,0,0,0.0,0.5
win a date with tad hamilton,1,0,0,0,0.0,0.5
win it all,1,0,0,0,0.0,0.5
win win,1,0,0,0,0.0,0.5
winchester,1,0,0,0,0.0,0.5
wind,1,0,0,0,0.0,0.5
wind chill,1,0,0,0,0.0,0.5
wind river,1,0,0,0,0.0,0.5
windfall,1,0,0,0,0.0,0.5
windtalkers,1,0,0,0,0.0,0.5
wine country,1,0,0,0,0.0,0.5
wing commander space will never be the same,1,0,0,0,0.0,0.5
winged migration,1,0,0,0,0.0,0.5
wings of desire,1,0,0,0,0.0,0.5
winnebago man,1,0,0,0,0.0,0.5
winnie mandela,1,0,0,0,0.0,0.5
winnie the pooh,1,0,0,0,0.0,0.5
winniethepooh blood and honey,1,0,0,0,0.0,0.5
winter in the blood,1,0,0,0,0.0,0.5
winter in wartime,1,0,0,0,0.0,0.5
winter on fire ukraines fight for freedom,1,0,0,0,0.0,0.5
winter sleepers,1,0,0,0,0.0,0.5
winters bone,1,0,0,0,0.0,0.5
wisdom,1,0,0,0,0.0,0.5
wise blood,1,0,0,0,0.0,0.5
wise guys,1,0,0,0,0.0,0.5
wish i was here,1,0,0,0,0.0,0.5
wish me away,1,0,0,0,0.0,0.5
wish upon,1,0,0,0,0.0,0.5
wish you were here,1,0,0,0,0.0,0.5
witching and bitching,1,0,0,0,0.0,0.5
with all deliberate speed,1,0,0,0,0.0,0.5
with friends like these,1,0,0,0,0.0,0.5
with god on our side george w bush and the rise of the religious right in america,1,0,0,0,0.0,0.5
withnail  i,1,0,0,0,0.0,0.5
without a paddle,1,0,0,0,0.0,0.5
without a trace,1,0,0,0,0.0,0.5
without limits,1,0,0,0,0.0,0.5
without the king,1,0,0,0,0.0,0.5
witness,1,0,0,0,0.0,0.5
wmd weapons of mass deception,1,0,0,0,0.0,0.5
wojnarowicz,1,0,0,0,0.0,0.5
wolf creek,1,0,0,0,0.0,0.5
wolf creek 2,1,0,0,0,0.0,0.5
wolf totem,1,0,0,0,0.0,0.5
wolfen,1,0,0,0,0.0,0.5
wolfgang,1,0,0,0,0.0,0.5
wolfwalkers,1,0,0,0,0.0,0.5
wolves,2,0,0,0,0.0,0.5
woman at war,1,0,0,0,0.0,0.5
woman in gold,1,0,0,0,0.0,0.5
woman is the future of man,1,0,0,0,0.0,0.5
woman on the beach,1,0,0,0,0.0,0.5
woman on top,1,0,0,0,0.0,0.5
woman thou art loosed,1,0,0,0,0.0,0.5
woman walks ahead,1,0,0,0,0.0,0.5
women art revolution,1,0,0,0,0.0,0.5
women in trouble,1,0,0,0,0.0,0.5
women on the verge of a nervous breakdown,1,0,0,0,0.0,0.5
women talking,6,5,1,0,0.8333333333333334,0.8166666666666667
women without men,1,0,0,0,0.0,0.5
wonder,1,0,0,0,0.0,0.5
wonder boys,1,0,0,0,0.0,0.5
wonder park,1,0,0,0,0.0,0.5
wonder wheel,1,0,0,0,0.0,0.5
wonder woman,1,0,0,0,0.0,0.5
wonder woman 1984,5,0,2,2,0.0,0.45
wonderful world,1,0,0,0,0.0,0.5
wonderland,2,0,0,0,0.0,0.5
wonderstruck,1,0,0,0,0.0,0.5
wondrous oblivion,1,0,0,0,0.0,0.5
woodlands dark and days bewitched a history of folk horror,1,0,0,0,0.0,0.5
woodshock,1,0,0,0,0.0,0.5
woodstock,1,0,0,0,0.0,0.5
woodstock 99 peace love and rage,1,0,0,0,0.0,0.5
woodstock three days that defined a generation,1,0,0,0,0.0,0.5
word wars,1,0,0,0,0.0,0.5
wordplay,1,0,0,0,0.0,0.5
words and pictures,1,0,0,0,0.0,0.5
words on bathroom walls,1,0,0,0,0.0,0.5
work it,1,0,0,0,0.0,0.5
working girl,1,0,0,0,0.0,0.5
working girls,1,0,0,0,0.0,0.5
working woman,1,0,0,0,0.0,0.5
world on a wire,1,0,0,0,0.0,0.5
world trade center,1,0,0,0,0.0,0.5
world traveler,1,0,0,0,0.0,0.5
world war z,1,0,0,0,0.0,0.5
worlds greatest dad,1,0,0,0,0.0,0.5
would you rather,1,0,0,0,0.0,0.5
wounds,1,0,0,0,0.0,0.5
wrath of man,1,0,0,0,0.0,0.5
wreckit ralph,1,0,0,0,0.0,0.5
wrestle,1,0,0,0,0.0,0.5
wrinkles the clown,1,0,0,0,0.0,0.5
wristcutters a love story,1,0,0,0,0.0,0.5
writer of o,1,0,0,0,0.0,0.5
writing with fire,1,0,0,0,0.0,0.5
written on the wind,1,0,0,0,0.0,0.5
wrong cops,1,0,0,0,0.0,0.5
wrong is right,1,0,0,0,0.0,0.5
wrong turn,2,0,0,0,0.0,0.5
wuthering heights,1,0,0,0,0.0,0.5
wxiii patlabor the movie 3,1,0,0,0,0.0,0.5
wyatt earp,1,0,0,0,0.0,0.5
wyrmwood road of the dead,1,0,0,0,0.0,0.5
x,44,24,16,2,0.5454545454545454,0.7523809523809524
x games 3d the movie,1,0,0,0,0.0,0.5
x2 xmen united,1,0,0,0,0.0,0.5
xanadu,1,0,0,0,0.0,0.5
xmen,1,0,0,0,0.0,0.5
xmen apocalypse,1,0,0,0,0.0,0.5
xmen days of future past,1,0,0,0,0.0,0.5
xmen first class,1,1,0,0,1.0,0.8
xmen origins wolverine,1,0,0,0,0.0,0.5
xmen the last stand,1,0,0,0,0.0,0.5
xxx,1,0,0,0,0.0,0.5
xxx return of xander cage,1,0,0,0,0.0,0.5
xxxy,1,0,0,0,0.0,0.5
xxy,1,0,0,0,0.0,0.5
xy chelsea,1,0,0,0,0.0,0.5
y tu mamá también,1,0,0,0,0.0,0.5
y tu mamã tambiãn,1,0,1,0,0.0,0.7
ya lyublyu tebya,1,0,0,0,0.0,0.5
yakuza apocalypse,1,0,0,0,0.0,0.5
yakuza princess,1,0,0,0,0.0,0.5
yalda a night for forgivness,1,0,0,0,0.0,0.5
yang ban xi the 8 modelworks,1,0,0,0,0.0,0.5
yankee doodle dandy,1,0,0,0,0.0,0.5
yanks,1,0,0,0,0.0,0.5
yardie,1,0,0,0,0.0,0.5
year by the sea,1,0,0,0,0.0,0.5
year of the dog,1,0,0,0,0.0,0.5
year of the dragon,1,0,0,0,0.0,0.5
year of the fish,1,0,0,0,0.0,0.5
year of the horse,1,0,0,0,0.0,0.5
year one,1,0,0,0,0.0,0.5
yelling to the sky,1,0,0,0,0.0,0.5
yellow rose,1,0,0,0,0.0,0.5
yellow submarine,1,0,0,0,0.0,0.5
yellowbeard,1,0,0,0,0.0,0.5
yentl,1,0,0,0,0.0,0.5
yes,1,0,0,0,0.0,0.5
yes day,1,0,0,0,0.0,0.5
yes god yes,1,1,0,0,1.0,0.8
yes nurse no nurse,1,0,0,0,0.0,0.5
yesterday,2,0,1,0,0.0,0.7
yi yi,1,0,0,0,0.0,0.5
yoga hosers,1,0,0,0,0.0,0.5
yogi bear,1,0,0,0,0.0,0.5
yojimbo,1,0,0,0,0.0,0.5
yomeddine,1,0,0,0,0.0,0.5
yoohoo mrs goldberg,1,0,0,0,0.0,0.5
yosemite,1,0,0,0,0.0,0.5
yossi  jagger,1,0,0,0,0.0,0.5
you again,1,0,0,0,0.0,0.5
you aint seen nothin yet,1,0,0,0,0.0,0.5
you are not my mother,1,0,0,0,0.0,0.5
you cannot kill david arquette,1,0,0,0,0.0,0.5
you dont mess with the zohan,1,0,0,0,0.0,0.5
you dont nomi,1,0,0,0,0.0,0.5
you got served,1,0,0,0,0.0,0.5
you hurt my feelings,1,0,0,0,0.0,0.5
you kill me,1,0,0,0,0.0,0.5
you me and dupree,1,0,0,0,0.0,0.5
you only live twice,1,0,0,0,0.0,0.5
you people,1,0,1,0,0.0,0.5
you resemble me,1,0,0,0,0.0,0.5
you should have left,1,0,0,0,0.0,0.5
you the living,1,0,0,0,0.0,0.5
you were never really here,1,1,0,0,1.0,0.9
you will be my son,1,0,0,0,0.0,0.5
you will meet a tall dark stranger,1,0,0,0,0.0,0.5
you wont be alone,1,0,0,0,0.0,0.5
you wont miss me,1,0,0,0,0.0,0.5
young adult,1,0,0,0,0.0,0.5
young ahmed,1,0,0,0,0.0,0.5
young bodies heal quickly,1,0,0,0,0.0,0.5
young goethe in love,1,0,0,0,0.0,0.5
young guns,1,0,0,0,0.0,0.5
young guns ii,1,0,0,0,0.0,0.5
young ones,1,0,0,0,0.0,0.5
young sherlock holmes,1,0,0,0,0.0,0.5
youngblood,1,0,0,0,0.0,0.5
youngheart,1,0,0,0,0.0,0.5
your friends  neighbors,1,0,0,0,0.0,0.5
your highness,1,0,0,0,0.0,0.5
your name,2,1,0,0,0.5,1.0
your place or mine,1,0,0,0,0.0,0.5
your sisters sister,1,0,0,0,0.0,0.5
youre gonna miss me,1,0,0,0,0.0,0.5
youre killing me susana,1,0,0,0,0.0,0.5
youre next,1,0,0,0,0.0,0.5
youre not you,1,0,0,0,0.0,0.5
yourself and yours,1,0,0,0,0.0,0.5
youssou ndour i bring what i love,1,0,0,0,0.0,0.5
youth,1,0,0,0,0.0,0.5
youth in oregon,1,0,0,0,0.0,0.5
youth in revolt,1,0,0,0,0.0,0.5
youth without youth,1,0,0,0,0.0,0.5
yves saint laurent,1,0,0,0,0.0,0.5
yves saint laurent 5 avenue marceau 75116 paris,1,0,0,0,0.0,0.5
z,1,0,0,0,0.0,0.5
z for zachariah,1,0,0,0,0.0,0.5
zack and miri make a porno,1,0,0,0,0.0,0.5
zack snyderâs justice league,1,0,1,0,0.0,0.7
zama,1,0,0,0,0.0,0.5
zappa,1,0,0,0,0.0,0.5
zarafa,1,0,0,0,0.0,0.5
zardoz,1,0,0,0,0.0,0.5
zathura a space adventure,1,0,0,0,0.0,0.5
zaytoun,1,0,0,0,0.0,0.5
zebraman,1,0,0,0,0.0,0.5
zelary,1,0,0,0,0.0,0.5
zen noir,1,0,0,0,0.0,0.5
zero bridge,1,0,0,0,0.0,0.5
zero dark thirty,1,0,0,0,0.0,0.5
zero day,1,0,0,0,0.0,0.5
zero motivation,1,0,0,0,0.0,0.5
zerophilia,1,0,0,0,0.0,0.5
zeros and ones,1,0,0,0,0.0,0.5
zhantai,1,0,0,0,0.0,0.5
zheng hun qi shi,1,0,0,0,0.0,0.5
zhou yu de huo che,1,0,0,0,0.0,0.5
ziggy stardust and the spiders from mars,1,0,0,0,0.0,0.5
zigzag,1,0,0,0,0.0,0.5
zipper,1,0,0,0,0.0,0.5
zipper coney islands last wild ride,1,0,0,0,0.0,0.5
zizek,1,0,0,0,0.0,0.5
zodiac,6,6,0,0,1.0,0.9166666666666666
zoe,1,0,0,0,0.0,0.5
zola,3,1,2,0,0.3333333333333333,0.7
zombie,1,0,0,0,0.0,0.5
zombie honeymoon,1,0,0,0,0.0,0.5
zombie strippers,1,0,0,0,0.0,0.5
zombieland,1,0,0,0,0.0,0.5
zoo,1,0,0,0,0.0,0.5
zoolander,4,3,1,0,0.75,0.85
zoolander 2,1,0,0,0,0.0,0.5
zoom,2,0,0,0,0.0,0.5
zootopia,1,1,0,0,1.0,0.8
zorro the gay blade,1,0,0,0,0.0,0.5
zus  zo,1,0,0,0,0.0,0.5
à cause dun garçon,1,0,0,0,0.0,0.5
à tout de suite right now,1,0,0,0,0.0,0.5
ça commence aujourdhui,1,0,0,0,0.0,0.5
évocateur the morton downey jr movie,1,0,0,0,0.0,0.5
